"plot_id","DGR","closest_SW_distance_m","closest_SE_distance_m","log_closest_SW","log_closest_SE"
"110_4",2.01219093899895,16.7473376340928,42.4152065386032,2.81823929841929,3.74750694271862
"050_3",2.61972760874377,16.4258094617158,49.4526058870825,2.79885384545259,3.90101475409346
"066_2",2.45112499808184,15.5302437431085,49.2571315771671,2.74278933202188,3.89705416073237
"043_2",2.39619274481126,17.7024704046408,47.3898069969916,2.87370420072434,3.85840716331857
"107_2",0.696283405497572,13.9068934514544,41.2650915900933,2.63238464896245,3.72001690260097
"106_4",1.39779017230103,16.8555695709798,44.3479923345189,2.82468114051969,3.79206743906168
"106_3",1.80013112744164,15.8859949711797,41.5735536336279,2.76543790165415,3.72746423514437
"131_2",1.73160014289177,17.3625560817704,45.4815522300558,2.85431593812682,3.81730679824838
"125_3",2.76892395073423,15.9010822656873,50.8267655832096,2.76638717393409,3.92842309739033
"107_3",2.84277136186232,15.6942029385369,42.082628470403,2.75329140458491,3.73963503012894
"106_2",0.749290274230605,17.1084633593727,41.7723888888952,2.83957327436618,3.73223556837228
"070_1",2.35114665960848,16.2818076863399,89.1646588860254,2.79004839165468,4.49048476024837
"069_2",2.03046135945812,237.572368646819,99.2149600592263,5.47047228715188,4.59728880996924
"047_1",1.78129801290336,16.4427501488319,120.506379767927,2.79988465962984,4.79170269566139
"057_2",3.16386599221465,15.7436025424188,45.4469818155106,2.7564340949721,3.81654641171903
"065_6",2.79319647251633,52.6885530898064,47.8934442208843,3.96439822303196,3.86897863118553
"056_6",3.01105429367757,49.6234555063357,45.6416588908097,3.90446361522499,3.82082087163415
"077_1",3.2449903031815,17.4050193636625,119.333594020233,2.85675863379726,4.78192288225729
"031_6",3.30238587471887,91.5773634693832,45.2537258203742,4.5171841174433,3.81228500532811
"037_6",3.27599479170468,85.1978089309702,46.4277778965709,4.44497571673194,3.83789794166989
"036_2",3.01301351657228,15.0422961108403,44.2526579225978,2.71086597381345,3.78991543569745
"035_1",2.2537607715661,15.8662466900731,44.5614488958417,2.76419400310591,3.79686911070625
"043_3",2.32023843132574,17.4021442026693,49.0790412156806,2.85659342866675,3.89343208451907
"123_3",2.99349804482887,16.6087172543002,44.3408489603608,2.80992769332816,3.79190635060751
"123_2",2.843460898156,16.7531411721502,46.8681157525246,2.8185857733547,3.84733760955887
"107_1",1.32324025834012,18.4137073938151,41.1734914100229,2.91309535431989,3.71779463689882
"093_4",3.29967148553961,19.8106972079083,46.2529107774947,2.98622205483664,3.83412439770768
"125_2",2.88237661645468,19.0876586315626,50.9493788416822,2.94904198126661,3.93083256806708
"057_1",3.29994494493368,15.8694686508503,49.111883017417,2.76439705261991,3.89410102216718
"050_5",2.92790929790287,16.5214753527923,46.3960409141701,2.80466107117495,3.83721413046617
"050_6",3.49354732034226,56.7890367035672,47.470681339924,4.0393432913149,3.86011228552371
"051_4",3.13811906982206,16.6355184462813,47.5188177764617,2.81154007497705,3.86112579630345
"056_5",2.60737026749847,18.8116398774722,45.8298113119041,2.93447582066505,3.82493478138195
"065_5",3.10359758074644,17.1070229544955,47.7866953688596,2.83948907828813,3.86674726119016
"005_2",3.02202268665095,15.9564716029222,42.5420378414101,2.76986449006929,3.75049271274814
"031_5",3.06707727097193,16.377326613161,46.1811717720299,2.79589785467492,3.83257217761981
"037_1",3.72592651027652,16.5456632031268,46.1811687346678,2.8061240253769,3.83257211184923
"036_1",2.76719328265077,16.8929494510934,44.8598940841237,2.82689634263714,3.8035441680577
"036_3",3.01231264748801,15.5011786943474,44.6604219212863,2.74091606583055,3.79908769377639
"035_2",2.03417179720043,16.6171640906573,43.967732554144,2.81043614253686,3.78345601384267
"035_3",2.78046886708253,16.7759543159594,45.0549522074921,2.81994657041752,3.80788290492719
"043_4",3.10487149859462,15.5586694275303,48.1986163541667,2.74461800272434,3.87533031429943
"042_5",2.42973111904568,16.459274623114,46.6376067154391,2.80088912520823,3.84240722673419
"108_6",3.78779107227705,48.0846303386805,45.0110762160138,3.87296259047098,3.80690859761694
"100_2",1.98835820769587,16.2387225960486,45.0080883775025,2.78739867376106,3.80684221534099
"098_1",3.06211535856408,17.4339086179777,43.7975755852646,2.85841708097749,3.77957846391583
"093_5",3.87148245764895,16.8954869215477,45.5199559803428,2.82704654020361,3.81815082277769
"092_5",3.45914345565909,16.9227492011211,46.4373285190788,2.82865882331501,3.83810362974607
"088_6",4.08728184533346,54.4861222293386,74.9092839301156,3.99794603124965,4.31627783384476
"087_6",3.22144734455478,52.8334421258136,49.2496995122179,3.96714436381077,3.89690326632472
"043_5",3.06951515399188,16.9089607283298,48.4623371495895,2.82784370202298,3.88078694265278
"037_5",3.16552071878177,16.0411903281068,45.1890851857029,2.77515980966666,3.81085557948522
"031_3",2.16179037401925,16.5258349365705,45.7439596480697,2.80492491012373,3.82305975345447
"016_1",2.76625188520104,15.5560160396233,45.7484008485305,2.74444744738215,3.82315683698014
"015_6",2.8062732380459,114.387381938647,45.7345683058492,4.73959077512335,3.82285443003129
"017_4",3.11258674807172,15.6736711311551,46.610338772175,2.75198230660342,3.84182237858769
"004_5",2.54218014165338,16.1430425327189,45.4610647618009,2.7814891539188,3.81685624009909
"005_3",3.36985534741108,15.5965457105024,44.7320300321844,2.74704946092256,3.80068980054603
"051_3",3.96172880409088,16.7256724235934,47.457686432391,2.81694480990526,3.85983850208218
"049_6",3.39004354966871,54.5795338705682,46.8690978017619,3.99965897494633,3.84735856280038
"048_1",2.33062627513853,15.8405534918906,47.1743796343991,2.76257332844566,3.85385094086394
"066_3",3.30634988157674,16.0388760859422,47.085225105709,2.77501553052841,3.85195925978757
"055_6",3.52449567687977,47.0109606442107,45.5249624089449,3.85038077971793,3.81826079988999
"081_1",3.78567208791859,16.4055761049536,47.2062900996768,2.79762128344069,3.8545271485362
"087_5",3.18450675821282,17.1017814268289,47.7697865018944,2.83918263509011,3.86639335809932
"086_6",2.89720932032586,53.8392378977584,43.0483117987234,3.98600253029124,3.76232301520873
"098_3",1.60448485180773,19.2321020364128,43.1656766179142,2.95658086389263,3.76504565671612
"100_3",2.63571962555596,16.4258544496108,44.7805182138991,2.7988565843029,3.80177318354445
"049_5",3.16165180747226,16.855959302669,47.6144943599226,2.82470426208684,3.86313721824536
"048_2",1.86699473692578,17.496823485971,46.2116427007029,2.86201934936624,3.83323177284811
"055_5",1.90007875205859,19.9948295337409,46.7921424731901,2.99547371681812,3.8457152929555
"084_1",3.9752186553663,16.0881066955341,128.229242081449,2.77808028444327,4.85381961583552
"077_2",2.7369243089272,16.7415518684539,107.340430938809,2.81789376497328,4.67600538144911
"080_5",4.18596236343546,15.6264383055531,44.5733404048685,2.74896424294138,3.79713593153323
"067_3",4.26835531853868,19.3670813229735,50.5828101157317,2.96357478578534,3.92361179754219
"119_6",3.60533566554692,60.5133831028253,42.0775666034156,4.10286454888501,3.73951473889176
"113_5",3.67067309242052,14.7970039827608,80.0344762539287,2.69442472668038,4.38245749501434
"124_1",2.85962918854538,14.6110159135616,40.1548669037894,2.68177575883873,3.69274365107359
"130_3",2.4121938192833,16.3003426349564,40.3019044518617,2.79118612814126,3.69639872470608
"137_3",2.22390876436188,15.8387793802524,44.9346563560893,2.76246132408956,3.80520935350324
"138_3",2.74514347488902,16.9120122494611,46.4128538124077,2.8280241534335,3.83757644268788
"139_6",3.54173460716432,39.6100332684896,46.2054353190725,3.67908245153475,3.83309743876673
"047_2",1.41125447785262,17.4630775080223,122.145205492436,2.86008879536178,4.80521054595049
"016_6",2.72741016957463,119.601591784403,46.5906953722062,4.7841661506621,3.84140085107054
"023_1",3.09903924032833,15.9181382545876,44.2791539177723,2.76745922977046,3.79051400010983
"044_3",3.56002732704121,15.190756840477,49.2171720349028,2.72068714028266,3.89624258770282
"042_3",1.66281351993735,16.4842926620566,46.7609421241336,2.8024079676296,3.84504828447903
"041_5",1.00745189603619,16.0406196446782,46.4870485762015,2.77512423290655,3.83917374855497
"037_2",3.88150029078422,15.9974982357477,45.2728792032619,2.77243234974847,3.81270816011599
"036_4",2.250793562113,16.3949858025027,43.8806334640401,2.79697554433117,3.78147307158451
"116_6",2.53849117035739,140.991387599332,164.378166057862,4.94869880765685,5.10216966393505
"112_5",2.28588580516103,15.1633253898753,43.5548904164011,2.71887970905405,3.77402199128562
"119_5",2.56419756249369,14.9013040861647,42.286179289987,2.70144873168292,3.74446030193095
"118_6",2.58481086671182,56.2477128742201,44.5588458304015,4.02976538024402,3.79681069381144
"117_6",1.68537079076477,98.5192661869529,49.3648752353233,4.59025212485831,3.89923914366881
"131_6",2.46224592128086,62.3685828838115,45.6638349779454,4.13306166916096,3.82130662745524
"124_2",2.60525141752049,16.0045517838705,41.1212875327616,2.77287316827308,3.71652593225111
"137_4",1.80959270489684,17.8559279998236,46.7329125557841,2.88233555392283,3.84444868209265
"139_5",2.70611006502403,17.0953359857455,49.2955286883292,2.83880567693413,3.89783338095842
"138_4",2.48336277154624,19.2902375566913,43.7932584238481,2.9595991418595,3.77947988827218
"106_1",2.27005577520423,16.1313222034769,41.6206432110619,2.78076286047489,3.72859627522046
"108_3",1.97477943418262,16.7339998405192,44.0525492184766,2.81744256834306,3.78538322172876
"093_3",2.94602444160902,18.8805604305803,42.4107507829286,2.93813284409991,3.74740188629912
"100_4",3.05713303706999,17.8967757044235,44.9999612721928,2.88462056837717,3.80666162915201
"098_4",2.58710461884255,16.3638480228835,43.6925767169099,2.79507451273996,3.77717821849388
"086_5",2.49578518817821,14.5048311184031,42.2787962143568,2.67448177451373,3.74428568884545
"091_6",2.75192681018121,56.5484362831819,42.1267572818628,4.03509755024668,3.74068310369236
"085_6",2.54586354188565,50.2509204137983,46.5851530780872,3.91702886346394,3.84128188689221
"081_2",2.87030013711708,15.7101399354554,45.953915943809,2.75430635964068,3.8276390670162
"079_6",3.22554756575125,49.3655355341194,48.1326328329622,3.89925251946237,3.87396038435291
"076_2",2.31008963132342,116.413244842146,90.3373262810069,4.75714631612771,4.50355073360746
"074_1",2.57476389077389,15.7753888937035,44.6450193618429,2.75845106065612,3.79874275265355
"072_6",2.62253656583456,77.6241301524787,46.0129826509698,4.35187833442569,3.82892358821209
"071_6",2.51500259665806,92.0903114420852,45.7499351378197,4.5227697416592,3.82319037396795
"067_2",4.05487663404339,19.2008198201128,48.1374806555888,2.95495297708637,3.87406109728353
"066_4",1.97719418919834,16.1710627387477,48.1309157112093,2.78322339429564,3.87392470892271
"065_4",2.3636250772812,16.7727689638087,47.3945772864112,2.81975667632625,3.85850781891621
"064_6",2.2500405003156,54.7457252672053,46.1420337760877,4.0026992883371,3.83172433014626
"055_4",1.99864629444709,14.8811931425765,47.857250341244,2.7000982105033,3.86822262870367
"049_4",2.16724314928155,17.0987437693164,47.6661188428236,2.83900499702735,3.86422084871786
"044_4",2.75019675037184,16.5155140995065,49.8716117279883,2.80430018760478,3.90945193762389
"035_4",2.20963842458287,16.1096500891789,44.7118735992211,2.77941847685237,3.80023909496441
"087_4",2.73532359172718,16.8019991359471,45.8100688049552,2.82149787551705,3.82450390986118
"086_4",2.27352492695483,17.549475195546,41.3537241244955,2.86502404607707,3.7221624808845
"093_2",2.99329950217142,16.5016325145017,43.5445392893183,2.8034593162851,3.77378430598351
"092_6",3.72250186793819,54.5562553007835,46.7545800340474,3.99923237666332,3.84491221957881
"100_5",2.99656186188121,17.4706778621043,45.2759276168297,2.86052392488744,3.81277549205942
"098_5",2.7917840318004,16.6573266725329,44.4143955778391,2.81285016002944,3.79356364161481
"099_1",2.67722192247444,15.7520105960107,44.8110018839947,2.75696801401376,3.8024536870394
"080_6",4.75030157242025,49.9760762542038,46.9618609129382,3.91154441600657,3.84933580235262
"058_4",3.12713076487232,15.1424216795861,48.9078431455464,2.7175001876348,3.88993777514395
"057_6",4.16916039960804,51.2314312445999,46.6547183829077,3.93635323518725,3.84277406650675
"050_4",2.45511633150728,16.0134536884457,47.1721876742878,2.77342922444668,3.85380447473011
"081_3",3.15500563273482,15.4673689632014,46.1707330229691,2.73873257663677,3.83234611300038
"079_5",3.10687014610391,15.7250016304379,48.2318594228898,2.75525190627094,3.87601978658031
"073_1",2.805170355644,15.6679909756994,44.0151509969703,2.75161983983325,3.78453391548679
"074_2",3.22100568117132,15.6465923803861,43.6558576365062,2.75025315400507,3.77633746884934
"072_5",2.93446868761398,16.4875718782539,46.5967990470888,2.80260687759444,3.8415318487957
"071_4",2.53283375425439,16.0881610611907,44.9602079658283,2.77808366368271,3.80577783114921
"048_3",1.44256197517198,17.0076930105868,46.3777020920625,2.8336657717299,3.83681878536631
"049_3",1.86523086274359,16.2659842998165,45.4460838870845,2.78907607452934,3.81652665381078
"056_4",2.52444614847671,16.4342806802667,46.8118030804668,2.79936943860537,3.84613537369996
"064_5",2.70611006502403,17.0346299199037,46.2611942611369,2.83524832618682,3.83430347275058
"111_5",2.75485019690196,17.6126428939535,41.2224683368955,2.86861699040429,3.71898345569021
"124_3",3.08660140372805,16.669638709513,42.8139974719162,2.81358902343324,3.75686509285696
"123_6",3.46496960144486,153.847937550343,45.8002347840132,5.03596469609056,3.8242892173955
"123_1",3.48630231899599,17.7690248959315,47.2510744666062,2.87745676704989,3.85547539371519
"092_4",2.37425163404177,18.8875326961666,46.4034876549822,2.93850205869817,3.83737462138553
"003_1",2.31438099002126,14.7308355663666,44.910700030196,2.68994295434884,3.80467607437955
"017_3",3.13002918991959,15.9977310175602,47.1201282808949,2.7724469007811,3.85270026176948
"023_6",4.28014755815691,105.278924404152,46.0936286480411,4.6566132509989,3.83067473325026
"031_2",2.68872467811814,15.7858355373096,44.1893183481522,2.75911305296953,3.78848309354624
"037_4",2.93462329771525,15.6089242004623,45.3459636202427,2.74784281482138,3.81432116753365
"036_5",2.9176489880461,15.1624466273042,45.3626165353336,2.71882175421808,3.81468834151541
"035_5",2.62631979013998,16.1732890414919,43.4542017093436,2.78336105683177,3.77170754920736
"043_6",3.72810704028112,74.1346274599975,49.6175670822384,4.30588273030052,3.90434494607084
"042_4",1.33495989727286,17.3037649087588,48.4374426100269,2.85092410261064,3.88027312228761
"041_4",1.0724890137959,17.4466625934618,44.7201249486177,2.85914837496778,3.80042362286391
"016_4",2.41503744317063,15.7215673023262,45.970583138655,2.75503348319702,3.82800169493792
"005_5",3.19763872346181,15.5677444960809,46.5227341342402,2.74520111318672,3.83994109923035
"017_5",2.90354452253274,15.970442556614,45.9259807835669,2.77073967359086,3.82703098707493
"016_5",2.49883461435593,15.8684016021789,47.823327521011,2.76432981126671,3.86751354390481
"031_1",3.19857771265156,16.1054128657159,44.7757459220568,2.7791554183264,3.80166660715043
"036_6",3.33447762463174,104.818188337066,44.0985524559958,4.65222730966299,3.786426957787
"035_6",1.81446848422549,204.265613162828,45.0707721647171,5.31942117225229,3.80823396912107
"041_3",1.80893484990745,16.7315354275358,45.68506874307,2.81729528768742,3.82177152116807
"042_1",2.14478237238324,16.8926029115234,41.9699295247201,2.8268758285685,3.73695339816182
"042_2",2.01184626633975,16.2135339453357,47.743689247817,2.78584632218643,3.86584689584314
"004_4",2.10592230735933,15.5794724842249,46.9010540221513,2.74595418134724,3.84804014901956
"051_1",3.27437009380853,16.7423190099493,47.7040270311799,2.81793958652708,3.86501581846453
"049_2",2.65271627252698,17.0121823655589,45.928548436468,2.83392969715282,3.82708689401656
"048_4",2.79378044141595,16.0989141218146,46.2156517189956,2.77875182386582,3.83331852251054
"057_5",3.59211217527335,18.6960482362227,47.7573879839582,2.92831217726226,3.86613377713563
"056_3",2.81067978737505,15.7117063154675,46.5468959200863,2.75440605970292,3.84046031879477
"055_3",2.60507760698213,15.7393538279938,49.2160525179879,2.75616418928721,3.89621984097437
"066_5",3.49885432107992,15.8796305812611,44.9133891032481,2.76503719240363,3.80473594858654
"065_3",2.85863355420226,16.7604574482563,46.3454319104017,2.81902238873017,3.83612273074497
"064_4",2.96526878546856,17.0068300213313,47.533157648749,2.83361502933055,3.86142752327613
"072_4",3.01322771954437,16.1726746792734,47.6174494490035,2.78332306988391,3.86319927912459
"073_2",3.46734936414268,17.2445974829711,45.5912695668634,2.84749890503035,3.8197162413231
"080_4",3.39542079730602,17.1005401648481,47.6888934502579,2.83911005159731,3.86469852906878
"081_6",4.78878179959734,52.9489792065117,47.4536304163265,3.96932879341988,3.85975303248378
"093_1",2.51171708511079,15.7937165308556,45.6200893168645,2.75961217301358,3.82034817469879
"092_3",3.10001161642271,14.2947033008419,47.0253514799867,2.65988907010885,3.85068684948105
"091_5",3.22180430765463,17.7528261189604,42.6507334181269,2.87654472121719,3.75304446999445
"086_1",3.02036703101472,16.2631044720729,45.5468752985595,2.78889901283719,3.81874202197992
"085_1",2.38745361182102,15.0503336451663,45.7972085687909,2.71140016006319,3.82422314098304
"071_5",3.0558358472835,17.3756723971818,45.4111345425166,2.85507108982044,3.81575732921785
"013_1",2.47614552153066,17.4635624251657,97.5740194621076,2.86011656311409,4.58061126394734
"110_5",3.69506679894083,17.5119999577533,41.7499969161845,2.86288635780812,3.73169937743302
"003_2",1.96566187300613,17.0804642830794,46.6096180044465,2.83793537084106,3.8418069147803
"005_4",3.08632140270127,14.4046466150029,45.1836530848522,2.66755083612887,3.8107353640096
"015_4",1.24758604553533,15.2282890098915,45.2370974038453,2.72315481718777,3.81191748923921
"015_5",2.46782268602646,19.0663963415856,45.8095746868758,2.94792743172827,3.82449312356993
"081_5",4.10785725774803,19.1605329925985,47.9264665125599,2.95285259014111,3.86966788862128
"080_3",3.6121497843681,16.9385543261181,45.2451811402369,2.82959234473908,3.81209617033662
"077_4",3.11260565901288,16.9698194595159,45.9058951108637,2.83143644038671,3.82659354260747
"076_1",3.18661265636339,17.1383855502234,97.8982367997173,2.84132071679767,4.58392853915689
"073_3",3.3726494039682,15.7704240267375,44.6863939590281,2.75813628880227,3.79966906958072
"067_4",3.72410379346332,16.0419362621813,49.4070162542455,2.77520630975278,3.90009244354682
"065_2",3.37762638769836,16.1058931133482,47.2853782736529,2.77918523690207,3.85620112030125
"064_3",2.84282606546921,16.2306894074763,46.4526271359659,2.78690385797965,3.83843302202358
"058_3",4.33785226991778,16.7581602771491,54.3465574589543,2.8188853203624,3.99538127133951
"051_6",3.64532199515409,56.3695782083432,48.8195907611608,4.03192961950993,3.88813168232339
"048_5",2.27479006002763,17.7547769765689,47.829472426578,2.87665460515417,3.8676420274532
"087_3",3.27042349285624,16.834291917499,43.8210889120124,2.82341799158587,3.78011518351655
"086_3",2.90192126509258,16.2914837679364,44.2418411497473,2.79064250305387,3.78967097365704
"085_2",2.68400122063309,15.3956619060781,46.0749951153402,2.73408577532575,3.83027039754048
"093_6",3.95486013154798,51.8402856870001,45.6525818245675,3.94816756296634,3.82106016238731
"089_2",3.39053749550236,67.1515371306553,97.2546395882517,4.20695181370733,4.57733268920892
"090_1",3.36888675658332,16.0289780273253,98.5784271056399,2.77439821083522,4.59085244563807
"097_6",2.86403721133498,91.6621942733777,79.10204360838,4.51811001806323,4.37073871019689
"098_2",3.16399236781216,16.0169091117677,43.4391237571632,2.77364498368468,3.77136050408621
"101_4",4.23644177834287,16.1611148822117,46.3659835968884,2.78260804094911,3.83656607823807
"108_1",3.31294636814955,15.1618429236868,46.4620796845757,2.71878193771281,3.83863648924564
"114_1",2.28867525146714,16.2915738217337,68.0751771340922,2.79064803069946,4.22061264059966
"112_6",3.92488172279896,48.7733504303535,44.7332572965301,3.88718406595477,3.80071723608852
"119_4",3.98983880950509,14.3666244376757,42.5007190872183,2.66490776906435,3.74952099548649
"118_5",3.90179230288742,15.5364645274686,47.6347737133394,2.74318981117075,3.86356303471898
"117_5",3.29763926912377,16.5012438280812,45.560114211114,2.80343576158541,3.81903264540451
"124_4",4.26169465651508,17.7167406731562,42.9644884524007,2.87450999333537,3.76037392454746
"123_4",4.20358872753837,16.0624588748468,43.9816156284223,2.77648480233134,3.78377171997763
"123_5",4.53496679950564,15.3553570671215,44.3216490018385,2.73146440774951,3.79147324846706
"131_5",3.27220658130617,14.8066271638994,45.2690881442632,2.69507486189047,3.81262441863982
"138_5",2.75923765430165,17.4768169554016,43.8599322071509,2.86087525727293,3.78100119732395
"137_5",2.67376085325465,20.4324910625293,41.2082991857455,3.0171263329936,3.71863967261708
"132_1",3.0100430850041,17.1580966922362,45.7461931042934,2.8424701725374,3.8231085774242
"016_3",2.57216783644004,16.6189230495402,44.3925783660569,2.81054198886451,3.79307230154877
"015_2",1.69208177483257,16.9090963560463,46.6205247267637,2.82785172304655,3.84204088894461
"015_3",1.78409830778279,17.1540694463005,46.078490719937,2.84223543096277,3.83034626237764
"022_1",2.61787045695442,15.7146682075376,45.8157169963074,2.75459455692054,3.82462719811044
"021_6",2.78450818195469,103.538970844174,46.0246746587905,4.63994807173123,3.8291776583009
"031_4",2.79433951053438,15.1104669046901,46.6427356878181,2.71538767618382,3.84251719572126
"037_3",2.9212595529362,15.4515046363433,45.8771848800794,2.73770638606749,3.82596793205433
"080_2",3.31753558552051,16.4475425953594,46.434074221933,2.8001760797518,3.83803354795445
"079_4",3.11900941603372,16.2530788722401,46.9096698130072,2.78828235988968,3.848223833582
"084_2",3.55578793928286,18.6223560497178,127.992714123175,2.92436279712664,4.85197334138687
"072_3",3.28554881856476,17.1032473962796,47.8575155195984,2.83926835169389,3.86822816971612
"074_6",3.36492698673899,64.9099565056868,45.32384033462,4.17300102497408,3.8138331707564
"071_3",1.95610733009438,18.3840317488689,45.2555566837687,2.91148244808864,3.81232546224797
"055_2",1.99389726978322,14.7940158102368,50.1309998232671,2.6942227618576,3.91463957568588
"092_2",2.71834493114765,17.4777536236533,45.8622316079661,2.86092885073646,3.82564193756215
"091_4",2.15150116008653,14.2209950438259,41.9909717956719,2.65471939687956,3.73745463793084
"097_2",2.67478927098077,17.8531985565973,78.8122431311034,2.88218268301868,4.36706835447927
"098_6",2.61229348321844,49.1364649210994,41.9858129134066,3.89460142557774,3.73733177344419
"095_6",3.06632230542219,103.449140250158,50.6386238317967,4.63908009338039,3.92471460194922
"095_5",3.2480013214743,15.9279628900664,49.6973340537762,2.76807623690398,3.90595129089478
"101_2",4.23447385387534,16.3757700806667,45.6867612711438,2.79580280824251,3.82180856821142
"109_5",4.1430342879466,16.4644547710168,46.4068723812864,2.80120380085651,3.83744755993041
"087_2",2.92736481670326,16.6855167496814,46.372788300507,2.81454108263663,3.83671282815704
"086_2",3.05511107043146,16.8674112005878,46.4457449146202,2.82538342897841,3.83828485535055
"085_5",3.3466229931608,16.9689240810433,49.1877312447818,2.83138367600127,3.89564422745819
"091_3",3.18242730283673,14.1478570486963,43.8354617226923,2.64956316729843,3.78044311818212
"089_1",3.50666585164636,18.1975105521549,96.182426810029,2.90128480187849,4.5662466674924
"090_2",3.49180196396446,16.5683982950413,98.8185357518033,2.80749716382372,4.59328519598141
"104_1",1.99906769148474,16.1291922717681,42.1354757445207,2.78063081473746,3.7408900401187
"103_6",2.63029620957719,48.4391189430995,43.2195401050352,3.88030772989643,3.76629271023164
"095_4",2.82598117029546,14.8423330122698,48.2505535381609,2.69748343645227,3.87640730001268
"021_5",3.2052042424457,16.0393768008213,46.1441508525552,2.77504674886695,3.83177021082659
"118_4",3.33323550813444,15.7344625988324,47.7641812698837,2.75585337669719,3.86627601277916
"117_4",3.65372533239756,17.0214135616154,44.9567702862664,2.8344721726704,3.80570136773528
"124_5",4.29824784412438,20.3995711411002,42.2741565856164,3.01551387813411,3.74417594392014
"132_2",3.19951634048314,17.4315721514597,44.2595089328668,2.85828305348267,3.79007023950638
"131_4",3.50020615924225,20.0753291047833,46.19620608483,2.999491653461,3.83289767533974
"137_6",3.42608645485557,34.4752272290625,45.2584043143266,3.54024101478346,3.81238838360347
"138_6",3.0575096634456,38.9192530851058,44.9725465342999,3.66148906610349,3.80605222658206
"139_2",2.89708632990162,16.3392842953511,45.5026181970136,2.79357228769847,3.81776986709289
"114_2",2.52915391546961,15.8288008940517,57.6677244510582,2.76183112206941,4.05469764874337
"125_5",4.64076016367049,17.8703116048232,50.842945355043,2.88314076633454,3.92874137845596
"080_1",3.30822017566593,15.8199178950276,46.7349200705125,2.76126977237835,3.84449163836268
"066_6",3.5511338297024,55.0432595987273,44.9436500707133,4.00811941423211,3.80540948443609
"065_1",2.75598284513043,15.6974900606686,44.8412448075339,2.75350083082667,3.80312835891439
"064_2",3.17186667629067,15.353287089856,46.0724594245801,2.73132959376957,3.83021536203736
"076_3",3.04539576975389,17.5810799332048,46.2217853664788,2.86682332001791,3.83345123167439
"083_2",3.38671340233625,53.3422737037395,128.43781694297,3.97672914446217,4.85544487237
"084_3",2.12498106412184,34.4272606243626,44.8422837344565,3.53884871055925,3.8031515276487
"119_3",4.06560455635934,15.3716599150853,43.1496570147739,2.73252554879701,3.76467446882517
"109_2",4.49749985613901,15.8324712706624,43.8711327702755,2.76206297482682,3.78125653591327
"108_5",4.16454561467552,16.5312632678297,44.4574755392764,2.80525333164908,3.79453312643087
"107_6",4.1577851995229,47.9066743420452,43.0839252394316,3.86925483379244,3.7631499632589
"100_6",3.42139640231243,51.1250657876407,45.1151094938303,3.93427490116196,3.80921721243743
"092_1",2.95997559169411,17.3435040106346,45.0454937680173,2.85321802767551,3.80767295170427
"087_1",2.99324301271381,15.9719050622504,45.7844061605464,2.77083124517194,3.82394355630077
"104_2",2.62133137560106,16.0390418690864,42.9935625620149,2.77502586680675,3.7610503966261
"097_1",3.14283293522443,17.1928289627144,79.4564601916947,2.84449237611136,4.37520920108927
"074_3",3.8828199761955,16.0571609183315,44.4820153862713,2.77615491321077,3.79508495885901
"079_2",2.65415000291984,17.5075436872648,46.6495318664072,2.86263185589012,3.84266289222494
"073_4",3.81698180921625,16.4785907682391,43.4848636879977,2.80206200918902,3.77241291634664
"072_2",3.27216012746876,16.277043226541,46.855738679032,2.78975572408815,3.84707349166402
"064_1",2.6206192249456,15.354766007944,49.5890809665912,2.73142591495831,3.90377066769352
"056_2",3.36612036286645,15.7475651996948,46.2916054716975,2.75668576282573,3.83496063734728
"055_1",2.16842531331841,16.540564766756,49.9198811331228,2.80581583452385,3.91041934291096
"048_6",2.41337103084746,53.6109254579201,48.4842632672153,3.98175288047575,3.88123927657486
"077_3",2.63740713497348,16.5230920177474,46.2644598197346,2.80475891872357,3.83437405984627
"139_3",3.56368296044109,18.392535240119,43.7800705464481,2.91194488882728,3.77917870347871
"138_1",2.41688775296157,18.0927735361585,46.1213653366199,2.89551260640348,3.8312762989657
"137_2",2.60507760698213,16.2675329129532,43.0874322686525,2.7891712756186,3.76323135989287
"131_3",3.58686082843878,15.3304063026465,47.3500231462467,2.72983819629287,3.85756730846505
"132_5",2.89809160701241,18.3893713890641,44.7780159760882,2.91177285581689,3.80171730416156
"125_1",4.04067913003166,17.6886734339867,52.5868653326801,2.87292451576044,3.96246638005712
"124_6",4.77067964170746,150.566164326517,42.9449719985741,5.01440261765647,3.75991957518803
"119_2",3.26789818000373,15.382468585656,44.1967379197607,2.73322845741726,3.78865098363975
"118_3",4.11958527485896,15.9995598900868,47.6753304850059,2.77256121499188,3.86441408350243
"112_1",3.79408964417844,14.4296895457918,44.9035420325818,2.66928785805619,3.80451667877669
"111_4",3.92971095047664,17.0071692928695,42.6576979818824,2.83363497826599,3.75320774960601
"114_3",2.51552158169815,16.9829605045058,50.0096666596942,2.83221051812998,3.91221631993558
"104_3",1.67425163543625,16.7659170715566,41.9005432020806,2.81934807997634,3.73529879109419
"103_5",3.38014298800879,17.6211399941447,43.1850735857061,2.86909931728829,3.76549491669528
"095_2",2.77750316966449,14.4494306696345,47.393820876883,2.67065501375695,3.85849185895607
"095_3",2.95073906056384,15.4900167316361,47.7080039599051,2.74019573458546,3.86509918171938
"097_5",2.62708008932454,16.2693476013393,80.5523217359439,2.7892828221688,4.38890693274507
"089_3",3.43274211779073,14.7823186101071,46.7758028472763,2.69343177805459,3.845366036038
"091_2",2.87244197708264,15.5844505081623,42.8849528403032,2.74627365486031,3.75852101476364
"109_3",3.71681978742312,17.0358663088429,47.415926859865,2.83532090446284,3.85895818196421
"109_4",3.75414720332692,14.700995272976,46.5130860835008,2.68791519713739,3.83973369415236
"081_4",3.98009984064486,16.2335338731632,45.4182167366364,2.78707909492708,3.81591327427381
"074_5",3.53398477715772,16.0433026433035,44.7849271507056,2.77529148169911,3.80187163528088
"073_5",3.19806103927024,15.8660877769939,44.3441773104693,2.76418398726044,3.79198141063173
"072_1",3.34578261289378,16.57205385714,48.3074536477094,2.80771777409764,3.8775858685808
"071_2",1.88860198890042,17.0949666977703,46.6128732125291,2.83878407502094,3.84187675217772
"077_6",2.09450771720118,17.5485608127003,46.0400987024894,2.86497194157494,3.82951272769346
"067_5",3.71939613655864,14.8808973248391,52.8966729477662,2.70007833167538,3.96834044364946
"057_4",3.3522488752092,14.7001855691241,44.2635145656937,2.68786011745495,3.79016073873859
"056_1",3.05281301999595,15.538344774556,45.7097169249839,2.74331082540266,3.82231089947792
"051_5",3.77972660494714,17.2627111830562,48.5641046215359,2.84854875229164,3.88288466998169
"137_1",2.39906879545401,18.5792553793391,43.9843100860276,2.92204565612077,3.78383298137138
"138_2",2.47291099230856,16.559918171361,44.4519630944302,2.80698520760197,3.79440912508887
"139_4",3.81061460535797,19.7851808479335,47.5240422212762,2.98493321545437,3.86123573501573
"132_3",2.83031888303213,16.0582673591366,45.7400838648129,2.77622381721516,3.82297502210439
"117_3",2.98573560973876,17.386623215592,44.6048798657394,2.85570112984395,3.79784326707077
"110_2",3.02144387898989,15.4992317026776,43.3699759108484,2.7407904551275,3.7697674024136
"111_3",3.24837153813731,15.5999157787065,41.5860152154302,2.74726551544005,3.7277639380425
"112_3",3.89317565873354,17.2746873186559,42.3447243727434,2.8492422692674,3.74584384126614
"141_6",1.78229351866305,258.864332163677,135.772999513335,5.55630411042118,4.91098436997576
"105_6",3.0922551846748,49.7347146197135,87.5228548646282,3.90670317257069,4.47189995771009
"107_5",3.75940475307274,16.0355044233061,42.0228680140336,2.77480529029337,3.73821394663442
"023_5",3.43632730009057,14.9973226373278,46.6238020469695,2.70787169432601,3.84211118427132
"044_1",4.19439189785188,16.285851983514,48.0071138476488,2.79029675443149,3.87134920508594
"041_2",1.71433503715516,17.5327475219481,45.8210262568174,2.86407041922165,3.82474307434802
"110_6",4.69123861028993,43.3491216515037,42.9877710853832,3.76928644123359,3.76091568188292
"111_1",3.32612368765915,18.7413530621244,42.0216549202035,2.93073247602479,3.73818507874897
"117_1",2.90293735621515,18.2553986832502,43.9282222916343,2.90446085454319,3.78255699032696
"142_4",3.54267404619074,17.3354962486139,38.968817873227,2.85275620570237,3.66276178461357
"114_4",3.01903923895322,15.2402948534605,46.9359229025657,2.72394289741127,3.84878332901452
"058_6",3.60520208060554,51.2300750683981,49.1791186544222,3.9363267632711,3.89546911581458
"076_4",3.25381219765388,113.935808248008,45.6032000012159,4.73563520425851,3.81997788952342
"083_1",3.16894017326017,15.8249211525313,129.129897640789,2.76158598555535,4.86081885617482
"073_6",3.42575961880842,69.6571750772955,43.9918140176388,4.24358571110516,3.78400357155607
"051_2",3.82907699798544,14.9673693799926,48.0667807052762,2.7058724568705,3.87259130868914
"079_1",2.9925919683445,17.1846888959993,50.5665985456065,2.84401880690833,3.92329125053201
"101_6",4.83562816355345,54.1782807874251,47.0014094195504,3.99228010465525,3.85017758891045
"101_1",4.66593402040455,14.4811493827332,50.3435772409251,2.67284776106794,3.91887104878204
"108_2",3.74920583433909,17.7861589808707,46.0695546166056,2.8784205694774,3.83015231136486
"091_1",2.5625763535218,21.8830593627491,43.2980491218732,3.08571279240213,3.76810757907134
"085_4",3.25613803166829,16.1199804958376,50.3050979089221,2.78005952714212,3.9181064220481
"104_4",2.72909013407194,17.2660660581292,41.4977399524605,2.84874307571411,3.72563896677685
"103_4",2.72569337427121,17.072916534345,42.9608371772362,2.83749337952561,3.76028893737657
"090_4",2.67356659972298,17.9294606192762,44.6401632585561,2.88644520458096,3.79863397529209
"089_4",3.22726026304901,65.8052433001922,44.3402887315331,4.18669952056981,3.7918937159291
"097_4",2.77329695082674,17.905935958919,80.4998139390129,2.88513227569038,4.38825487310524
"095_1",2.89628174138151,18.5379146679915,48.0898462350414,2.91981807635703,3.87307105784303
"004_3",2.56897216386656,13.4995832965303,47.4039677559257,2.60265881804431,3.85870593312864
"003_3",2.42930602820107,15.4166359736786,44.2540213401349,2.73544718439182,3.78994624506797
"017_1",3.51257332983238,16.6839847676995,46.2750777048855,2.81444926334576,3.83460353765611
"015_1",2.08197138171929,16.9051936644874,46.3946467076682,2.82762089214199,3.8371840798967
"023_4",3.6231729007032,16.5350728747453,45.1011187560642,2.80548375372645,3.80890705232212
"022_6",3.95120329658009,100.02683675921,44.6524249618307,4.60543851757605,3.79890861630308
"021_4",2.77772650553192,15.6861814436937,46.109724274854,2.75278016196147,3.83102386647517
"041_1",2.50076666557221,16.7364288706942,51.3546632729607,2.81758771319317,3.93875574574612
"044_2",4.06679087058593,17.5787180307742,49.2263251317547,2.86668896757159,3.8964285440563
"110_1",3.59319977475608,18.260162731992,44.7400151359173,2.90472178706534,3.80086829437032
"118_2",2.86319812265796,15.3540422623094,46.9192433576776,2.73137877892956,3.84842789743354
"142_3",3.7869810097666,14.6981257994384,43.1951460789189,2.68771998901946,3.765728129653
"071_1",2.31083884258854,15.672679440003,45.0065294994642,2.7519190334546,3.80680757923243
"058_2",4.26512887050337,16.7063877310519,48.394395240034,2.81579114515405,3.87938400619141
"076_5",2.85000468002794,17.5186731937568,46.3278232533446,2.86326735169056,3.83574271480105
"083_3",3.0942270899431,71.9220123134697,45.2451011340267,4.27558236965889,3.8120944020537
"079_3",2.28587870471069,15.6228129463869,45.6510526408792,2.74873221439431,3.821026665721
"090_3",2.87218450414684,17.3055852191961,45.4338470652753,2.85102929444072,3.81625735734995
"085_3",3.25774662049019,15.4086739181247,46.8594175294588,2.73493059229533,3.84715200298658
"097_3",2.63575784074317,16.0434489525675,78.7995652089617,2.77530060130497,4.36690747919584
"104_5",2.63429713049228,16.784817005345,42.8771747968601,2.82047472809941,3.7583396283247
"103_3",2.70360015198599,16.9892314430648,42.6693132343039,2.83257969881987,3.75348000225679
"017_2",3.28217522111084,16.0258851249695,47.2118698274752,2.77420523528885,3.85464534037153
"023_2",3.70887674469925,15.1104385500232,44.4726478373766,2.71538579969028,3.79487434485431
"023_3",3.50735188058658,16.8877744457406,44.8432557946735,2.82658995456748,3.80317320472668
"021_3",2.9705954049167,15.6047416653633,45.713601609049,2.74757482097907,3.82239588182443
"021_2",2.32321164712358,15.9796561189914,44.9892572896821,2.77131642064421,3.80642373437457
"022_5",3.65830294944936,15.8784292404563,45.8692442853066,2.7649615365977,3.82579483333289
"044_6",4.16140089330921,75.6291599439739,48.0352242838008,4.32584192236177,3.87193458102538
"043_1",2.94919562515271,15.0210947323179,48.3006337888083,2.70945552865457,3.87744468249393
"069_1",3.14022562499816,16.3242548338153,93.2882255931817,2.7926520284126,4.53569390045949
"070_2",3.50622179351608,18.6191670211838,88.9633831221074,2.92419153514384,4.48822485947911
"076_6",3.04038708315915,111.857674749216,45.3307806163096,4.71722730202573,3.81398628554813
"077_5",2.53944800089024,16.5333966435152,45.0619580183464,2.80538237430031,3.80803838764072
"058_5",3.62499056040714,19.9577041955962,49.815808778393,2.99361524400727,3.90833237900475
"067_6",4.96451498975878,54.6360231506041,53.3949788029109,4.00069342986492,3.97771671163703
"066_1",3.36883312664197,14.3593357769187,48.6860604721232,2.66440030746105,3.8853927565109
"057_3",3.47410863854492,16.4840804937492,41.7122101737023,2.80239509660886,3.73079389586522
"050_1",3.29671015214612,16.6585300382256,49.0667868828511,2.81292239984627,3.89318236768177
"050_2",3.29671015214612,16.6184191234557,49.6878182090062,2.81051166597756,3.90575979660046
"017_6",3.28298510494119,125.116934627737,45.0220809474775,4.82924877703826,3.80715305714419
"005_1",3.49439444448499,15.3870928481353,44.8650954753541,2.73352903125053,3.80366010880647
"004_2",3.14788089842314,17.350467001545,47.318599159465,2.85361942254619,3.85690343511039
"003_4",2.98331497435888,15.743207579694,44.7869459986917,2.75640900746891,3.80191671300261
"016_2",2.96524935697806,14.9869065680959,45.1327767080531,2.70717692444685,3.80960873882529
"022_4",3.29317591900725,16.5261663992639,46.2610307243365,2.80494496716597,3.83429993766913
"021_1",2.95829907541525,15.0408736050055,45.6560931491769,2.710771402274,3.82113707347188
"044_5",3.72583143587411,18.2399761278526,50.4582213525661,2.90361567586532,3.92114569393067
"047_3",1.20885342720828,16.8546191364274,44.4196736662812,2.82462475195652,3.79368247189002
"070_3",2.78281804981594,17.1677447385847,45.4482460839223,2.84303231733563,3.81657422986616
"069_3",2.71682639757904,17.1523164206479,45.9317252503134,2.84213323275041,3.82715606023432
"074_4",3.33459597817529,16.4448537951959,45.5226436546518,2.80001258906917,3.81820986490347
"067_1",4.04705578078935,15.8359080573465,46.820658443262,2.76228002330044,3.84632452525439
"058_1",4.81737938902578,15.5532053384821,48.270798217026,2.74426674847524,3.87682678603922
"101_3",4.55658660952529,17.167285084361,46.4406454194997,2.84300554268443,3.83817505465516
"101_5",4.44674596842171,17.3970488542118,47.1862001425964,2.85630058575596,3.85410147998286
"099_4",3.99106600289523,15.5914910152358,46.8379470416449,2.74672531770346,3.8466937085983
"108_4",4.04061206560872,15.3982599940049,43.6943175735259,2.73425451563375,3.77721806100414
"106_5",3.424222161772,16.5382584802684,43.917644223472,2.80567639265349,3.78231615786362
"106_6",3.51425082652818,45.5846653138427,43.2068713721111,3.81957137298606,3.76599954214105
"103_1",2.57373012821604,16.5749153779904,42.9151687401145,2.80789043065862,3.75922534712364
"103_2",2.60955431082185,16.3024742056298,42.0303401534508,2.79131688804994,3.73839174209517
"104_6",2.80609911726352,49.9285012961481,43.3889136557108,3.91059200796245,3.7702039627536
"125_4",4.13978630509105,17.0567894079862,51.4775675111546,2.83654833021365,3.94114613046848
"116_5",2.60206128128037,15.1603624618845,130.069766171764,2.71868428902369,4.86807096936329
"110_3",3.37349739042927,16.6093718176475,44.9201480821378,2.80996710338248,3.80488642643956
"111_2",3.32963217216125,18.2064670540062,42.1675161047606,2.90177686360476,3.74165016407349
"111_6",3.32425452428978,46.9238750231368,40.5582209937083,3.84852660825097,3.70273849721914
"112_4",2.90951916165461,15.9995700346903,41.6255375587893,2.77256184904685,3.72871386254249
"113_6",4.9081387291763,49.222408696146,68.0573887052719,3.89634898111103,4.22035130079736
"142_2",3.18162034846892,15.3454835360013,37.4140401358515,2.7308211985561,3.62204603867568
"139_1",2.7232326514263,18.1780611033741,43.9067063582192,2.9002154330824,3.78206707283796
"132_4",2.97750306910114,16.5407965608299,43.7877328168881,2.80582984809914,3.77935370548094
"131_1",2.65219883180242,18.0751599078745,44.9967197514714,2.89453861491438,3.80658959270165
"119_1",4.02714171071474,17.208276461571,43.980496954924,2.84539045771102,3.78374628462903
"117_2",3.18302161769586,15.1919070820306,44.2581935283167,2.7207628572479,3.79004051879485
"112_2",3.13509251367491,18.6565078202684,44.0523922610362,2.92619503000926,3.7853796587631
"109_1",4.52319677997934,19.4254116570375,43.960015810727,2.96658208815465,3.78328048919703
"109_6",4.87471632201082,52.6005618735022,45.4978456805768,3.96272680169236,3.81766497715634
"100_1",4.19768610793095,15.9354154991218,46.7889172629451,2.76854402215263,3.84564636425871
"099_2",3.18150525992824,16.5635778459482,46.6944734319982,2.8072061791202,3.84362581574466
"022_3",3.34280100895978,14.435666529849,45.6253478316181,2.66970198661411,3.82046343558029
"004_1",3.11054414972993,15.982204327073,46.2949187478679,2.77147587369554,3.83503220880327
"069_4",2.66110652524589,348.544999674401,45.017871085888,5.85376734575118,3.80705954617495
"107_4",3.75130092579727,15.764284309554,41.6463244429053,2.75774689453894,3.72921311604897
"099_3",3.51110562300212,16.2390187568034,46.9062992865709,2.78741691152898,3.84815197957953
"067_3",4.61445144906383,19.3670813229735,50.5828101157317,2.96357478578534,3.92361179754219
"070_4",3.13612840589811,17.1538832363433,45.8972512347582,2.84222457575617,3.82640522932028
"069_6",2.93367543164912,403.697810960552,45.7246372463833,6.00066660540315,3.82263726086948
"009_2",3.72394838371989,51.5016008934137,125.048015505734,3.94161289249556,4.82869778759142
"002_1",2.83607128275597,17.9617674038406,110.410430588432,2.88824546581855,4.70420460934773
"007_1",3.39596934837309,16.5353608608756,60.6067814883653,2.80550117025825,4.10440679256289
"013_4",3.4821054675864,52.4510367632814,46.6171747170805,3.9598801013444,3.84196902939199
"013_5",3.74754398937756,17.7728276883851,46.8032324496513,2.87767075659695,3.84595226997541
"005_3",3.24875369820085,15.5965457105024,44.7320300321844,2.74704946092256,3.80068980054603
"004_5",2.9088363978789,16.1430425327189,45.4610647618009,2.7814891539188,3.81685624009909
"003_5",3.08618694792292,16.7881506575449,44.9419457058467,2.82067331955217,3.80537156145517
"017_4",3.31950972036167,15.6736711311551,46.610338772175,2.75198230660342,3.84182237858769
"016_6",2.88333002801559,119.601591784403,46.5906953722062,4.7841661506621,3.84140085107054
"015_6",3.32480961877814,114.387381938647,45.7345683058492,4.73959077512335,3.82285443003129
"023_1",3.89423219410849,15.9181382545876,44.2791539177723,2.76745922977046,3.79051400010983
"031_5",3.90984120367352,16.377326613161,46.1811717720299,2.79589785467492,3.83257217761981
"031_6",3.9109529695044,91.5773634693832,45.2537258203742,4.5171841174433,3.81228500532811
"037_6",3.62236489533832,85.1978089309702,46.4277778965709,4.44497571673194,3.83789794166989
"036_2",3.06247814018969,15.0422961108403,44.2526579225978,2.71086597381345,3.78991543569745
"035_1",2.74712218407659,15.8662466900731,44.5614488958417,2.76419400310591,3.79686911070625
"099_5",3.10422283448476,18.0533778339229,45.2136195214209,2.89333280488429,3.81139835829698
"005_2",3.16680762565329,15.9564716029222,42.5420378414101,2.76986449006929,3.75049271274814
"016_1",3.36368091649909,15.5560160396233,45.7484008485305,2.74444744738215,3.82315683698014
"037_1",3.60634914946085,16.5456632031268,46.1811687346678,2.8061240253769,3.83257211184923
"036_1",3.13802238555907,16.8929494510934,44.8598940841237,2.82689634263714,3.8035441680577
"036_3",3.45751065360412,15.5011786943474,44.6604219212863,2.74091606583055,3.79908769377639
"035_2",2.75959178201229,16.6171640906573,43.967732554144,2.81043614253686,3.78345601384267
"035_3",2.94804217060005,16.7759543159594,45.0549522074921,2.81994657041752,3.80788290492719
"042_6",3.86594473671178,69.7943160803932,47.7714179464869,4.24555257493961,3.86642750974315
"041_6",2.18581229553528,119.57406030808,46.8849645809943,4.78393593093694,3.84769703942701
"044_3",3.67708110985576,15.190756840477,49.2171720349028,2.72068714028266,3.89624258770282
"050_5",3.92104267332751,16.5214753527923,46.3960409141701,2.80466107117495,3.83721413046617
"051_4",3.42250716002457,16.6355184462813,47.5188177764617,2.81154007497705,3.86112579630345
"048_1",2.50503692042942,15.8405534918906,47.1743796343991,2.76257332844566,3.85385094086394
"057_1",3.66093061655876,15.8694686508503,49.111883017417,2.76439705261991,3.89410102216718
"056_6",3.50647360901598,49.6234555063357,45.6416588908097,3.90446361522499,3.82082087163415
"056_5",3.39510462042002,18.8116398774722,45.8298113119041,2.93447582066505,3.82493478138195
"001_1",3.37779726308574,17.0782759548538,107.383452461051,2.83780724385433,4.67640609628471
"009_1",3.51961539501676,17.5971633454498,106.858380195043,2.86773771550027,4.6715044082175
"010_2",4.15399416963755,17.0219637593992,99.9072713975064,2.83450449600769,4.60424246976751
"010_3",3.24097310435342,17.5864733403866,48.2179523582651,2.86713004634499,3.87573140727786
"008_1",3.45230704329495,17.4094344560157,53.3734834543157,2.85701226939353,3.97731405811123
"013_6",3.51611766796842,52.6185860782242,47.6463344928105,3.9630694048259,3.86380570149198
"084_1",3.80970006018113,16.0881066955341,128.229242081449,2.77808028444327,4.85381961583552
"080_5",4.40079485848309,15.6264383055531,44.5733404048685,2.74896424294138,3.79713593153323
"048_2",2.81062477622015,17.496823485971,46.2116427007029,2.86201934936624,3.83323177284811
"051_3",3.57194142582233,16.7256724235934,47.457686432391,2.81694480990526,3.85983850208218
"050_3",3.36328606375275,16.4258094617158,49.4526058870825,2.79885384545259,3.90101475409346
"081_1",3.9803660383101,16.4055761049536,47.2062900996768,2.79762128344069,3.8545271485362
"077_1",3.47748687287529,17.4050193636625,119.333594020233,2.85675863379726,4.78192288225729
"066_3",3.53529488892193,16.0388760859422,47.085225105709,2.77501553052841,3.85195925978757
"065_5",3.70238744838855,17.1070229544955,47.7866953688596,2.83948907828813,3.86674726119016
"057_2",3.396940830565,15.7436025424188,45.4469818155106,2.7564340949721,3.81654641171903
"070_1",3.29293482619302,16.2818076863399,89.1646588860254,2.79004839165468,4.49048476024837
"069_2",3.11929449586217,237.572368646819,99.2149600592263,5.47047228715188,4.59728880996924
"010_4",3.31075191539273,18.2921183405923,48.0375146515955,2.90647027530212,3.8719822608942
"009_3",3.7972006333423,17.9232654063846,46.9840704706089,2.88609961228492,3.84980861810435
"043_4",3.48874406580752,15.5586694275303,48.1986163541667,2.74461800272434,3.87533031429943
"042_5",3.07353887073163,16.459274623114,46.6376067154391,2.80088912520823,3.84240722673419
"041_5",2.63748020453475,16.0406196446782,46.4870485762015,2.77512423290655,3.83917374855497
"123_3",4.54270107745525,16.6087172543002,44.3408489603608,2.80992769332816,3.79190635060751
"107_3",2.60660175121792,15.6942029385369,42.082628470403,2.75329140458491,3.73963503012894
"106_3",4.09402197350199,15.8859949711797,41.5735536336279,2.76543790165415,3.72746423514437
"106_4",4.07450151738246,16.8555695709798,44.3479923345189,2.82468114051969,3.79206743906168
"099_6",3.10550815944101,51.4537890506734,46.5216219950952,3.94068410486815,3.83991719366119
"093_4",3.28398399453935,19.8106972079083,46.2529107774947,2.98622205483664,3.83412439770768
"093_5",4.26452252509559,16.8954869215477,45.5199559803428,2.82704654020361,3.81815082277769
"092_5",4.2946566419194,16.9227492011211,46.4373285190788,2.82865882331501,3.83810362974607
"087_6",3.01334505215929,52.8334421258136,49.2496995122179,3.96714436381077,3.89690326632472
"050_6",4.04600386903376,56.7890367035672,47.470681339924,4.0393432913149,3.86011228552371
"065_6",3.63594749941462,52.6885530898064,47.8934442208843,3.96439822303196,3.86897863118553
"066_2",3.2102723394359,15.5302437431085,49.2571315771671,2.74278933202188,3.89705416073237
"057_6",3.8454288595487,51.2314312445999,46.6547183829077,3.93635323518725,3.84277406650675
"001_3",3.16016688533495,18.2483795583253,47.0418903285409,2.90407628476168,3.85103848833867
"009_4",3.45719045311922,52.39048355956,47.2765538243613,3.95872496337486,3.85601448178569
"010_5",3.06963418246931,17.8470696337988,46.0435301190134,2.88183932857517,3.82958725595803
"070_5",2.71353787321832,49.5961455408389,46.444486805297,3.90391311984105,3.83825776726389
"108_6",4.00135327981586,48.0846303386805,45.0110762160138,3.87296259047098,3.80690859761694
"098_1",3.72824417532469,17.4339086179777,43.7975755852646,2.85841708097749,3.77957846391583
"088_6",4.38244604247152,54.4861222293386,74.9092839301156,3.99794603124965,4.31627783384476
"115_6",3.7831040646685,134.771563646414,42.8003498409449,4.90358122404673,3.7565462764082
"110_4",4.30117009928027,16.7473376340928,42.4152065386032,2.81823929841929,3.74750694271862
"119_6",4.34108571906968,60.5133831028253,42.0775666034156,4.10286454888501,3.73951473889176
"124_1",2.99028074175512,14.6110159135616,40.1548669037894,2.68177575883873,3.69274365107359
"132_6",3.4380299349871,67.2958647993841,44.1030492626073,4.20909879047441,3.78652892433926
"131_2",3.36985534741108,17.3625560817704,45.4815522300558,2.85431593812682,3.81730679824838
"139_6",4.06231258070741,39.6100332684896,46.2054353190725,3.67908245153475,3.83309743876673
"138_3",2.93826057331608,16.9120122494611,46.4128538124077,2.8280241534335,3.83757644268788
"125_3",3.96005499372209,15.9010822656873,50.8267655832096,2.76638717393409,3.92842309739033
"096_6",3.03706432196552,92.767170114453,46.5977793280339,4.53009280688228,3.84155288609126
"049_6",4.3942527923848,54.5795338705682,46.8690978017619,3.99965897494633,3.84735856280038
"055_6",4.10607314174906,47.0109606442107,45.5249624089449,3.85038077971793,3.81826079988999
"067_2",3.88089396946336,19.2008198201128,48.1374806555888,2.95495297708637,3.87406109728353
"081_6",4.07943370802137,52.9489792065117,47.4536304163265,3.96932879341988,3.85975303248378
"080_6",4.29665197594599,49.9760762542038,46.9618609129382,3.91154441600657,3.84933580235262
"026_1",3.33193086293261,16.1271681688411,166.050666628054,2.78050531372606,5.11229296243712
"023_6",4.12154196742804,105.278924404152,46.0936286480411,4.6566132509989,3.83067473325026
"037_2",3.71915897423423,15.9974982357477,45.2728792032619,2.77243234974847,3.81270816011599
"043_5",3.22466979527829,16.9089607283298,48.4623371495895,2.82784370202298,3.88078694265278
"113_5",3.37113175829964,14.7970039827608,80.0344762539287,2.69442472668038,4.38245749501434
"112_5",3.28522779008408,15.1633253898753,43.5548904164011,2.71887970905405,3.77402199128562
"111_5",4.22520825873568,17.6126428939535,41.2224683368955,2.86861699040429,3.71898345569021
"117_6",3.93485112302892,98.5192661869529,49.3648752353233,4.59025212485831,3.89923914366881
"119_5",4.37662390407799,14.9013040861647,42.286179289987,2.70144873168292,3.74446030193095
"124_2",3.25608347435558,16.0045517838705,41.1212875327616,2.77287316827308,3.71652593225111
"131_6",2.86670984528603,62.3685828838115,45.6638349779454,4.13306166916096,3.82130662745524
"139_5",3.32112876835583,17.0953359857455,49.2955286883292,2.83880567693413,3.89783338095842
"115_5",2.94484121613294,20.0938060797258,42.7847200089743,3.00041161233792,3.7561810297087
"107_2",3.00887225434502,13.9068934514544,41.2650915900933,2.63238464896245,3.72001690260097
"108_3",3.02553314531105,16.7339998405192,44.0525492184766,2.81744256834306,3.78538322172876
"106_2",3.54260441130698,17.1084633593727,41.7723888888952,2.83957327436618,3.73223556837228
"100_2",3.27725113135,16.2387225960486,45.0080883775025,2.78739867376106,3.80684221534099
"098_3",3.30747098319737,19.2321020364128,43.1656766179142,2.95658086389263,3.76504565671612
"092_6",3.52201797279165,54.5562553007835,46.7545800340474,3.99923237666332,3.84491221957881
"087_5",3.75082505208114,17.1017814268289,47.7697865018944,2.83918263509011,3.86639335809932
"086_6",3.05026939659365,53.8392378977584,43.0483117987234,3.98600253029124,3.76232301520873
"085_6",3.3850163534358,50.2509204137983,46.5851530780872,3.91702886346394,3.84128188689221
"118_6",4.4880665389243,56.2477128742201,44.5588458304015,4.02976538024402,3.79681069381144
"100_3",3.4576978052531,16.4258544496108,44.7805182138991,2.7988565843029,3.80177318354445
"092_4",3.64655930835833,18.8875326961666,46.4034876549822,2.93850205869817,3.83737462138553
"086_4",3.19804927471525,17.549475195546,41.3537241244955,2.86502404607707,3.7221624808845
"031_2",3.78153074806528,15.7858355373096,44.1893183481522,2.75911305296953,3.78848309354624
"031_3",3.33489466307332,16.5258349365705,45.7439596480697,2.80492491012373,3.82305975345447
"037_5",4.14267028038242,16.0411903281068,45.1890851857029,2.77515980966666,3.81085557948522
"035_4",3.61393385104801,16.1096500891789,44.7118735992211,2.77941847685237,3.80023909496441
"035_6",3.89812806973644,204.265613162828,45.0707721647171,5.31942117225229,3.80823396912107
"043_6",3.63420670068522,74.1346274599975,49.6175670822384,4.30588273030052,3.90434494607084
"042_3",3.26428604524303,16.4842926620566,46.7609421241336,2.8024079676296,3.84504828447903
"042_4",3.54541262318572,17.3037649087588,48.4374426100269,2.85092410261064,3.88027312228761
"041_4",2.88119240790484,17.4466625934618,44.7201249486177,2.85914837496778,3.80042362286391
"047_1",3.43301002922548,16.4427501488319,120.506379767927,2.79988465962984,4.79170269566139
"011_1",2.71779477310594,18.2926830031216,60.2712660411156,2.9065011439967,4.09885547343188
"124_3",3.55289538986805,16.669638709513,42.8139974719162,2.81358902343324,3.75686509285696
"125_2",3.07976933034411,19.0876586315626,50.9493788416822,2.94904198126661,3.93083256806708
"125_6",3.09977879728407,139.249020174541,49.7695099825583,4.9362638423341,3.90740254718322
"081_3",4.12719974336927,15.4673689632014,46.1707330229691,2.73873257663677,3.83234611300038
"079_6",3.37437896421265,49.3655355341194,48.1326328329622,3.89925251946237,3.87396038435291
"074_2",3.31880630481337,15.6465923803861,43.6558576365062,2.75025315400507,3.77633746884934
"073_1",3.3611514169636,15.6679909756994,44.0151509969703,2.75161983983325,3.78453391548679
"072_6",3.94621765880233,77.6241301524787,46.0129826509698,4.35187833442569,3.82892358821209
"066_4",3.23867543790464,16.1710627387477,48.1309157112093,2.78322339429564,3.87392470892271
"071_6",3.36258155998662,92.0903114420852,45.7499351378197,4.5227697416592,3.82319037396795
"077_2",3.2335654525883,16.7415518684539,107.340430938809,2.81789376497328,4.67600538144911
"064_6",3.58264789508182,54.7457252672053,46.1420337760877,4.0026992883371,3.83172433014626
"064_5",3.58264789508182,17.0346299199037,46.2611942611369,2.83524832618682,3.83430347275058
"065_4",3.56444944433761,16.7727689638087,47.3945772864112,2.81975667632625,3.85850781891621
"058_4",3.85635973503364,15.1424216795861,48.9078431455464,2.7175001876348,3.88993777514395
"049_5",3.70155087236921,16.855959302669,47.6144943599226,2.82470426208684,3.86313721824536
"116_6",2.86157121905101,140.991387599332,164.378166057862,4.94869880765685,5.10216966393505
"093_1",3.81012619727864,15.7937165308556,45.6200893168645,2.75961217301358,3.82034817469879
"026_2",3.46609450317225,123.76082979033,161.030379231569,4.81835091107693,5.08159303806389
"047_2",3.24097310435342,17.4630775080223,122.145205492436,2.86008879536178,4.80521054595049
"050_4",3.8711848683324,16.0134536884457,47.1721876742878,2.77342922444668,3.85380447473011
"057_5",3.58739620473733,18.6960482362227,47.7573879839582,2.92831217726226,3.86613377713563
"056_4",3.91987702906363,16.4342806802667,46.8118030804668,2.79936943860537,3.84613537369996
"055_5",3.35764821674125,19.9948295337409,46.7921424731901,2.99547371681812,3.8457152929555
"048_3",3.35995790762042,17.0076930105868,46.3777020920625,2.8336657717299,3.83681878536631
"004_4",3.41825538110932,15.5794724842249,46.9010540221513,2.74595418134724,3.84804014901956
"003_1",3.27969739931434,14.7308355663666,44.910700030196,2.68994295434884,3.80467607437955
"017_3",3.77220661990547,15.9977310175602,47.1201282808949,2.7724469007811,3.85270026176948
"016_5",3.46419797752062,15.8684016021789,47.823327521011,2.76432981126671,3.86751354390481
"036_4",3.5447984341491,16.3949858025027,43.8806334640401,2.79697554433117,3.78147307158451
"044_4",3.89159931716782,16.5155140995065,49.8716117279883,2.80430018760478,3.90945193762389
"043_2",3.3859032850422,17.7024704046408,47.3898069969916,2.87370420072434,3.85840716331857
"123_1",4.08899192446826,17.7690248959315,47.2510744666062,2.87745676704989,3.85547539371519
"123_2",4.09828222080625,16.7531411721502,46.8681157525246,2.8185857733547,3.84733760955887
"123_6",4.47064349014056,153.847937550343,45.8002347840132,5.03596469609056,3.8242892173955
"005_5",3.87618342711361,15.5677444960809,46.5227341342402,2.74520111318672,3.83994109923035
"017_5",3.57133408287394,15.970442556614,45.9259807835669,2.77073967359086,3.82703098707493
"016_4",3.64805224579823,15.7215673023262,45.970583138655,2.75503348319702,3.82800169493792
"015_5",2.977677979308,19.0663963415856,45.8095746868758,2.94792743172827,3.82449312356993
"031_1",3.46689771024755,16.1054128657159,44.7757459220568,2.7791554183264,3.80166660715043
"037_4",4.07425359634906,15.6089242004623,45.3459636202427,2.74784281482138,3.81432116753365
"036_5",3.82769207491975,15.1624466273042,45.3626165353336,2.71882175421808,3.81468834151541
"035_5",3.90025420656532,16.1732890414919,43.4542017093436,2.78336105683177,3.77170754920736
"043_3",3.81806232453363,17.4021442026693,49.0790412156806,2.85659342866675,3.89343208451907
"007_3",3.88326505904118,17.2440870486328,47.944841035085,2.84746930492555,3.870051205032
"010_6",3.62236489533832,17.314504333353,47.0820694576256,2.85154455101397,3.85189223762029
"009_5",3.4523775764539,17.5178174692611,47.407715683718,2.86321850407599,3.85878499359162
"047_4",3.48078994125122,17.6734238954431,44.7916771667484,2.87206203640313,3.80202234463422
"074_3",3.68973311435316,16.0571609183315,44.4820153862713,2.77615491321077,3.79508495885901
"065_3",4.04409600851415,16.7604574482563,46.3454319104017,2.81902238873017,3.83612273074497
"064_4",3.98737169892308,17.0068300213313,47.533157648749,2.83361502933055,3.86142752327613
"058_3",4.12726788233796,16.7581602771491,54.3465574589543,2.8188853203624,3.99538127133951
"056_3",4.00346575205,15.7117063154675,46.5468959200863,2.75440605970292,3.84046031879477
"055_4",3.58943661231479,14.8811931425765,47.857250341244,2.7000982105033,3.86822262870367
"051_1",4.47580117549378,16.7423190099493,47.7040270311799,2.81793958652708,3.86501581846453
"049_4",4.035909392181,17.0987437693164,47.6661188428236,2.83900499702735,3.86422084871786
"067_4",3.76927530441407,16.0419362621813,49.4070162542455,2.77520630975278,3.90009244354682
"047_5",2.97339715588399,16.9706416818364,46.4679996257947,2.83148489124996,3.83876389559826
"026_3",2.87139633611617,17.4877626763516,44.0741495420905,2.86150136068517,3.78587343239931
"013_1",4.1401220825698,17.4635624251657,97.5740194621076,2.86011656311409,4.58061126394734
"009_6",3.53380613357443,53.1011631144463,47.0227549012085,3.97219883223486,3.85063163138302
"002_2",3.9962637712406,16.665349827437,108.758169629804,2.81333170328477,4.68912679017988
"001_5",3.748930127223,18.2379232740262,46.9239230481525,2.90350312257347,3.84852763171698
"076_2",3.97648868457553,116.413244842146,90.3373262810069,4.75714631612771,4.50355073360746
"071_4",3.59395169403627,16.0881610611907,44.9602079658283,2.77808366368271,3.80577783114921
"079_5",3.94651948370385,15.7250016304379,48.2318594228898,2.75525190627094,3.87601978658031
"081_2",4.43546461440414,15.7101399354554,45.953915943809,2.75430635964068,3.8276390670162
"074_1",3.8533218711914,15.7753888937035,44.6450193618429,2.75845106065612,3.79874275265355
"072_5",3.75444380865833,16.4875718782539,46.5967990470888,2.80260687759444,3.8415318487957
"073_2",4.19813369003077,17.2445974829711,45.5912695668634,2.84749890503035,3.8197162413231
"066_5",3.6991026983993,15.8796305812611,44.9133891032481,2.76503719240363,3.80473594858654
"051_6",3.92995203753637,56.3695782083432,48.8195907611608,4.03192961950993,3.88813168232339
"049_3",3.41861787394473,16.2659842998165,45.4460838870845,2.78907607452934,3.81652665381078
"022_2",3.65188165260663,16.1598442912576,47.2887083593287,2.78252941760455,3.85627154309454
"022_1",3.60070830315148,15.7146682075376,45.8157169963074,2.75459455692054,3.82462719811044
"087_4",3.34509368152415,16.8019991359471,45.8100688049552,2.82149787551705,3.82450390986118
"086_5",3.99890572161008,14.5048311184031,42.2787962143568,2.67448177451373,3.74428568884545
"085_1",3.18067480692181,15.0503336451663,45.7972085687909,2.71140016006319,3.82422314098304
"107_1",3.36372163814946,18.4137073938151,41.1734914100229,2.91309535431989,3.71779463689882
"106_1",4.02914611383282,16.1313222034769,41.6206432110619,2.78076286047489,3.72859627522046
"093_3",4.13192759285119,18.8805604305803,42.4107507829286,2.93813284409991,3.74740188629912
"123_5",4.31264971128764,15.3553570671215,44.3216490018385,2.73146440774951,3.79147324846706
"093_2",2.62948009522709,16.5016325145017,43.5445392893183,2.8034593162851,3.77378430598351
"091_6",4.22062273214598,56.5484362831819,42.1267572818628,4.03509755024668,3.74068310369236
"098_4",3.96498965013797,16.3638480228835,43.6925767169099,2.79507451273996,3.77717821849388
"108_1",3.88091318136107,15.1618429236868,46.4620796845757,2.71878193771281,3.83863648924564
"116_4",3.01371941495287,14.202205669916,124.490915700873,2.65339728141226,4.82423274698455
"110_5",4.70828701414952,17.5119999577533,41.7499969161845,2.86288635780812,3.73169937743302
"112_6",4.2844515439969,48.7733504303535,44.7332572965301,3.88718406595477,3.80071723608852
"119_4",4.13407943952951,14.3666244376757,42.5007190872183,2.66490776906435,3.74952099548649
"118_4",4.33628091366366,15.7344625988324,47.7641812698837,2.75585337669719,3.86627601277916
"117_5",4.02590488983442,16.5012438280812,45.560114211114,2.80343576158541,3.81903264540451
"131_5",2.88777837530895,14.8066271638994,45.2690881442632,2.69507486189047,3.81262441863982
"138_4",3.77892773139232,19.2902375566913,43.7932584238481,2.9595991418595,3.77947988827218
"047_6",3.65184813459882,17.4076805251947,45.937975996987,2.85691151832192,3.82729213875854
"026_4",3.14181934076813,136.760412665304,44.7684052601505,4.91823058220808,3.80150265089364
"019_1",3.40614914639076,19.0442932147174,97.5445031978961,2.94676748791178,4.5803087169207
"002_3",4.05174830045455,16.4415879018857,46.8852653857813,2.79981397266969,3.84770345521136
"002_4",3.35831129982108,17.66105335759,47.7953593992398,2.87136183991968,3.86692855108657
"011_3",3.28760323331222,18.7867765027193,48.1981417598048,2.93315324483495,3.87532046761223
"098_2",3.33607806389162,16.0169091117677,43.4391237571632,2.77364498368468,3.77136050408621
"108_5",4.25762066462462,16.5312632678297,44.4574755392764,2.80525333164908,3.79453312643087
"109_5",3.56187732658768,16.4644547710168,46.4068723812864,2.80120380085651,3.83744755993041
"107_6",3.39296385495034,47.9066743420452,43.0839252394316,3.86925483379244,3.7631499632589
"019_2",3.77231765517272,55.6609194322733,83.6717425819491,4.01927827468703,4.42690131693358
"002_5",3.87902611320492,17.4469288059516,46.8479839962123,2.85916363349975,3.84690797672788
"007_5",3.74620764786414,17.1489408200543,48.0852995118439,2.84193641194114,3.87297650694496
"011_4",3.48773030395744,70.1682116719279,47.3726765695423,4.25089538328927,3.85804561881295
"008_2",3.99906645690577,17.3356756850871,59.0236595681009,2.85276655646141,4.07793837315168
"112_1",3.00394856941595,14.4296895457918,44.9035420325818,2.66928785805619,3.80451667877669
"111_4",4.0275475591153,17.0071692928695,42.6576979818824,2.83363497826599,3.75320774960601
"110_6",3.69644429273334,43.3491216515037,42.9877710853832,3.76928644123359,3.76091568188292
"119_3",3.36206002678501,15.3716599150853,43.1496570147739,2.73252554879701,3.76467446882517
"118_3",3.33603592110054,15.9995598900868,47.6753304850059,2.77256121499188,3.86441408350243
"117_4",3.62923208678093,17.0214135616154,44.9567702862664,2.8344721726704,3.80570136773528
"125_5",3.42207712592695,17.8703116048232,50.842945355043,2.88314076633454,3.92874137845596
"124_6",3.40018987262673,150.566164326517,42.9449719985741,5.01440261765647,3.75991957518803
"132_1",3.06632230542219,17.1580966922362,45.7461931042934,2.8424701725374,3.8231085774242
"131_3",2.93592352938632,15.3304063026465,47.3500231462467,2.72983819629287,3.85756730846505
"131_4",2.91619692224288,20.0753291047833,46.19620608483,2.999491653461,3.83289767533974
"139_4",3.20188929957572,19.7851808479335,47.5240422212762,2.98493321545437,3.86123573501573
"138_5",2.82970132407603,17.4768169554016,43.8599322071509,2.86087525727293,3.78100119732395
"125_1",4.06997420853462,17.6886734339867,52.5868653326801,2.87292451576044,3.96246638005712
"087_3",1.78516669614437,16.834291917499,43.8210889120124,2.82341799158587,3.78011518351655
"086_1",3.79218632577838,16.2631044720729,45.5468752985595,2.78889901283719,3.81874202197992
"085_2",3.83664400775917,15.3956619060781,46.0749951153402,2.73408577532575,3.83027039754048
"093_6",4.52005806622495,51.8402856870001,45.6525818245675,3.94816756296634,3.82106016238731
"091_5",3.42511548300343,17.7528261189604,42.6507334181269,2.87654472121719,3.75304446999445
"098_5",4.60458546941246,16.6573266725329,44.4143955778391,2.81285016002944,3.79356364161481
"100_4",3.73622483756527,17.8967757044235,44.9999612721928,2.88462056837717,3.80666162915201
"101_2",3.91446348989035,16.3757700806667,45.6867612711438,2.79580280824251,3.82180856821142
"095_5",3.87647491280876,15.9279628900664,49.6973340537762,2.76807623690398,3.90595129089478
"095_6",3.87847711534942,103.449140250158,50.6386238317967,4.63908009338039,3.92471460194922
"090_1",3.92864597476037,16.0289780273253,98.5784271056399,2.77439821083522,4.59085244563807
"090_2",3.89774542730256,16.5683982950413,98.8185357518033,2.80749716382372,4.59328519598141
"089_1",3.84149984215152,18.1975105521549,96.182426810029,2.90128480187849,4.5662466674924
"099_1",3.62778489104715,15.7520105960107,44.8110018839947,2.75696801401376,3.8024536870394
"116_1",3.43120140442327,15.3749514912937,116.895071873892,2.7327396586498,4.76127671082201
"115_4",3.38903543085934,16.9209235880962,42.0831165345976,2.82855093827322,3.73964662782096
"118_5",3.58389709256486,15.5364645274686,47.6347737133394,2.74318981117075,3.86356303471898
"123_4",3.7015458151284,16.0624588748468,43.9816156284223,2.77648480233134,3.78377171997763
"124_5",3.43274211779073,20.3995711411002,42.2741565856164,3.01551387813411,3.74417594392014
"132_2",3.19948911927153,17.4315721514597,44.2595089328668,2.85828305348267,3.79007023950638
"138_6",2.26099503674072,38.9192530851058,44.9725465342999,3.66148906610349,3.80605222658206
"002_6",3.38650929610493,16.5390786382231,46.3072401998237,2.80572598297885,3.83529832467289
"019_3",3.46018523612191,77.1453857516695,49.3635237485805,4.34569176822819,3.89921176579666
"008_3",3.55777083560652,17.4394949533526,47.1678848198963,2.85873745896475,3.85371325465192
"083_1",4.58896373012744,15.8249211525313,129.129897640789,2.76158598555535,4.86081885617482
"100_5",3.82722835657959,17.4706778621043,45.2759276168297,2.86052392488744,3.81277549205942
"089_2",4.04047338856555,67.1515371306553,97.2546395882517,4.20695181370733,4.57733268920892
"101_4",3.81012619727864,16.1611148822117,46.3659835968884,2.78260804094911,3.83656607823807
"008_4",3.74429429260995,17.8210126937571,46.9554260810253,2.88037824948278,3.84919877045724
"124_4",3.48632008201112,17.7167406731562,42.9644884524007,2.87450999333537,3.76037392454746
"081_5",4.03048146803548,19.1605329925985,47.9264665125599,2.95285259014111,3.86966788862128
"079_4",3.5368882730093,16.2530788722401,46.9096698130072,2.78828235988968,3.848223833582
"080_4",4.23707232432672,17.1005401648481,47.6888934502579,2.83911005159731,3.86469852906878
"074_6",3.8804462147823,64.9099565056868,45.32384033462,4.17300102497408,3.8138331707564
"073_3",3.74985468286818,15.7704240267375,44.6863939590281,2.75813628880227,3.79966906958072
"072_3",2.43912979817154,17.1032473962796,47.8575155195984,2.83926835169389,3.86822816971612
"076_1",3.59698294904268,17.1383855502234,97.8982367997173,2.84132071679767,4.58392853915689
"067_6",4.0780736978491,54.6360231506041,53.3949788029109,4.00069342986492,3.97771671163703
"066_6",3.75668521582197,55.0432595987273,44.9436500707133,4.00811941423211,3.80540948443609
"065_2",3.92153979478461,16.1058931133482,47.2853782736529,2.77918523690207,3.85620112030125
"084_2",4.23093923285592,18.6223560497178,127.992714123175,2.92436279712664,4.85197334138687
"083_2",3.75369621496965,53.3422737037395,128.43781694297,3.97672914446217,4.85544487237
"064_2",3.65234476028914,15.353287089856,46.0724594245801,2.73132959376957,3.83021536203736
"064_3",3.67379703713392,16.2306894074763,46.4526271359659,2.78690385797965,3.83843302202358
"071_5",3.59538777279861,17.3756723971818,45.4111345425166,2.85507108982044,3.81575732921785
"056_2",3.59059597481284,15.7475651996948,46.2916054716975,2.75668576282573,3.83496063734728
"077_4",3.59299305057359,16.9698194595159,45.9058951108637,2.83143644038671,3.82659354260747
"051_5",3.91930665484158,17.2627111830562,48.5641046215359,2.84854875229164,3.88288466998169
"103_6",3.74402309085576,48.4391189430995,43.2195401050352,3.88030772989643,3.76629271023164
"108_2",3.54215298435742,17.7861589808707,46.0695546166056,2.8784205694774,3.83015231136486
"080_3",4.24348058393695,16.9385543261181,45.2451811402369,2.82959234473908,3.81209617033662
"074_5",3.9883474701365,16.0433026433035,44.7849271507056,2.77529148169911,3.80187163528088
"073_4",4.0861508933445,16.4785907682391,43.4848636879977,2.80206200918902,3.77241291634664
"072_4",4.06889613386824,16.1726746792734,47.6174494490035,2.78332306988391,3.86319927912459
"049_2",3.2511848738101,17.0121823655589,45.928548436468,2.83392969715282,3.82708689401656
"048_6",4.07271842777232,53.6109254579201,48.4842632672153,3.98175288047575,3.88123927657486
"055_3",3.95873954938557,15.7393538279938,49.2160525179879,2.75616418928721,3.89621984097437
"051_2",3.75532635772804,14.9673693799926,48.0667807052762,2.7058724568705,3.87259130868914
"023_4",4.04196088322183,16.5350728747453,45.1011187560642,2.80548375372645,3.80890705232212
"023_5",4.06371958368748,14.9973226373278,46.6238020469695,2.70787169432601,3.84211118427132
"021_6",3.49071586235749,103.538970844174,46.0246746587905,4.63994807173123,3.8291776583009
"031_4",3.1378269853634,15.1104669046901,46.6427356878181,2.71538767618382,3.84251719572126
"037_3",3.86282723187451,15.4515046363433,45.8771848800794,2.73770638606749,3.82596793205433
"036_6",4.17297507534771,104.818188337066,44.0985524559958,4.65222730966299,3.786426957787
"044_1",4.48831107665981,16.285851983514,48.0071138476488,2.79029675443149,3.87134920508594
"042_2",4.13845877887606,16.2135339453357,47.743689247817,2.78584632218643,3.86584689584314
"041_3",3.69968516033374,16.7315354275358,45.68506874307,2.81729528768742,3.82177152116807
"101_1",3.55350807131067,14.4811493827332,50.3435772409251,2.67284776106794,3.91887104878204
"109_4",3.63966301316635,14.700995272976,46.5130860835008,2.68791519713739,3.83973369415236
"086_2",2.61358857960621,16.8674112005878,46.4457449146202,2.82538342897841,3.83828485535055
"085_5",2.63395758854058,16.9689240810433,49.1877312447818,2.83138367600127,3.89564422745819
"104_1",2.85953864478334,16.1291922717681,42.1354757445207,2.78063081473746,3.7408900401187
"044_2",2.56513963599309,17.5787180307742,49.2263251317547,2.86668896757159,3.8964285440563
"044_6",2.48553394288455,75.6291599439739,48.0352242838008,4.32584192236177,3.87193458102538
"042_1",3.19760940273418,16.8926029115234,41.9699295247201,2.8268758285685,3.73695339816182
"021_5",3.49491842066295,16.0393768008213,46.1441508525552,2.77504674886695,3.83177021082659
"015_2",2.8723675999683,16.9090963560463,46.6205247267637,2.82785172304655,3.84204088894461
"015_4",3.30991485547082,15.2282890098915,45.2370974038453,2.72315481718777,3.81191748923921
"005_4",3.4187392003125,14.4046466150029,45.1836530848522,2.66755083612887,3.8107353640096
"003_2",3.10664194575641,17.0804642830794,46.6096180044465,2.83793537084106,3.8418069147803
"013_2",4.04526762814713,53.8787361814098,98.448445801362,3.98673589509427,4.5895330182806
"008_6",3.36844681267304,17.3485254323261,48.2412043573346,2.85350751328976,3.87621351805535
"049_1",3.33429055425555,16.4863566829348,45.964084016391,2.80253317116195,3.82786030926751
"048_4",3.16262838373128,16.0989141218146,46.2156517189956,2.77875182386582,3.83331852251054
"058_6",3.87665039667151,51.2300750683981,49.1791186544222,3.9363267632711,3.89546911581458
"073_6",2.76552887728533,69.6571750772955,43.9918140176388,4.24358571110516,3.78400357155607
"139_3",3.51718751980912,18.392535240119,43.7800705464481,2.91194488882728,3.77917870347871
"010_1",3.39797502773247,18.144034474104,96.1274551892952,2.89834182757131,4.56567496913078
"013_3",3.76822043556501,16.5141224293026,47.5568043111813,2.80421591963511,3.8619248767808
"008_5",3.34941509409028,17.6865108928584,51.1763178272155,2.87280225258798,3.93527688260251
"058_2",2.75307251531506,16.7063877310519,48.394395240034,2.81579114515405,3.87938400619141
"056_1",2.98273714016963,15.538344774556,45.7097169249839,2.74331082540266,3.82231089947792
"065_1",2.77545604866438,15.6974900606686,44.8412448075339,2.75350083082667,3.80312835891439
"073_5",2.73381754612375,15.8660877769939,44.3441773104693,2.76418398726044,3.79198141063173
"016_3",3.05459572731752,16.6189230495402,44.3925783660569,2.81054198886451,3.79307230154877
"041_2",2.8154861482691,17.5327475219481,45.8210262568174,2.86407041922165,3.82474307434802
"110_1",3.6444807310753,18.260162731992,44.7400151359173,2.90472178706534,3.80086829437032
"117_3",3.59968933465101,17.386623215592,44.6048798657394,2.85570112984395,3.79784326707077
"107_5",3.61658736645711,16.0355044233061,42.0228680140336,2.77480529029337,3.73821394663442
"100_1",3.42054056730768,15.9354154991218,46.7889172629451,2.76854402215263,3.84564636425871
"100_6",3.7508386504921,51.1250657876407,45.1151094938303,3.93427490116196,3.80921721243743
"099_4",2.74985544372962,15.5914910152358,46.8379470416449,2.74672531770346,3.8466937085983
"092_3",3.04757925191245,14.2947033008419,47.0253514799867,2.65988907010885,3.85068684948105
"089_4",2.58416113775064,65.8052433001922,44.3402887315331,4.18669952056981,3.7918937159291
"104_3",3.69535463648036,16.7659170715566,41.9005432020806,2.81934807997634,3.73529879109419
"087_1",2.83157495229224,15.9719050622504,45.7844061605464,2.77083124517194,3.82394355630077
"069_1",4.58012339744069,16.3242548338153,93.2882255931817,2.7926520284126,4.53569390045949
"003_3",3.68155743769368,15.4166359736786,44.2540213401349,2.73544718439182,3.78994624506797
"017_1",3.8693728267107,16.6839847676995,46.2750777048855,2.81444926334576,3.83460353765611
"016_2",3.66612649630321,14.9869065680959,45.1327767080531,2.70717692444685,3.80960873882529
"022_6",3.70840979304277,100.02683675921,44.6524249618307,4.60543851757605,3.79890861630308
"044_5",2.67153970314786,18.2399761278526,50.4582213525661,2.90361567586532,3.92114569393067
"041_1",3.37662402637518,16.7364288706942,51.3546632729607,2.81758771319317,3.93875574574612
"043_1",3.19885583811476,15.0210947323179,48.3006337888083,2.70945552865457,3.87744468249393
"072_1",3.09291240507661,16.57205385714,48.3074536477094,2.80771777409764,3.8775858685808
"081_4",3.50978330201769,16.2335338731632,45.4182167366364,2.78707909492708,3.81591327427381
"066_1",3.08269331612106,14.3593357769187,48.6860604721232,2.66440030746105,3.8853927565109
"067_5",3.16931716235506,14.8808973248391,52.8966729477662,2.70007833167538,3.96834044364946
"055_2",3.667243536578,14.7940158102368,50.1309998232671,2.6942227618576,3.91463957568588
"050_2",3.63264282428824,16.6184191234557,49.6878182090062,2.81051166597756,3.90575979660046
"048_5",3.96937649370016,17.7547769765689,47.829472426578,2.87665460515417,3.8676420274532
"071_3",3.7195059920479,18.3840317488689,45.2555566837687,2.91148244808864,3.81232546224797
"139_2",3.05893326156219,16.3392842953511,45.5026181970136,2.79357228769847,3.81776986709289
"112_3",4.03579169826754,17.2746873186559,42.3447243727434,2.8492422692674,3.74584384126614
"108_4",3.95325818588456,15.3982599940049,43.6943175735259,2.73425451563375,3.77721806100414
"087_2",3.30602827380016,16.6855167496814,46.372788300507,2.81454108263663,3.83671282815704
"086_3",3.59047889621406,16.2914837679364,44.2418411497473,2.79064250305387,3.78967097365704
"138_1",3.71263302102705,18.0927735361585,46.1213653366199,2.89551260640348,3.8312762989657
"097_2",4.27063630279497,17.8531985565973,78.8122431311034,2.88218268301868,4.36706835447927
"109_6",4.3870833562142,52.6005618735022,45.4978456805768,3.96272680169236,3.81766497715634
"092_2",3.11967014418234,17.4777536236533,45.8622316079661,2.86092885073646,3.82564193756215
"085_3",2.95834873411471,15.4086739181247,46.8594175294588,2.73493059229533,3.84715200298658
"004_3",3.00312457959222,13.4995832965303,47.4039677559257,2.60265881804431,3.85870593312864
"017_2",3.6174199951222,16.0258851249695,47.2118698274752,2.77420523528885,3.85464534037153
"015_3",3.8469993961184,17.1540694463005,46.078490719937,2.84223543096277,3.83034626237764
"023_2",3.1620043241612,15.1104385500232,44.4726478373766,2.71538579969028,3.79487434485431
"023_3",3.62985203997848,16.8877744457406,44.8432557946735,2.82658995456748,3.80317320472668
"022_5",3.7306594002472,15.8784292404563,45.8692442853066,2.7649615365977,3.82579483333289
"021_4",3.9582844826127,15.6861814436937,46.109724274854,2.75278016196147,3.83102386647517
"058_5",3.24651755713637,19.9577041955962,49.815808778393,2.99361524400727,3.90833237900475
"057_3",4.63812055031644,16.4840804937492,41.7122101737023,2.80239509660886,3.73079389586522
"050_1",3.62720678072538,16.6585300382256,49.0667868828511,2.81292239984627,3.89318236768177
"067_1",3.12242110044557,15.8359080573465,46.820658443262,2.76228002330044,3.84632452525439
"064_1",3.51833530343748,15.354766007944,49.5890809665912,2.73142591495831,3.90377066769352
"080_2",3.95661732664103,16.4475425953594,46.434074221933,2.8001760797518,3.83803354795445
"079_2",3.70612976806369,17.5075436872648,46.6495318664072,2.86263185589012,3.84266289222494
"074_4",2.23944080609935,16.4448537951959,45.5226436546518,2.80001258906917,3.81820986490347
"077_3",3.49258659154808,16.5230920177474,46.2644598197346,2.80475891872357,3.83437405984627
"083_3",2.45588932557903,71.9220123134697,45.2451011340267,4.27558236965889,3.8120944020537
"072_2",3.22472370687643,16.277043226541,46.855738679032,2.78975572408815,3.84707349166402
"112_2",3.20247138556154,18.6565078202684,44.0523922610362,2.92619503000926,3.7853796587631
"101_5",3.56235302287588,17.3970488542118,47.1862001425964,2.85630058575596,3.85410147998286
"098_6",3.66693237681436,49.1364649210994,41.9858129134066,3.89460142557774,3.73733177344419
"092_1",3.5122285687876,17.3435040106346,45.0454937680173,2.85321802767551,3.80767295170427
"091_4",3.31071731001486,14.2209950438259,41.9909717956719,2.65471939687956,3.73745463793084
"103_5",3.96560648883863,17.6211399941447,43.1850735857061,2.86909931728829,3.76549491669528
"090_3",3.32124118450555,17.3055852191961,45.4338470652753,2.85102929444072,3.81625735734995
"089_3",3.17594159295773,14.7823186101071,46.7758028472763,2.69343177805459,3.845366036038
"095_3",3.19105565768336,15.4900167316361,47.7080039599051,2.74019573458546,3.86509918171938
"095_4",3.21075178940421,14.8423330122698,48.2505535381609,2.69748343645227,3.87640730001268
"091_3",3.38203413892097,14.1478570486963,43.8354617226923,2.64956316729843,3.78044311818212
"101_3",4.21038870522144,17.167285084361,46.4406454194997,2.84300554268443,3.83817505465516
"085_4",3.48545572487765,16.1199804958376,50.3050979089221,2.78005952714212,3.9181064220481
"097_1",3.89647680648925,17.1928289627144,79.4564601916947,2.84449237611136,4.37520920108927
"097_6",4.68901927935502,91.6621942733777,79.10204360838,4.51811001806323,4.37073871019689
"095_1",3.17319733297321,18.5379146679915,48.0898462350414,2.91981807635703,3.87307105784303
"095_2",3.75318440904404,14.4494306696345,47.393820876883,2.67065501375695,3.85849185895607
"104_2",3.10343621850961,16.0390418690864,42.9935625620149,2.77502586680675,3.7610503966261
"104_4",3.13661987300421,17.2660660581292,41.4977399524605,2.84874307571411,3.72563896677685
"080_1",3.85442673123745,15.8199178950276,46.7349200705125,2.76126977237835,3.84449163836268
"058_1",3.70992309383657,15.5532053384821,48.270798217026,2.74426674847524,3.87682678603922
"057_4",3.78785053926872,14.7001855691241,44.2635145656937,2.68786011745495,3.79016073873859
"076_3",3.89719868902921,17.5810799332048,46.2217853664788,2.86682332001791,3.83345123167439
"117_1",2.79368807469311,18.2553986832502,43.9282222916343,2.90446085454319,3.78255699032696
"110_2",3.71439773364911,15.4992317026776,43.3699759108484,2.7407904551275,3.7697674024136
"119_2",3.88503418295754,15.382468585656,44.1967379197607,2.73322845741726,3.78865098363975
"116_3",3.58053736338623,15.7217763714061,120.00453353523,2.75504678134254,4.78752952152867
"111_3",4.06335749863213,15.5999157787065,41.5860152154302,2.74726551544005,3.7277639380425
"118_2",3.9707841561509,15.3540422623094,46.9192433576776,2.73137877892956,3.84842789743354
"132_3",3.0704583386155,16.0582673591366,45.7400838648129,2.77622381721516,3.82297502210439
"017_6",3.67011773245041,125.116934627737,45.0220809474775,4.82924877703826,3.80715305714419
"015_1",2.89278070049795,16.9051936644874,46.3946467076682,2.82762089214199,3.8371840798967
"021_3",4.05643354353077,15.6047416653633,45.713601609049,2.74757482097907,3.82239588182443
"138_2",3.37739056387647,16.559918171361,44.4519630944302,2.80698520760197,3.79440912508887
"125_4",4.4765025430875,17.0567894079862,51.4775675111546,2.83654833021365,3.94114613046848
"109_1",4.91530805538033,19.4254116570375,43.960015810727,2.96658208815465,3.78328048919703
"101_6",3.66429768503752,54.1782807874251,47.0014094195504,3.99228010465525,3.85017758891045
"090_4",3.1735648007877,17.9294606192762,44.6401632585561,2.88644520458096,3.79863397529209
"091_2",3.66374283530067,15.5844505081623,42.8849528403032,2.74627365486031,3.75852101476364
"113_6",4.02413682467009,49.222408696146,68.0573887052719,3.89634898111103,4.22035130079736
"005_1",3.83531097565426,15.3870928481353,44.8650954753541,2.73352903125053,3.80366010880647
"004_2",3.05352758192393,17.350467001545,47.318599159465,2.85361942254619,3.85690343511039
"003_4",4.0603352604611,15.743207579694,44.7869459986917,2.75640900746891,3.80191671300261
"017_4",2.66586758662759,15.6736711311551,46.610338772175,2.75198230660342,3.84182237858769
"022_4",3.78120569801263,16.5261663992639,46.2610307243365,2.80494496716597,3.83429993766913
"023_1",3.70238744838855,15.9181382545876,44.2791539177723,2.76745922977046,3.79051400010983
"021_2",3.35419312181583,15.9796561189914,44.9892572896821,2.77131642064421,3.80642373437457
"031_6",3.69694375699616,91.5773634693832,45.2537258203742,4.5171841174433,3.81228500532811
"042_6",4.58501771842332,69.7943160803932,47.7714179464869,4.24555257493961,3.86642750974315
"041_6",4.53693627200929,119.57406030808,46.8849645809943,4.78393593093694,3.84769703942701
"001_1",4.10087761811447,17.0782759548538,107.383452461051,2.83780724385433,4.67640609628471
"002_1",3.77824661437367,17.9617674038406,110.410430588432,2.88824546581855,4.70420460934773
"009_2",4.0976329397189,51.5016008934137,125.048015505734,3.94161289249556,4.82869778759142
"013_4",4.72863819408951,52.4510367632814,46.6171747170805,3.9598801013444,3.84196902939199
"010_2",4.39671294443853,17.0219637593992,99.9072713975064,2.83450449600769,4.60424246976751
"047_3",4.17597439308799,16.8546191364274,44.4196736662812,2.82462475195652,3.79368247189002
"071_2",3.66559231752637,17.0949666977703,46.6128732125291,2.83878407502094,3.84187675217772
"067_3",3.4433256750666,19.3670813229735,50.5828101157317,2.96357478578534,3.92361179754219
"079_1",3.81097614216836,17.1846888959993,50.5665985456065,2.84401880690833,3.92329125053201
"076_4",4.41972863711329,113.935808248008,45.6032000012159,4.73563520425851,3.81997788952342
"084_3",3.89836086462937,34.4272606243626,44.8422837344565,3.53884871055925,3.8031515276487
"057_1",4.09775899482756,15.8694686508503,49.111883017417,2.76439705261991,3.89410102216718
"055_1",3.98318092168721,16.540564766756,49.9198811331228,2.80581583452385,3.91041934291096
"050_5",3.35739483007697,16.5214753527923,46.3960409141701,2.80466107117495,3.83721413046617
"070_2",3.77136565135277,18.6191670211838,88.9633831221074,2.92419153514384,4.48822485947911
"013_5",4.76855965006038,17.7728276883851,46.8032324496513,2.87767075659695,3.84595226997541
"076_5",4.03030497290923,17.5186731937568,46.3278232533446,2.86326735169056,3.83574271480105
"022_3",3.93563687917721,14.435666529849,45.6253478316181,2.66970198661411,3.82046343558029
"021_1",3.25342700300706,15.0408736050055,45.6560931491769,2.710771402274,3.82113707347188
"031_5",3.71526185133197,16.377326613161,46.1811717720299,2.79589785467492,3.83257217761981
"112_4",3.40049469913179,15.9995700346903,41.6255375587893,2.77256184904685,3.72871386254249
"111_1",4.00407058931639,18.7413530621244,42.0216549202035,2.93073247602479,3.73818507874897
"111_2",3.46972097430344,18.2064670540062,42.1675161047606,2.90177686360476,3.74165016407349
"110_3",3.96989454134987,16.6093718176475,44.9201480821378,2.80996710338248,3.80488642643956
"117_2",3.79758205036089,15.1919070820306,44.2581935283167,2.7207628572479,3.79004051879485
"119_6",3.66882567597859,60.5133831028253,42.0775666034156,4.10286454888501,3.73951473889176
"118_1",3.71867939798123,17.5393752128372,47.1429675420577,2.86444836560477,3.85318484720369
"139_1",3.63300318339261,18.1780611033741,43.9067063582192,2.9002154330824,3.78206707283796
"132_5",3.7556759133967,18.3893713890641,44.7780159760882,2.91177285581689,3.80171730416156
"131_1",3.46124063881967,18.0751599078745,44.9967197514714,2.89453861491438,3.80658959270165
"116_2",3.12125874964581,17.497493651283,117.34339634849,2.86205765074583,4.76510464758616
"099_2",4.08136117887081,16.5635778459482,46.6944734319982,2.8072061791202,3.84362581574466
"107_4",3.96129387513323,15.764284309554,41.6463244429053,2.75774689453894,3.72921311604897
"106_5",4.25969013911607,16.5382584802684,43.917644223472,2.80567639265349,3.78231615786362
"106_6",4.01176717329083,45.5846653138427,43.2068713721111,3.81957137298606,3.76599954214105
"109_3",3.82248058079553,17.0358663088429,47.415926859865,2.83532090446284,3.85895818196421
"104_5",3.45631332122898,16.784817005345,42.8771747968601,2.82047472809941,3.7583396283247
"103_4",4.16022845801633,17.072916534345,42.9608371772362,2.83749337952561,3.76028893737657
"104_6",2.81549918515234,49.9285012961481,43.3889136557108,3.91059200796245,3.7702039627536
"096_6",2.63899618096147,92.767170114453,46.5977793280339,4.53009280688228,3.84155288609126
"079_3",3.88964381572576,15.6228129463869,45.6510526408792,2.74873221439431,3.821026665721
"123_3",4.36119184196822,16.6087172543002,44.3408489603608,2.80992769332816,3.79190635060751
"119_5",3.88839585143751,14.9013040861647,42.286179289987,2.70144873168292,3.74446030193095
"116_5",3.56062288827276,15.1603624618845,130.069766171764,2.71868428902369,4.86807096936329
"111_6",4.20075918743483,46.9238750231368,40.5582209937083,3.84852660825097,3.70273849721914
"132_4",3.33566616752052,16.5407965608299,43.7877328168881,2.80582984809914,3.77935370548094
"091_1",4.13223345581349,21.8830593627491,43.2980491218732,3.08571279240213,3.76810757907134
"109_2",3.88026771891552,15.8324712706624,43.8711327702755,2.76206297482682,3.78125653591327
"097_4",4.39786683283483,17.905935958919,80.4998139390129,2.88513227569038,4.38825487310524
"097_5",4.420288523197,16.2693476013393,80.5523217359439,2.7892828221688,4.38890693274507
"103_1",3.77269791008224,16.5749153779904,42.9151687401145,2.80789043065862,3.75922534712364
"103_3",3.94232403180058,16.9892314430648,42.6693132343039,2.83257969881987,3.75348000225679
"078_6",2.473997960965,46.0697761089133,45.026454387141,3.83015711913383,3.80725019230915
"071_1",3.16801138102068,15.672679440003,45.0065294994642,2.7519190334546,3.80680757923243
"076_6",4.53020846093308,111.857674749216,45.3307806163096,4.71722730202573,3.81398628554813
"077_5",4.52319677997934,16.5333966435152,45.0619580183464,2.80538237430031,3.80803838764072
"077_6",4.44910052287546,17.5485608127003,46.0400987024894,2.86497194157494,3.82951272769346
"069_3",4.30230079055105,17.1523164206479,45.9317252503134,2.84213323275041,3.82715606023432
"069_4",4.30981515005327,348.544999674401,45.017871085888,5.85376734575118,3.80705954617495
"070_3",3.83104699150216,17.1677447385847,45.4482460839223,2.84303231733563,3.81657422986616
"097_3",4.30557244302777,16.0434489525675,78.7995652089617,2.77530060130497,4.36690747919584
"103_2",4.00170311952187,16.3024742056298,42.0303401534508,2.79131688804994,3.73839174209517
"119_1",2.86408672215373,17.208276461571,43.980496954924,2.84539045771102,3.78374628462903
"046_4",4.10653422345865,457.969685058224,45.2459950864077,6.12680299209434,3.81211415985128
"051_4",4.62502156552475,16.6355184462813,47.5188177764617,2.81154007497705,3.86112579630345
"056_5",5.09403117757592,18.8116398774722,45.8298113119041,2.93447582066505,3.82493478138195
"056_6",4.88993896562072,49.6234555063357,45.6416588908097,3.90446361522499,3.82082087163415
"050_6",4.41042295336769,56.7890367035672,47.470681339924,4.0393432913149,3.86011228552371
"009_1",4.20869024993342,17.5971633454498,106.858380195043,2.86773771550027,4.6715044082175
"005_3",3.5905953799738,15.5965457105024,44.7320300321844,2.74704946092256,3.80068980054603
"004_1",3.25226031826772,15.982204327073,46.2949187478679,2.77147587369554,3.83503220880327
"003_5",3.46538505357454,16.7881506575449,44.9419457058467,2.82067331955217,3.80537156145517
"016_1",3.87713393405196,15.5560160396233,45.7484008485305,2.74444744738215,3.82315683698014
"016_6",3.92984234103603,119.601591784403,46.5906953722062,4.7841661506621,3.84140085107054
"015_6",3.962717599323,114.387381938647,45.7345683058492,4.73959077512335,3.82285443003129
"031_3",4.1861820280064,16.5258349365705,45.7439596480697,2.80492491012373,3.82305975345447
"037_1",4.1244151397522,16.5456632031268,46.1811687346678,2.8061240253769,3.83257211184923
"037_6",5.10499122115574,85.1978089309702,46.4277778965709,4.44497571673194,3.83789794166989
"036_1",4.68443241674324,16.8929494510934,44.8598940841237,2.82689634263714,3.8035441680577
"036_2",4.25649565867511,15.0422961108403,44.2526579225978,2.71086597381345,3.78991543569745
"035_2",4.22607702598018,16.6171640906573,43.967732554144,2.81043614253686,3.78345601384267
"044_3",3.8292869217671,15.190756840477,49.2171720349028,2.72068714028266,3.89624258770282
"043_4",4.39280420066522,15.5586694275303,48.1986163541667,2.74461800272434,3.87533031429943
"013_6",4.347399226542,52.6185860782242,47.6463344928105,3.9630694048259,3.86380570149198
"008_1",3.57041234949655,17.4094344560157,53.3734834543157,2.85701226939353,3.97731405811123
"007_1",4.18975714278391,16.5353608608756,60.6067814883653,2.80550117025825,4.10440679256289
"035_1",4.3919268345115,15.8662466900731,44.5614488958417,2.76419400310591,3.79686911070625
"004_5",3.39675905601033,16.1430425327189,45.4610647618009,2.7814891539188,3.81685624009909
"069_6",4.51007195338296,403.697810960552,45.7246372463833,6.00066660540315,3.82263726086948
"070_4",3.9723906308695,17.1538832363433,45.8972512347582,2.84222457575617,3.82640522932028
"051_3",4.41160255023567,16.7256724235934,47.457686432391,2.81694480990526,3.85983850208218
"066_3",4.79017820817435,16.0388760859422,47.085225105709,2.77501553052841,3.85195925978757
"057_2",4.81241090270551,15.7436025424188,45.4469818155106,2.7564340949721,3.81654641171903
"048_1",3.24048787752454,15.8405534918906,47.1743796343991,2.76257332844566,3.85385094086394
"065_5",4.1070361362694,17.1070229544955,47.7866953688596,2.83948907828813,3.86674726119016
"081_1",4.69125390692614,16.4055761049536,47.2062900996768,2.79762128344069,3.8545271485362
"080_5",4.85847686804527,15.6264383055531,44.5733404048685,2.74896424294138,3.79713593153323
"084_1",4.2790333724007,16.0881066955341,128.229242081449,2.77808028444327,4.85381961583552
"106_3",4.50839651267852,15.8859949711797,41.5735536336279,2.76543790165415,3.72746423514437
"106_4",4.02787682609444,16.8555695709798,44.3479923345189,2.82468114051969,3.79206743906168
"088_6",4.65132523449442,54.4861222293386,74.9092839301156,3.99794603124965,4.31627783384476
"087_5",4.32090788167315,17.1017814268289,47.7697865018944,2.83918263509011,3.86639335809932
"093_5",4.10315546625734,16.8954869215477,45.5199559803428,2.82704654020361,3.81815082277769
"092_5",4.76602650780598,16.9227492011211,46.4373285190788,2.82865882331501,3.83810362974607
"108_6",4.61129233832493,48.0846303386805,45.0110762160138,3.87296259047098,3.80690859761694
"098_1",4.37873390885184,17.4339086179777,43.7975755852646,2.85841708097749,3.77957846391583
"099_3",4.463376333347,16.2390187568034,46.9062992865709,2.78741691152898,3.84815197957953
"110_4",2.87356752208456,16.7473376340928,42.4152065386032,2.81823929841929,3.74750694271862
"111_5",2.5475307119669,17.6126428939535,41.2224683368955,2.86861699040429,3.71898345569021
"115_6",4.46144819497006,134.771563646414,42.8003498409449,4.90358122404673,3.7565462764082
"117_6",2.42897749210782,98.5192661869529,49.3648752353233,4.59025212485831,3.89923914366881
"118_6",3.7065988215877,56.2477128742201,44.5588458304015,4.02976538024402,3.79681069381144
"070_1",4.56325320690407,16.2818076863399,89.1646588860254,2.79004839165468,4.49048476024837
"131_2",3.08870436008905,17.3625560817704,45.4815522300558,2.85431593812682,3.81730679824838
"139_6",4.68680887433196,39.6100332684896,46.2054353190725,3.67908245153475,3.83309743876673
"049_6",4.83087306555006,54.5795338705682,46.8690978017619,3.99965897494633,3.84735856280038
"087_6",3.73944653679914,52.8334421258136,49.2496995122179,3.96714436381077,3.89690326632472
"026_1",4.13308918495233,16.1271681688411,166.050666628054,2.78050531372606,5.11229296243712
"001_3",4.1604549120266,18.2483795583253,47.0418903285409,2.90407628476168,3.85103848833867
"009_3",4.13948076195974,17.9232654063846,46.9840704706089,2.88609961228492,3.84980861810435
"011_1",3.843972805617,18.2926830031216,60.2712660411156,2.9065011439967,4.09885547343188
"138_3",4.47191340739193,16.9120122494611,46.4128538124077,2.8280241534335,3.83757644268788
"132_6",3.20564341822065,67.2958647993841,44.1030492626073,4.20909879047441,3.78652892433926
"125_3",3.04913757379487,15.9010822656873,50.8267655832096,2.76638717393409,3.92842309739033
"035_3",4.83486339429991,16.7759543159594,45.0549522074921,2.81994657041752,3.80788290492719
"036_3",4.22146053906428,15.5011786943474,44.6604219212863,2.74091606583055,3.79908769377639
"023_6",4.60921088905936,105.278924404152,46.0936286480411,4.6566132509989,3.83067473325026
"005_2",4.22231641037386,15.9564716029222,42.5420378414101,2.76986449006929,3.75049271274814
"016_5",4.16172029435861,15.8684016021789,47.823327521011,2.76432981126671,3.86751354390481
"017_3",3.99416777902633,15.9977310175602,47.1201282808949,2.7724469007811,3.85270026176948
"031_2",3.91778074669114,15.7858355373096,44.1893183481522,2.75911305296953,3.78848309354624
"026_2",4.12987476667864,123.76082979033,161.030379231569,4.81835091107693,5.08159303806389
"009_4",4.36366546314303,52.39048355956,47.2765538243613,3.95872496337486,3.85601448178569
"010_3",3.84983676666782,17.5864733403866,48.2179523582651,2.86713004634499,3.87573140727786
"010_4",4.24296778100874,18.2921183405923,48.0375146515955,2.90647027530212,3.8719822608942
"011_2",3.91632602855706,70.8195816310311,63.5313896109439,4.26013553916887,4.15153410834229
"037_5",3.99416777902633,16.0411903281068,45.1890851857029,2.77515980966666,3.81085557948522
"035_4",4.20746313296355,16.1096500891789,44.7118735992211,2.77941847685237,3.80023909496441
"035_6",4.57458709520051,204.265613162828,45.0707721647171,5.31942117225229,3.80823396912107
"044_4",4.0371472945137,16.5155140995065,49.8716117279883,2.80430018760478,3.90945193762389
"041_5",3.26251021741124,16.0406196446782,46.4870485762015,2.77512423290655,3.83917374855497
"042_5",4.10864728029489,16.459274623114,46.6376067154391,2.80088912520823,3.84240722673419
"050_3",3.68611958750847,16.4258094617158,49.4526058870825,2.79885384545259,3.90101475409346
"048_2",3.94281800049504,17.496823485971,46.2116427007029,2.86201934936624,3.83323177284811
"048_3",3.37857812097418,17.0076930105868,46.3777020920625,2.8336657717299,3.83681878536631
"051_1",4.21613853374201,16.7423190099493,47.7040270311799,2.81793958652708,3.86501581846453
"055_6",3.99117898045388,47.0109606442107,45.5249624089449,3.85038077971793,3.81826079988999
"049_5",4.33917103708043,16.855959302669,47.6144943599226,2.82470426208684,3.86313721824536
"070_5",2.98124036939073,49.5961455408389,46.444486805297,3.90391311984105,3.83825776726389
"047_1",4.06819457640608,16.4427501488319,120.506379767927,2.79988465962984,4.79170269566139
"010_5",2.87317889925266,17.8470696337988,46.0435301190134,2.88183932857517,3.82958725595803
"041_4",4.50368508607797,17.4466625934618,44.7201249486177,2.85914837496778,3.80042362286391
"043_6",4.13329520776494,74.1346274599975,49.6175670822384,4.30588273030052,3.90434494607084
"037_2",3.94228680182135,15.9974982357477,45.2728792032619,2.77243234974847,3.81270816011599
"050_4",3.76116186019325,16.0134536884457,47.1721876742878,2.77342922444668,3.85380447473011
"081_3",3.37140333683187,15.4673689632014,46.1707330229691,2.73873257663677,3.83234611300038
"081_6",4.06510030337017,52.9489792065117,47.4536304163265,3.96932879341988,3.85975303248378
"057_5",4.09308312607929,18.6960482362227,47.7573879839582,2.92831217726226,3.86613377713563
"058_4",3.59778014610493,15.1424216795861,48.9078431455464,2.7175001876348,3.88993777514395
"066_2",3.33015250019233,15.5302437431085,49.2571315771671,2.74278933202188,3.89705416073237
"067_2",3.60255786436184,19.2008198201128,48.1374806555888,2.95495297708637,3.87406109728353
"079_6",3.34200714155834,49.3655355341194,48.1326328329622,3.89925251946237,3.87396038435291
"064_6",3.88541006901249,54.7457252672053,46.1420337760877,4.0026992883371,3.83172433014626
"065_6",3.94558411861431,52.6885530898064,47.8934442208843,3.96439822303196,3.86897863118553
"072_6",4.04180255720349,77.6241301524787,46.0129826509698,4.35187833442569,3.82892358821209
"073_1",3.77972660494714,15.6679909756994,44.0151509969703,2.75161983983325,3.78453391548679
"056_4",3.8032851281259,16.4342806802667,46.8118030804668,2.79936943860537,3.84613537369996
"057_6",4.38415483649342,51.2314312445999,46.6547183829077,3.93635323518725,3.84277406650675
"058_3",3.83524603257783,16.7581602771491,54.3465574589543,2.8188853203624,3.99538127133951
"066_4",3.53181904547012,16.1710627387477,48.1309157112093,2.78322339429564,3.87392470892271
"064_5",4.05341620824843,17.0346299199037,46.2611942611369,2.83524832618682,3.83430347275058
"065_4",3.14404980291157,16.7727689638087,47.3945772864112,2.81975667632625,3.85850781891621
"080_6",4.61577150293789,49.9760762542038,46.9618609129382,3.91154441600657,3.84933580235262
"077_1",4.30372568345375,17.4050193636625,119.333594020233,2.85675863379726,4.78192288225729
"071_6",4.66945406236558,92.0903114420852,45.7499351378197,4.5227697416592,3.82319037396795
"043_5",3.33581337980449,16.9089607283298,48.4623371495895,2.82784370202298,3.88078694265278
"042_4",4.40028679715062,17.3037649087588,48.4374426100269,2.85092410261064,3.88027312228761
"123_1",3.45295692789392,17.7690248959315,47.2510744666062,2.87745676704989,3.85547539371519
"123_6",4.13140266128491,153.847937550343,45.8002347840132,5.03596469609056,3.8242892173955
"108_3",3.59018972077622,16.7339998405192,44.0525492184766,2.81744256834306,3.78538322172876
"106_2",3.78389334551567,17.1084633593727,41.7723888888952,2.83957327436618,3.73223556837228
"098_3",3.86662559655204,19.2321020364128,43.1656766179142,2.95658086389263,3.76504565671612
"093_1",3.63418687639708,15.7937165308556,45.6200893168645,2.75961217301358,3.82034817469879
"093_4",3.64357735262029,19.8106972079083,46.2529107774947,2.98622205483664,3.83412439770768
"092_4",4.11316817943958,18.8875326961666,46.4034876549822,2.93850205869817,3.83737462138553
"086_4",4.15792217619128,17.549475195546,41.3537241244955,2.86502404607707,3.7221624808845
"099_5",3.70765415835722,18.0533778339229,45.2136195214209,2.89333280488429,3.81139835829698
"042_3",3.75928002371349,16.4842926620566,46.7609421241336,2.8024079676296,3.84504828447903
"043_2",3.30109572147535,17.7024704046408,47.3898069969916,2.87370420072434,3.85840716331857
"067_4",3.64987822842775,16.0419362621813,49.4070162542455,2.77520630975278,3.90009244354682
"069_2",3.62544960990886,237.572368646819,99.2149600592263,5.47047228715188,4.59728880996924
"074_2",4.14864824329215,15.6465923803861,43.6558576365062,2.75025315400507,3.77633746884934
"085_6",4.20472863887508,50.2509204137983,46.5851530780872,3.91702886346394,3.84128188689221
"086_6",3.36211187974336,53.8392378977584,43.0483117987234,3.98600253029124,3.76232301520873
"092_6",3.59393713513068,54.5562553007835,46.7545800340474,3.99923237666332,3.84491221957881
"099_6",3.44275729982016,51.4537890506734,46.5216219950952,3.94068410486815,3.83991719366119
"100_2",3.48868681960385,16.2387225960486,45.0080883775025,2.78739867376106,3.80684221534099
"100_3",3.55214797116671,16.4258544496108,44.7805182138991,2.7988565843029,3.80177318354445
"107_2",3.24370598823708,13.9068934514544,41.2650915900933,2.63238464896245,3.72001690260097
"107_3",3.71829829665443,15.6942029385369,42.082628470403,2.75329140458491,3.73963503012894
"112_5",3.55678717460156,15.1633253898753,43.5548904164011,2.71887970905405,3.77402199128562
"113_5",3.9833035098815,14.7970039827608,80.0344762539287,2.69442472668038,4.38245749501434
"115_5",4.06257501798484,20.0938060797258,42.7847200089743,3.00041161233792,3.7561810297087
"116_6",3.52085847899615,140.991387599332,164.378166057862,4.94869880765685,5.10216966393505
"124_1",3.77522756161879,14.6110159135616,40.1548669037894,2.68177575883873,3.69274365107359
"124_2",3.81746886693008,16.0045517838705,41.1212875327616,2.77287316827308,3.71652593225111
"125_2",2.997921844151,19.0876586315626,50.9493788416822,2.94904198126661,3.93083256806708
"125_6",3.95936784781242,139.249020174541,49.7695099825583,4.9362638423341,3.90740254718322
"131_6",3.47998095558632,62.3685828838115,45.6638349779454,4.13306166916096,3.82130662745524
"139_5",3.56730197021776,17.0953359857455,49.2955286883292,2.83880567693413,3.89783338095842
"005_5",3.6118028035342,15.5677444960809,46.5227341342402,2.74520111318672,3.83994109923035
"010_6",3.22560091128732,17.314504333353,47.0820694576256,2.85154455101397,3.85189223762029
"013_1",3.87715061242831,17.4635624251657,97.5740194621076,2.86011656311409,4.58061126394734
"017_5",3.42071547011092,15.970442556614,45.9259807835669,2.77073967359086,3.82703098707493
"093_3",3.99145624523928,18.8805604305803,42.4107507829286,2.93813284409991,3.74740188629912
"093_6",3.2396542975527,51.8402856870001,45.6525818245675,3.94816756296634,3.82106016238731
"098_4",3.66615746834391,16.3638480228835,43.6925767169099,2.79507451273996,3.77717821849388
"108_5",3.8047500076836,16.5312632678297,44.4574755392764,2.80525333164908,3.79453312643087
"110_5",3.81643747845835,17.5119999577533,41.7499969161845,2.86288635780812,3.73169937743302
"111_4",2.93407879022525,17.0071692928695,42.6576979818824,2.83363497826599,3.75320774960601
"112_6",3.66538231359712,48.7733504303535,44.7332572965301,3.88718406595477,3.80071723608852
"117_5",3.44904343918106,16.5012438280812,45.560114211114,2.80343576158541,3.81903264540451
"118_4",4.24287100372765,15.7344625988324,47.7641812698837,2.75585337669719,3.86627601277916
"119_4",3.8454455375905,14.3666244376757,42.5007190872183,2.66490776906435,3.74952099548649
"123_2",3.14885108248127,16.7531411721502,46.8681157525246,2.8185857733547,3.84733760955887
"124_3",3.49854639436687,16.669638709513,42.8139974719162,2.81358902343324,3.75686509285696
"125_1",2.40182202983564,17.6886734339867,52.5868653326801,2.87292451576044,3.96246638005712
"138_4",3.32346142094575,19.2902375566913,43.7932584238481,2.9595991418595,3.77947988827218
"047_2",3.53229724189869,17.4630775080223,122.145205492436,2.86008879536178,4.80521054595049
"055_4",3.66227922871259,14.8811931425765,47.857250341244,2.7000982105033,3.86822262870367
"055_5",3.6615028402323,19.9948295337409,46.7921424731901,2.99547371681812,3.8457152929555
"072_5",3.73568487608336,16.4875718782539,46.5967990470888,2.80260687759444,3.8415318487957
"073_2",3.59995851496045,17.2445974829711,45.5912695668634,2.84749890503035,3.8197162413231
"074_3",3.12713076487232,16.0571609183315,44.4820153862713,2.77615491321077,3.79508495885901
"076_2",3.73191571385861,116.413244842146,90.3373262810069,4.75714631612771,4.50355073360746
"077_2",3.86120472462073,16.7415518684539,107.340430938809,2.81789376497328,4.67600538144911
"081_2",3.09694789466592,15.7101399354554,45.953915943809,2.75430635964068,3.8276390670162
"083_1",3.46763524165366,15.8249211525313,129.129897640789,2.76158598555535,4.86081885617482
"085_1",3.2413850388492,15.0503336451663,45.7972085687909,2.71140016006319,3.82422314098304
"086_5",1.46164354550537,14.5048311184031,42.2787962143568,2.67448177451373,3.74428568884545
"091_6",3.17788723483903,56.5484362831819,42.1267572818628,4.03509755024668,3.74068310369236
"098_5",3.75781140505251,16.6573266725329,44.4143955778391,2.81285016002944,3.79356364161481
"106_1",3.23290095774602,16.1313222034769,41.6206432110619,2.78076286047489,3.72859627522046
"123_5",3.25567799560998,15.3553570671215,44.3216490018385,2.73146440774951,3.79147324846706
"107_1",2.4221805441896,18.4137073938151,41.1734914100229,2.91309535431989,3.71779463689882
"108_1",2.34441680923572,15.1618429236868,46.4620796845757,2.71878193771281,3.83863648924564
"001_5",3.91882760051308,18.2379232740262,46.9239230481525,2.90350312257347,3.84852763171698
"002_2",3.83603397088417,16.665349827437,108.758169629804,2.81333170328477,4.68912679017988
"002_3",3.6089136318418,16.4415879018857,46.8852653857813,2.79981397266969,3.84770345521136
"003_1",3.87404923617367,14.7308355663666,44.910700030196,2.68994295434884,3.80467607437955
"009_5",4.19626351149295,17.5178174692611,47.407715683718,2.86321850407599,3.85878499359162
"009_6",3.88541006901249,53.1011631144463,47.0227549012085,3.97219883223486,3.85063163138302
"016_4",3.54611082442787,15.7215673023262,45.970583138655,2.75503348319702,3.82800169493792
"022_1",3.41923525824324,15.7146682075376,45.8157169963074,2.75459455692054,3.82462719811044
"022_2",3.61446137452015,16.1598442912576,47.2887083593287,2.78252941760455,3.85627154309454
"037_4",3.70612976806369,15.6089242004623,45.3459636202427,2.74784281482138,3.81432116753365
"043_3",4.26965031986264,17.4021442026693,49.0790412156806,2.85659342866675,3.89343208451907
"047_4",2.8138669247705,17.6734238954431,44.7916771667484,2.87206203640313,3.80202234463422
"049_4",4.06231258070741,17.0987437693164,47.6661188428236,2.83900499702735,3.86422084871786
"051_6",4.03514945872398,56.3695782083432,48.8195907611608,4.03192961950993,3.88813168232339
"056_3",4.10022902765984,15.7117063154675,46.5468959200863,2.75440605970292,3.84046031879477
"064_4",3.19475433373312,17.0068300213313,47.533157648749,2.83361502933055,3.86142752327613
"065_3",3.39366747593074,16.7604574482563,46.3454319104017,2.81902238873017,3.83612273074497
"066_5",3.76934776209314,15.8796305812611,44.9133891032481,2.76503719240363,3.80473594858654
"071_4",3.82289270293324,16.0881610611907,44.9602079658283,2.77808366368271,3.80577783114921
"074_1",3.20926943086197,15.7753888937035,44.6450193618429,2.75845106065612,3.79874275265355
"035_5",4.32045725888474,16.1732890414919,43.4542017093436,2.78336105683177,3.77170754920736
"036_4",3.78736159431677,16.3949858025027,43.8806334640401,2.79697554433117,3.78147307158451
"036_5",4.15527804190262,15.1624466273042,45.3626165353336,2.71882175421808,3.81468834151541
"007_3",3.32223447175773,17.2440870486328,47.944841035085,2.84746930492555,3.870051205032
"008_2",3.92079451708999,17.3356756850871,59.0236595681009,2.85276655646141,4.07793837315168
"031_1",3.99619945293826,16.1054128657159,44.7757459220568,2.7791554183264,3.80166660715043
"002_4",3.5384278478324,17.66105335759,47.7953593992398,2.87136183991968,3.86692855108657
"002_5",3.41767762740617,17.4469288059516,46.8479839962123,2.85916363349975,3.84690797672788
"005_4",3.6482101755785,14.4046466150029,45.1836530848522,2.66755083612887,3.8107353640096
"008_3",3.54994303575083,17.4394949533526,47.1678848198963,2.85873745896475,3.85371325465192
"011_3",3.33830517716891,18.7867765027193,48.1981417598048,2.93315324483495,3.87532046761223
"013_2",4.59004874857646,53.8787361814098,98.448445801362,3.98673589509427,4.5895330182806
"015_5",3.73550831590881,19.0663963415856,45.8095746868758,2.94792743172827,3.82449312356993
"019_1",3.99954145722214,19.0442932147174,97.5445031978961,2.94676748791178,4.5803087169207
"019_2",4.21876936808112,55.6609194322733,83.6717425819491,4.01927827468703,4.42690131693358
"023_5",4.0076650015544,14.9973226373278,46.6238020469695,2.70787169432601,3.84211118427132
"026_3",3.76857274501381,17.4877626763516,44.0741495420905,2.86150136068517,3.78587343239931
"026_4",3.82313502769582,136.760412665304,44.7684052601505,4.91823058220808,3.80150265089364
"037_3",4.18679714315987,15.4515046363433,45.8771848800794,2.73770638606749,3.82596793205433
"036_6",4.3143543833098,104.818188337066,44.0985524559958,4.65222730966299,3.786426957787
"007_5",2.45767036286346,17.1489408200543,48.0852995118439,2.84193641194114,3.87297650694496
"008_4",2.16986083960938,17.8210126937571,46.9554260810253,2.88037824948278,3.84919877045724
"011_4",3.09893363706482,70.1682116719279,47.3726765695423,4.25089538328927,3.85804561881295
"023_4",4.69544265218424,16.5350728747453,45.1011187560642,2.80548375372645,3.80890705232212
"042_2",4.57036824265836,16.2135339453357,47.743689247817,2.78584632218643,3.86584689584314
"044_1",4.78023765026988,16.285851983514,48.0071138476488,2.79029675443149,3.87134920508594
"047_5",3.19293834738722,16.9706416818364,46.4679996257947,2.83148489124996,3.83876389559826
"048_6",4.02714171071474,53.6109254579201,48.4842632672153,3.98175288047575,3.88123927657486
"049_3",3.9107800978257,16.2659842998165,45.4460838870845,2.78907607452934,3.81652665381078
"051_5",3.85977337223796,17.2627111830562,48.5641046215359,2.84854875229164,3.88288466998169
"055_3",3.41443713370289,15.7393538279938,49.2160525179879,2.75616418928721,3.89621984097437
"057_3",4.05397144829785,16.4840804937492,41.7122101737023,2.80239509660886,3.73079389586522
"058_6",5.08578346574181,51.2300750683981,49.1791186544222,3.9363267632711,3.89546911581458
"064_3",2.77261907130972,16.2306894074763,46.4526271359659,2.78690385797965,3.83843302202358
"065_2",2.95289588354352,16.1058931133482,47.2853782736529,2.77918523690207,3.85620112030125
"073_3",3.55758900372476,15.7704240267375,44.6863939590281,2.75813628880227,3.79966906958072
"073_4",3.66286223646988,16.4785907682391,43.4848636879977,2.80206200918902,3.77241291634664
"080_4",4.37996095063683,17.1005401648481,47.6888934502579,2.83911005159731,3.86469852906878
"041_3",3.20701238753682,16.7315354275358,45.68506874307,2.81729528768742,3.82177152116807
"047_6",2.14453392822808,17.4076805251947,45.937975996987,2.85691151832192,3.82729213875854
"051_2",2.47421643608971,14.9673693799926,48.0667807052762,2.7058724568705,3.87259130868914
"056_2",2.45827668534109,15.7475651996948,46.2916054716975,2.75668576282573,3.83496063734728
"064_2",2.80412562011834,15.353287089856,46.0724594245801,2.73132959376957,3.83021536203736
"066_6",3.39856543631404,55.0432595987273,44.9436500707133,4.00811941423211,3.80540948443609
"067_6",4.33092312065446,54.6360231506041,53.3949788029109,4.00069342986492,3.97771671163703
"071_5",4.01708819571085,17.3756723971818,45.4111345425166,2.85507108982044,3.81575732921785
"072_4",4.15094356087169,16.1726746792734,47.6174494490035,2.78332306988391,3.86319927912459
"074_5",3.24967321730326,16.0433026433035,44.7849271507056,2.77529148169911,3.80187163528088
"074_6",3.33814494117358,64.9099565056868,45.32384033462,4.17300102497408,3.8138331707564
"076_1",4.14903683160957,17.1383855502234,97.8982367997173,2.84132071679767,4.58392853915689
"077_4",3.13448741798848,16.9698194595159,45.9058951108637,2.83143644038671,3.82659354260747
"080_3",2.93277912398061,16.9385543261181,45.2451811402369,2.82959234473908,3.81209617033662
"081_5",3.27906185464001,19.1605329925985,47.9264665125599,2.95285259014111,3.86966788862128
"083_2",4.15290124871204,53.3422737037395,128.43781694297,3.97672914446217,4.85544487237
"084_2",4.10970818425811,18.6223560497178,127.992714123175,2.92436279712664,4.85197334138687
"089_1",3.72662908205305,18.1975105521549,96.182426810029,2.90128480187849,4.5662466674924
"089_2",3.79668226065154,67.1515371306553,97.2546395882517,4.20695181370733,4.57733268920892
"090_1",3.43462347578778,16.0289780273253,98.5784271056399,2.77439821083522,4.59085244563807
"095_5",3.35949279454824,15.9279628900664,49.6973340537762,2.76807623690398,3.90595129089478
"095_6",3.50276328991222,103.449140250158,50.6386238317967,4.63908009338039,3.92471460194922
"069_1",2.32833481784091,16.3242548338153,93.2882255931817,2.7926520284126,4.53569390045949
"079_4",3.11085769573434,16.2530788722401,46.9096698130072,2.78828235988968,3.848223833582
"085_2",2.4685673910896,15.3956619060781,46.0749951153402,2.73408577532575,3.83027039754048
"086_1",2.45956980758935,16.2631044720729,45.5468752985595,2.78889901283719,3.81874202197992
"087_4",4.2517543263752,16.8019991359471,45.8100688049552,2.82149787551705,3.82450390986118
"090_2",3.63488252398426,16.5683982950413,98.8185357518033,2.80749716382372,4.59328519598141
"091_5",2.86840762927023,17.7528261189604,42.6507334181269,2.87654472121719,3.75304446999445
"093_2",3.01133001189202,16.5016325145017,43.5445392893183,2.8034593162851,3.77378430598351
"098_2",3.26778710758156,16.0169091117677,43.4391237571632,2.77364498368468,3.77136050408621
"099_1",3.83096849784798,15.7520105960107,44.8110018839947,2.75696801401376,3.8024536870394
"100_4",3.41064411026152,17.8967757044235,44.9999612721928,2.88462056837717,3.80666162915201
"100_5",3.38381760029606,17.4706778621043,45.2759276168297,2.86052392488744,3.81277549205942
"101_4",3.30396902987916,16.1611148822117,46.3659835968884,2.78260804094911,3.83656607823807
"104_3",1.67557939066141,16.7659170715566,41.9005432020806,2.81934807997634,3.73529879109419
"107_6",3.05912157904972,47.9066743420452,43.0839252394316,3.86925483379244,3.7631499632589
"110_6",4.10476554304546,43.3491216515037,42.9877710853832,3.76928644123359,3.76091568188292
"116_1",3.25346671166721,15.3749514912937,116.895071873892,2.7327396586498,4.76127671082201
"101_2",3.37669601090247,16.3757700806667,45.6867612711438,2.79580280824251,3.82180856821142
"123_4",3.75939971514405,16.0624588748468,43.9816156284223,2.77648480233134,3.78377171997763
"124_5",3.56368296044109,20.3995711411002,42.2741565856164,3.01551387813411,3.74417594392014
"124_6",3.72587291264992,150.566164326517,42.9449719985741,5.01440261765647,3.75991957518803
"125_5",3.95317480752296,17.8703116048232,50.842945355043,2.88314076633454,3.92874137845596
"132_1",3.96074194609679,17.1580966922362,45.7461931042934,2.8424701725374,3.8231085774242
"138_5",3.58979642575135,17.4768169554016,43.8599322071509,2.86087525727293,3.78100119732395
"138_6",2.82575197882545,38.9192530851058,44.9725465342999,3.66148906610349,3.80605222658206
"139_4",3.79079800112621,19.7851808479335,47.5240422212762,2.98493321545437,3.86123573501573
"108_2",3.37096954840019,17.7861589808707,46.0695546166056,2.8784205694774,3.83015231136486
"109_4",3.62840318445083,14.700995272976,46.5130860835008,2.68791519713739,3.83973369415236
"109_5",3.66559231752637,16.4644547710168,46.4068723812864,2.80120380085651,3.83744755993041
"112_1",3.62788216081319,14.4296895457918,44.9035420325818,2.66928785805619,3.80451667877669
"115_4",3.23198886000166,16.9209235880962,42.0831165345976,2.82855093827322,3.73964662782096
"116_4",3.86389314201487,14.202205669916,124.490915700873,2.65339728141226,4.82423274698455
"117_4",3.87262540403151,17.0214135616154,44.9567702862664,2.8344721726704,3.80570136773528
"118_3",3.3135235227871,15.9995598900868,47.6753304850059,2.77256121499188,3.86441408350243
"119_3",3.71450214897721,15.3716599150853,43.1496570147739,2.73252554879701,3.76467446882517
"103_6",2.36831878155402,48.4391189430995,43.2195401050352,3.88030772989643,3.76629271023164
"104_1",1.85120944768519,16.1291922717681,42.1354757445207,2.78063081473746,3.7408900401187
"079_2",2.36006501950395,17.5075436872648,46.6495318664072,2.86263185589012,3.84266289222494
"080_2",2.65662750456804,16.4475425953594,46.434074221933,2.8001760797518,3.83803354795445
"081_4",2.6912317703811,16.2335338731632,45.4182167366364,2.78707909492708,3.81591327427381
"085_5",4.15201057389621,16.9689240810433,49.1877312447818,2.83138367600127,3.89564422745819
"086_2",2.30050208461935,16.8674112005878,46.4457449146202,2.82538342897841,3.83828485535055
"087_3",3.64634640615571,16.834291917499,43.8210889120124,2.82341799158587,3.78011518351655
"089_3",3.63495215604302,14.7823186101071,46.7758028472763,2.69343177805459,3.845366036038
"090_3",2.74137034751551,17.3055852191961,45.4338470652753,2.85102929444072,3.81625735734995
"092_3",1.86063024973274,14.2947033008419,47.0253514799867,2.65988907010885,3.85068684948105
"095_4",3.41950748902036,14.8423330122698,48.2505535381609,2.69748343645227,3.87640730001268
"097_6",3.33582018518586,91.6621942733777,79.10204360838,4.51811001806323,4.37073871019689
"098_6",2.41760489083871,49.1364649210994,41.9858129134066,3.89460142557774,3.73733177344419
"099_4",3.67990548738742,15.5914910152358,46.8379470416449,2.74672531770346,3.8466937085983
"101_1",2.81255542725308,14.4811493827332,50.3435772409251,2.67284776106794,3.91887104878204
"109_6",2.53370717583501,52.6005618735022,45.4978456805768,3.96272680169236,3.81766497715634
"055_2",1.7235487040694,14.7940158102368,50.1309998232671,2.6942227618576,3.91463957568588
"056_1",2.03183370952068,15.538344774556,45.7097169249839,2.74331082540266,3.82231089947792
"057_4",3.72122874669052,14.7001855691241,44.2635145656937,2.68786011745495,3.79016073873859
"058_2",3.90834107128608,16.7063877310519,48.394395240034,2.81579114515405,3.87938400619141
"064_1",2.17563946627202,15.354766007944,49.5890809665912,2.73142591495831,3.90377066769352
"065_1",2.02696058367233,15.6974900606686,44.8412448075339,2.75350083082667,3.80312835891439
"066_1",3.25270760852356,14.3593357769187,48.6860604721232,2.66440030746105,3.8853927565109
"067_1",3.83933471957455,15.8359080573465,46.820658443262,2.76228002330044,3.84632452525439
"071_3",2.10858386940555,18.3840317488689,45.2555566837687,2.91148244808864,3.81232546224797
"072_1",1.87533614571723,16.57205385714,48.3074536477094,2.80771777409764,3.8775858685808
"072_2",2.95184088536465,16.277043226541,46.855738679032,2.78975572408815,3.84707349166402
"073_5",3.64061349694436,15.8660877769939,44.3441773104693,2.76418398726044,3.79198141063173
"073_6",3.51810263567511,69.6571750772955,43.9918140176388,4.24358571110516,3.78400357155607
"074_4",3.45659781615306,16.4448537951959,45.5226436546518,2.80001258906917,3.81820986490347
"076_4",3.95742425399544,113.935808248008,45.6032000012159,4.73563520425851,3.81997788952342
"077_3",2.09338491368321,16.5230920177474,46.2644598197346,2.80475891872357,3.83437405984627
"080_1",2.87230685649623,15.8199178950276,46.7349200705125,2.76126977237835,3.84449163836268
"083_3",1.94083644398176,71.9220123134697,45.2451011340267,4.27558236965889,3.8120944020537
"085_3",1.83255572396367,15.4086739181247,46.8594175294588,2.73493059229533,3.84715200298658
"087_1",2.04711119751089,15.9719050622504,45.7844061605464,2.77083124517194,3.82394355630077
"089_4",3.70098964891676,65.8052433001922,44.3402887315331,4.18669952056981,3.7918937159291
"092_2",2.60651871084107,17.4777536236533,45.8622316079661,2.86092885073646,3.82564193756215
"095_3",3.51192661034523,15.4900167316361,47.7080039599051,2.74019573458546,3.86509918171938
"041_1",2.35559228454685,16.7364288706942,51.3546632729607,2.81758771319317,3.93875574574612
"044_5",3.81392739982925,18.2399761278526,50.4582213525661,2.90361567586532,3.92114569393067
"031_4",4.0689746651506,15.1104669046901,46.6427356878181,2.71538767618382,3.84251719572126
"048_4",2.68671014689449,16.0989141218146,46.2156517189956,2.77875182386582,3.83331852251054
"049_2",3.39168164465573,17.0121823655589,45.928548436468,2.83392969715282,3.82708689401656
"050_6",2.99966312486953,56.7890367035672,47.470681339924,4.0393432913149,3.86011228552371
"058_5",4.19653075118483,19.9577041955962,49.815808778393,2.99361524400727,3.90833237900475
"067_5",4.12866998428775,14.8808973248391,52.8966729477662,2.70007833167538,3.96834044364946
"072_3",3.55438732493879,17.1032473962796,47.8575155195984,2.83926835169389,3.86822816971612
"041_2",2.08628255931504,17.5327475219481,45.8210262568174,2.86407041922165,3.82474307434802
"043_1",3.03904297821764,15.0210947323179,48.3006337888083,2.70945552865457,3.87744468249393
"044_6",3.8367114474377,75.6291599439739,48.0352242838008,4.32584192236177,3.87193458102538
"095_1",2.59804642026435,18.5379146679915,48.0898462350414,2.91981807635703,3.87307105784303
"097_2",2.65855378740722,17.8531985565973,78.8122431311034,2.88218268301868,4.36706835447927
"100_1",2.77829486020459,15.9354154991218,46.7889172629451,2.76854402215263,3.84564636425871
"124_4",2.03892529209925,17.7167406731562,42.9644884524007,2.87450999333537,3.76037392454746
"132_2",3.83995189442334,17.4315721514597,44.2595089328668,2.85828305348267,3.79007023950638
"138_1",2.52982795128844,18.0927735361585,46.1213653366199,2.89551260640348,3.8312762989657
"139_3",4.24426592761117,18.392535240119,43.7800705464481,2.91194488882728,3.77917870347871
"107_5",2.67006697887792,16.0355044233061,42.0228680140336,2.77480529029337,3.73821394663442
"108_4",2.71681831526071,15.3982599940049,43.6943175735259,2.73425451563375,3.77721806100414
"110_1",2.50007171848028,18.260162731992,44.7400151359173,2.90472178706534,3.80086829437032
"111_3",4.07486186203356,15.5999157787065,41.5860152154302,2.74726551544005,3.7277639380425
"112_3",3.60948371074595,17.2746873186559,42.3447243727434,2.8492422692674,3.74584384126614
"116_3",3.49650123320604,15.7217763714061,120.00453353523,2.75504678134254,4.78752952152867
"001_1",2.72897965958579,17.0782759548538,107.383452461051,2.83780724385433,4.67640609628471
"002_1",2.26394951887666,17.9617674038406,110.410430588432,2.88824546581855,4.70420460934773
"003_2",2.58246336493902,17.0804642830794,46.6096180044465,2.83793537084106,3.8418069147803
"004_2",2.59135871922029,17.350467001545,47.318599159465,2.85361942254619,3.85690343511039
"005_1",3.09207831404878,15.3870928481353,44.8650954753541,2.73352903125053,3.80366010880647
"008_5",1.78123250860214,17.6865108928584,51.1763178272155,2.87280225258798,3.93527688260251
"009_2",3.23149343975734,51.5016008934137,125.048015505734,3.94161289249556,4.82869778759142
"013_3",3.33637110517522,16.5141224293026,47.5568043111813,2.80421591963511,3.8619248767808
"015_4",2.9782164290832,15.2282890098915,45.2370974038453,2.72315481718777,3.81191748923921
"017_1",3.7726784395951,16.6839847676995,46.2750777048855,2.81444926334576,3.83460353765611
"019_3",2.66673274759308,77.1453857516695,49.3635237485805,4.34569176822819,3.89921176579666
"021_5",3.41751944783815,16.0393768008213,46.1441508525552,2.77504674886695,3.83177021082659
"021_6",3.8905312072987,103.538970844174,46.0246746587905,4.63994807173123,3.8291776583009
"022_5",3.39770038066026,15.8784292404563,45.8692442853066,2.7649615365977,3.82579483333289
"022_6",4.15369518810612,100.02683675921,44.6524249618307,4.60543851757605,3.79890861630308
"023_1",2.98174178613851,15.9181382545876,44.2791539177723,2.76745922977046,3.79051400010983
"125_4",4.14688567894107,17.0567894079862,51.4775675111546,2.83654833021365,3.94114613046848
"109_1",2.7594825993619,19.4254116570375,43.960015810727,2.96658208815465,3.78328048919703
"118_2",2.70873262930516,15.3540422623094,46.9192433576776,2.73137877892956,3.84842789743354
"103_5",2.60992285103202,17.6211399941447,43.1850735857061,2.86909931728829,3.76549491669528
"031_5",2.99088212780993,16.377326613161,46.1811717720299,2.79589785467492,3.83257217761981
"002_6",2.31064725380833,16.5390786382231,46.3072401998237,2.80572598297885,3.83529832467289
"003_3",2.40111078336865,15.4166359736786,44.2540213401349,2.73544718439182,3.78994624506797
"004_4",2.76786797779487,15.5794724842249,46.9010540221513,2.74595418134724,3.84804014901956
"008_6",1.69870704591472,17.3485254323261,48.2412043573346,2.85350751328976,3.87621351805535
"010_1",3.15930773611489,18.144034474104,96.1274551892952,2.89834182757131,4.56567496913078
"013_4",3.31673999558464,52.4510367632814,46.6171747170805,3.9598801013444,3.84196902939199
"015_3",2.56232789076157,17.1540694463005,46.078490719937,2.84223543096277,3.83034626237764
"016_3",3.05523336359783,16.6189230495402,44.3925783660569,2.81054198886451,3.79307230154877
"023_2",3.15930773611489,15.1104385500232,44.4726478373766,2.71538579969028,3.79487434485431
"035_1",2.38517116399311,15.8662466900731,44.5614488958417,2.76419400310591,3.79686911070625
"047_3",1.79094935278157,16.8546191364274,44.4196736662812,2.82462475195652,3.79368247189002
"050_1",2.53151527368842,16.6585300382256,49.0667868828511,2.81292239984627,3.89318236768177
"056_6",2.97879837568754,49.6234555063357,45.6416588908097,3.90446361522499,3.82082087163415
"069_3",1.48593676173016,17.1523164206479,45.9317252503134,2.84213323275041,3.82715606023432
"100_6",2.84298513403898,51.1250657876407,45.1151094938303,3.93427490116196,3.80921721243743
"101_3",2.66032853558839,17.167285084361,46.4406454194997,2.84300554268443,3.83817505465516
"037_6",2.93607259978844,85.1978089309702,46.4277778965709,4.44497571673194,3.83789794166989
"041_6",2.6397255080221,119.57406030808,46.8849645809943,4.78393593093694,3.84769703942701
"043_4",2.5326577619813,15.5586694275303,48.1986163541667,2.74461800272434,3.87533031429943
"044_2",2.30746317577838,17.5787180307742,49.2263251317547,2.86668896757159,3.8964285440563
"031_6",2.98082454425908,91.5773634693832,45.2537258203742,4.5171841174433,3.81228500532811
"036_1",3.08674342814878,16.8929494510934,44.8598940841237,2.82689634263714,3.8035441680577
"010_2",3.18591402135431,17.0219637593992,99.9072713975064,2.83450449600769,4.60424246976751
"013_5",3.02522459845222,17.7728276883851,46.8032324496513,2.87767075659695,3.84595226997541
"021_4",2.86386109691523,15.6861814436937,46.109724274854,2.75278016196147,3.83102386647517
"022_3",2.82615076759507,14.435666529849,45.6253478316181,2.66970198661411,3.82046343558029
"048_5",2.84586753716344,17.7547769765689,47.829472426578,2.87665460515417,3.8676420274532
"049_1",2.60522288025106,16.4863566829348,45.964084016391,2.80253317116195,3.82786030926751
"050_2",2.56522916780011,16.6184191234557,49.6878182090062,2.81051166597756,3.90575979660046
"051_4",2.98076088716619,16.6355184462813,47.5188177764617,2.81154007497705,3.86112579630345
"055_1",2.31086397144984,16.540564766756,49.9198811331228,2.80581583452385,3.91041934291096
"056_5",2.83384100816656,18.8116398774722,45.8298113119041,2.93447582066505,3.82493478138195
"057_1",2.61801003903212,15.8694686508503,49.111883017417,2.76439705261991,3.89410102216718
"058_1",2.7448330346974,15.5532053384821,48.270798217026,2.74426674847524,3.87682678603922
"065_5",2.77497711721323,17.1070229544955,47.7866953688596,2.83948907828813,3.86674726119016
"066_3",2.52706069214278,16.0388760859422,47.085225105709,2.77501553052841,3.85195925978757
"067_3",3.00461321313639,19.3670813229735,50.5828101157317,2.96357478578534,3.92361179754219
"091_4",2.42870066600958,14.2209950438259,41.9909717956719,2.65471939687956,3.73745463793084
"117_3",2.52567527488418,17.386623215592,44.6048798657394,2.85570112984395,3.79784326707077
"044_3",2.66217212831073,15.190756840477,49.2171720349028,2.72068714028266,3.89624258770282
"103_3",2.67185239064285,16.9892314430648,42.6693132343039,2.83257969881987,3.75348000225679
"103_4",2.60059617238788,17.072916534345,42.9608371772362,2.83749337952561,3.76028893737657
"104_2",1.97961420668493,16.0390418690864,42.9935625620149,2.77502586680675,3.7610503966261
"106_5",3.07429584186413,16.5382584802684,43.917644223472,2.80567639265349,3.78231615786362
"106_6",2.95829907541525,45.5846653138427,43.2068713721111,3.81957137298606,3.76599954214105
"003_4",2.42150193431531,15.743207579694,44.7869459986917,2.75640900746891,3.80191671300261
"015_2",2.48976887963674,16.9090963560463,46.6205247267637,2.82785172304655,3.84204088894461
"016_2",2.84450526058095,14.9869065680959,45.1327767080531,2.70717692444685,3.80960873882529
"017_6",2.92874392916188,125.116934627737,45.0220809474775,4.82924877703826,3.80715305714419
"021_3",2.81928022300352,15.6047416653633,45.713601609049,2.74757482097907,3.82239588182443
"023_3",2.40994432400905,16.8877744457406,44.8432557946735,2.82658995456748,3.80317320472668
"069_4",2.27057609113466,348.544999674401,45.017871085888,5.85376734575118,3.80705954617495
"070_1",2.39270197194712,16.2818076863399,89.1646588860254,2.79004839165468,4.49048476024837
"070_2",2.4432107898156,18.6191670211838,88.9633831221074,2.92419153514384,4.48822485947911
"071_2",2.40331296280326,17.0949666977703,46.6128732125291,2.83878407502094,3.84187675217772
"076_3",2.77259333208763,17.5810799332048,46.2217853664788,2.86682332001791,3.83345123167439
"077_5",2.27678042234904,16.5333966435152,45.0619580183464,2.80538237430031,3.80803838764072
"084_3",2.17210169161099,34.4272606243626,44.8422837344565,3.53884871055925,3.8031515276487
"085_4",2.67403951043828,16.1199804958376,50.3050979089221,2.78005952714212,3.9181064220481
"086_3",2.72428488801023,16.2914837679364,44.2418411497473,2.79064250305387,3.78967097365704
"087_2",2.88741554356275,16.6855167496814,46.372788300507,2.81454108263663,3.83671282815704
"090_4",2.39492913564165,17.9294606192762,44.6401632585561,2.88644520458096,3.79863397529209
"091_3",2.86175702968636,14.1478570486963,43.8354617226923,2.64956316729843,3.78044311818212
"092_1",2.77957542957261,17.3435040106346,45.0454937680173,2.85321802767551,3.80767295170427
"093_5",3.00668456194113,16.8954869215477,45.5199559803428,2.82704654020361,3.81815082277769
"095_2",2.86009119585505,14.4494306696345,47.393820876883,2.67065501375695,3.85849185895607
"097_5",2.9176489880461,16.2693476013393,80.5523217359439,2.7892828221688,4.38890693274507
"098_1",2.93944885584202,17.4339086179777,43.7975755852646,2.85841708097749,3.77957846391583
"104_6",2.09385980848609,49.9285012961481,43.3889136557108,3.91059200796245,3.7702039627536
"107_4",2.84068576412349,15.764284309554,41.6463244429053,2.75774689453894,3.72921311604897
"109_2",3.09396087825068,15.8324712706624,43.8711327702755,2.76206297482682,3.78125653591327
"004_3",2.71035390046351,13.4995832965303,47.4039677559257,2.60265881804431,3.85870593312864
"076_5",2.8509244592579,17.5186731937568,46.3278232533446,2.86326735169056,3.83574271480105
"079_1",2.95226488732175,17.1846888959993,50.5665985456065,2.84401880690833,3.92329125053201
"097_1",2.40938566936891,17.1928289627144,79.4564601916947,2.84449237611136,4.37520920108927
"097_4",2.76459917633964,17.905935958919,80.4998139390129,2.88513227569038,4.38825487310524
"099_2",2.93215002103179,16.5635778459482,46.6944734319982,2.8072061791202,3.84362581574466
"101_5",3.66493415873489,17.3970488542118,47.1862001425964,2.85630058575596,3.85410147998286
"101_6",3.63888509537213,54.1782807874251,47.0014094195504,3.99228010465525,3.85017758891045
"109_3",3.3157890759962,17.0358663088429,47.415926859865,2.83532090446284,3.85895818196421
"110_2",2.92738934825211,15.4992317026776,43.3699759108484,2.7407904551275,3.7697674024136
"111_2",2.91931570824218,18.2064670540062,42.1675161047606,2.90177686360476,3.74165016407349
"123_3",3.30898562988637,16.6087172543002,44.3408489603608,2.80992769332816,3.79190635060751
"132_5",3.06548860930983,18.3893713890641,44.7780159760882,2.91177285581689,3.80171730416156
"138_2",2.98398937279329,16.559918171361,44.4519630944302,2.80698520760197,3.79440912508887
"139_1",2.97699097689315,18.1780611033741,43.9067063582192,2.9002154330824,3.78206707283796
"139_2",2.75054283160132,16.3392842953511,45.5026181970136,2.79357228769847,3.81776986709289
"112_2",2.8579540332406,18.6565078202684,44.0523922610362,2.92619503000926,3.7853796587631
"113_6",2.85004419692822,49.222408696146,68.0573887052719,3.89634898111103,4.22035130079736
"116_2",1.92660440994669,17.497493651283,117.34339634849,2.86205765074583,4.76510464758616
"117_1",2.81166187000834,18.2553986832502,43.9282222916343,2.90446085454319,3.78255699032696
"117_2",2.37597677143345,15.1919070820306,44.2581935283167,2.7207628572479,3.79004051879485
"103_2",2.71612227089913,16.3024742056298,42.0303401534508,2.79131688804994,3.73839174209517
"104_4",2.5691401187384,17.2660660581292,41.4977399524605,2.84874307571411,3.72563896677685
"106_3",2.54330279738872,15.8859949711797,41.5735536336279,2.76543790165415,3.72746423514437
"106_4",2.54915024217703,16.8555695709798,44.3479923345189,2.82468114051969,3.79206743906168
"108_6",3.31257595864507,48.0846303386805,45.0110762160138,3.87296259047098,3.80690859761694
"110_3",3.05790280464286,16.6093718176475,44.9201480821378,2.80996710338248,3.80488642643956
"111_1",2.95595359506125,18.7413530621244,42.0216549202035,2.93073247602479,3.73818507874897
"091_1",2.92783311860979,21.8830593627491,43.2980491218732,3.08571279240213,3.76810757907134
"091_2",3.00751977211524,15.5844505081623,42.8849528403032,2.74627365486031,3.75852101476364
"092_5",2.97244698255858,16.9227492011211,46.4373285190788,2.82865882331501,3.83810362974607
"097_3",2.87152913223596,16.0434489525675,78.7995652089617,2.77530060130497,4.36690747919584
"099_3",3.16240750009254,16.2390187568034,46.9062992865709,2.78741691152898,3.84815197957953
"111_6",3.23954806110699,46.9238750231368,40.5582209937083,3.84852660825097,3.70273849721914
"112_4",2.92074355070339,15.9995700346903,41.6255375587893,2.77256184904685,3.72871386254249
"132_4",3.20139251318353,16.5407965608299,43.7877328168881,2.80582984809914,3.77935370548094
"139_6",3.2767714887295,39.6100332684896,46.2054353190725,3.67908245153475,3.83309743876673
"115_6",2.44823947804212,134.771563646414,42.8003498409449,4.90358122404673,3.7565462764082
"116_5",2.4070300603044,15.1603624618845,130.069766171764,2.71868428902369,4.86807096936329
"118_1",3.17024958479621,17.5393752128372,47.1429675420577,2.86444836560477,3.85318484720369
"119_2",3.2921822375524,15.382468585656,44.1967379197607,2.73322845741726,3.78865098363975
"119_5",3.23121664500708,14.9013040861647,42.286179289987,2.70144873168292,3.74446030193095
"103_1",1.82123954394681,16.5749153779904,42.9151687401145,2.80789043065862,3.75922534712364
"104_5",2.0571969760941,16.784817005345,42.8771747968601,2.82047472809941,3.7583396283247
"035_2",3.00278707924174,16.6171640906573,43.967732554144,2.81043614253686,3.78345601384267
"035_3",3.34293638998672,16.7759543159594,45.0549522074921,2.81994657041752,3.80788290492719
"051_3",3.01705423053298,16.7256724235934,47.457686432391,2.81694480990526,3.85983850208218
"057_2",3.19132064392267,15.7436025424188,45.4469818155106,2.7564340949721,3.81654641171903
"069_6",2.52729434906789,403.697810960552,45.7246372463833,6.00066660540315,3.82263726086948
"071_1",2.67850926712638,15.672679440003,45.0065294994642,2.7519190334546,3.80680757923243
"076_6",2.46203761538934,111.857674749216,45.3307806163096,4.71722730202573,3.81398628554813
"077_6",2.79906783504874,17.5485608127003,46.0400987024894,2.86497194157494,3.82951272769346
"080_5",3.67015459249499,15.6264383055531,44.5733404048685,2.74896424294138,3.79713593153323
"081_1",3.58792968037781,16.4055761049536,47.2062900996768,2.79762128344069,3.8545271485362
"087_5",3.15854642477567,17.1017814268289,47.7697865018944,2.83918263509011,3.86639335809932
"088_6",3.58038068108957,54.4861222293386,74.9092839301156,3.99794603124965,4.31627783384476
"132_3",2.84433263344261,16.0582673591366,45.7400838648129,2.77622381721516,3.82297502210439
"118_6",2.52867866020783,56.2477128742201,44.5588458304015,4.02976538024402,3.79681069381144
"119_1",3.40518712721166,17.208276461571,43.980496954924,2.84539045771102,3.78374628462903
"119_6",3.37422714350941,60.5133831028253,42.0775666034156,4.10286454888501,3.73951473889176
"031_3",3.68756565641472,16.5258349365705,45.7439596480697,2.80492491012373,3.82305975345447
"036_2",3.59545482058932,15.0422961108403,44.2526579225978,2.71086597381345,3.78991543569745
"037_1",3.54687776029565,16.5456632031268,46.1811687346678,2.8061240253769,3.83257211184923
"004_1",2.80756542429653,15.982204327073,46.2949187478679,2.77147587369554,3.83503220880327
"005_3",3.42587709473296,15.5965457105024,44.7320300321844,2.74704946092256,3.80068980054603
"007_1",2.82106497515826,16.5353608608756,60.6067814883653,2.80550117025825,4.10440679256289
"009_1",3.27812156591794,17.5971633454498,106.858380195043,2.86773771550027,4.6715044082175
"013_6",3.47001722535482,52.6185860782242,47.6463344928105,3.9630694048259,3.86380570149198
"015_1",3.13448741798848,16.9051936644874,46.3946467076682,2.82762089214199,3.8371840798967
"015_6",2.8425224360378,114.387381938647,45.7345683058492,4.73959077512335,3.82285443003129
"016_1",3.24999466966519,15.5560160396233,45.7484008485305,2.74444744738215,3.82315683698014
"016_6",3.57839265289748,119.601591784403,46.5906953722062,4.7841661506621,3.84140085107054
"021_1",3.07039072085993,15.0408736050055,45.6560931491769,2.710771402274,3.82113707347188
"023_6",3.92864597476037,105.278924404152,46.0936286480411,4.6566132509989,3.83067473325026
"046_4",3.19408287043949,457.969685058224,45.2459950864077,6.12680299209434,3.81211415985128
"049_6",3.64478917664799,54.5795338705682,46.8690978017619,3.99965897494633,3.84735856280038
"050_5",3.40097539985913,16.5214753527923,46.3960409141701,2.80466107117495,3.83721413046617
"070_4",1.98792804820575,17.1538832363433,45.8972512347582,2.84222457575617,3.82640522932028
"079_3",2.89569479390553,15.6228129463869,45.6510526408792,2.74873221439431,3.821026665721
"084_1",3.04412073847802,16.0881066955341,128.229242081449,2.77808028444327,4.85381961583552
"026_1",3.37597367017927,16.1271681688411,166.050666628054,2.78050531372606,5.11229296243712
"026_2",3.25334783101563,123.76082979033,161.030379231569,4.81835091107693,5.08159303806389
"031_2",3.45160839394162,15.7858355373096,44.1893183481522,2.75911305296953,3.78848309354624
"001_3",3.64279498713154,18.2483795583253,47.0418903285409,2.90407628476168,3.85103848833867
"003_5",3.26890346980118,16.7881506575449,44.9419457058467,2.82067331955217,3.80537156145517
"004_5",3.03552732022241,16.1430425327189,45.4610647618009,2.7814891539188,3.81685624009909
"005_2",3.63966301316635,15.9564716029222,42.5420378414101,2.76986449006929,3.75049271274814
"008_1",2.55279588672492,17.4094344560157,53.3734834543157,2.85701226939353,3.97731405811123
"009_4",3.21116595361221,52.39048355956,47.2765538243613,3.95872496337486,3.85601448178569
"010_3",2.42004872058129,17.5864733403866,48.2179523582651,2.86713004634499,3.87573140727786
"010_4",2.42086384606121,18.2921183405923,48.0375146515955,2.90647027530212,3.8719822608942
"011_1",2.7936499778211,18.2926830031216,60.2712660411156,2.9065011439967,4.09885547343188
"016_5",3.55840778887397,15.8684016021789,47.823327521011,2.76432981126671,3.86751354390481
"017_3",3.6816090524274,15.9977310175602,47.1201282808949,2.7724469007811,3.85270026176948
"017_4",3.67389549637704,15.6736711311551,46.610338772175,2.75198230660342,3.84182237858769
"021_2",3.35757246481067,15.9796561189914,44.9892572896821,2.77131642064421,3.80642373437457
"070_3",2.87704935535738,17.1677447385847,45.4482460839223,2.84303231733563,3.81657422986616
"035_4",3.86434283882229,16.1096500891789,44.7118735992211,2.77941847685237,3.80023909496441
"035_6",3.83678591559541,204.265613162828,45.0707721647171,5.31942117225229,3.80823396912107
"036_3",3.7177721123245,15.5011786943474,44.6604219212863,2.74091606583055,3.79908769377639
"037_5",3.79594750408919,16.0411903281068,45.1890851857029,2.77515980966666,3.81085557948522
"009_3",3.17360738681213,17.9232654063846,46.9840704706089,2.88609961228492,3.84980861810435
"011_2",2.30656166573382,70.8195816310311,63.5313896109439,4.26013553916887,4.15153410834229
"041_5",3.2395393903387,16.0406196446782,46.4870485762015,2.77512423290655,3.83917374855497
"047_1",3.38207668345538,16.4427501488319,120.506379767927,2.79988465962984,4.79170269566139
"048_1",2.96526878546856,15.8405534918906,47.1743796343991,2.76257332844566,3.85385094086394
"049_5",2.5451311915831,16.855959302669,47.6144943599226,2.82470426208684,3.86313721824536
"051_1",2.06738548513759,16.7423190099493,47.7040270311799,2.81793958652708,3.86501581846453
"071_6",3.62473096607221,92.0903114420852,45.7499351378197,4.5227697416592,3.82319037396795
"043_6",3.7417034464174,74.1346274599975,49.6175670822384,4.30588273030052,3.90434494607084
"044_4",3.63495749841376,16.5155140995065,49.8716117279883,2.80430018760478,3.90945193762389
"037_2",1.99439067686498,15.9974982357477,45.2728792032619,2.77243234974847,3.81270816011599
"041_4",2.23472765859644,17.4466625934618,44.7201249486177,2.85914837496778,3.80042362286391
"048_2",2.00642447189936,17.496823485971,46.2116427007029,2.86201934936624,3.83323177284811
"050_3",1.94103296236637,16.4258094617158,49.4526058870825,2.79885384545259,3.90101475409346
"050_4",2.11640183419605,16.0134536884457,47.1721876742878,2.77342922444668,3.85380447473011
"055_6",2.01513196810216,47.0109606442107,45.5249624089449,3.85038077971793,3.81826079988999
"056_4",3.26503382464772,16.4342806802667,46.8118030804668,2.79936943860537,3.84613537369996
"057_6",3.5825895295461,51.2314312445999,46.6547183829077,3.93635323518725,3.84277406650675
"058_3",3.01706468327086,16.7581602771491,54.3465574589543,2.8188853203624,3.99538127133951
"058_4",1.85222155337351,15.1424216795861,48.9078431455464,2.7175001876348,3.88993777514395
"064_5",2.1863330118114,17.0346299199037,46.2611942611369,2.83524832618682,3.83430347275058
"064_6",2.28308563961252,54.7457252672053,46.1420337760877,4.0026992883371,3.83172433014626
"065_6",3.14254938210067,52.6885530898064,47.8934442208843,3.96439822303196,3.86897863118553
"066_2",2.89292620192982,15.5302437431085,49.2571315771671,2.74278933202188,3.89705416073237
"067_4",3.07436135195555,16.0419362621813,49.4070162542455,2.77520630975278,3.90009244354682
"072_6",3.44482861364772,77.6241301524787,46.0129826509698,4.35187833442569,3.82892358821209
"073_1",3.38468759295384,15.6679909756994,44.0151509969703,2.75161983983325,3.78453391548679
"074_2",3.2816399185357,15.6465923803861,43.6558576365062,2.75025315400507,3.77633746884934
"077_1",1.97973482311939,17.4050193636625,119.333594020233,2.85675863379726,4.78192288225729
"098_3",2.95638425184076,19.2321020364128,43.1656766179142,2.95658086389263,3.76504565671612
"042_6",1.3269020740276,69.7943160803932,47.7714179464869,4.24555257493961,3.86642750974315
"057_5",2.71608342834685,18.6960482362227,47.7573879839582,2.92831217726226,3.86613377713563
"066_4",1.96288675202724,16.1710627387477,48.1309157112093,2.78322339429564,3.87392470892271
"067_2",2.17652057516765,19.2008198201128,48.1374806555888,2.95495297708637,3.87406109728353
"079_6",2.98929692373073,49.3655355341194,48.1326328329622,3.89925251946237,3.87396038435291
"080_6",4.47463222739368,49.9760762542038,46.9618609129382,3.91154441600657,3.84933580235262
"081_6",4.31328592454976,52.9489792065117,47.4536304163265,3.96932879341988,3.85975303248378
"085_6",1.59210411676788,50.2509204137983,46.5851530780872,3.91702886346394,3.84128188689221
"086_4",3.51179299523883,17.549475195546,41.3537241244955,2.86502404607707,3.7221624808845
"087_6",1.94945079810534,52.8334421258136,49.2496995122179,3.96714436381077,3.89690326632472
"092_4",2.25231762668787,18.8875326961666,46.4034876549822,2.93850205869817,3.83737462138553
"093_4",3.70689208230345,19.8106972079083,46.2529107774947,2.98622205483664,3.83412439770768
"099_5",3.43206550555831,18.0533778339229,45.2136195214209,2.89333280488429,3.81139835829698
"124_1",3.03087065669735,14.6110159135616,40.1548669037894,2.68177575883873,3.69274365107359
"124_2",2.59467813367791,16.0045517838705,41.1212875327616,2.77287316827308,3.71652593225111
"115_5",2.4592776357588,20.0938060797258,42.7847200089743,3.00041161233792,3.7561810297087
"106_2",2.65869299293949,17.1084633593727,41.7723888888952,2.83957327436618,3.73223556837228
"107_3",3.2122356166954,15.6942029385369,42.082628470403,2.75329140458491,3.73963503012894
"108_3",3.40427221411819,16.7339998405192,44.0525492184766,2.81744256834306,3.78538322172876
"110_4",2.58910383098492,16.7473376340928,42.4152065386032,2.81823929841929,3.74750694271862
"111_5",3.70689208230345,17.6126428939535,41.2224683368955,2.86861699040429,3.71898345569021
"112_5",3.36372163814946,15.1633253898753,43.5548904164011,2.71887970905405,3.77402199128562
"113_5",3.86477943490483,14.7970039827608,80.0344762539287,2.69442472668038,4.38245749501434
"046_5",2.90735323170261,15.4427830039202,45.1716564413784,2.7371417747221,3.81046982026663
"096_1",2.3573712324814,16.6468030821455,47.1133166755522,2.81221819091239,3.85255569302624
"116_6",3.40633716160527,140.991387599332,164.378166057862,4.94869880765685,5.10216966393505
"123_6",3.84685325991133,153.847937550343,45.8002347840132,5.03596469609056,3.8242892173955
"125_6",2.87476828376011,139.249020174541,49.7695099825583,4.9362638423341,3.90740254718322
"139_5",3.55273092156249,17.0953359857455,49.2955286883292,2.83880567693413,3.89783338095842
"117_6",2.02593724488872,98.5192661869529,49.3648752353233,4.59025212485831,3.89923914366881
"118_4",3.58178648623625,15.7344625988324,47.7641812698837,2.75585337669719,3.86627601277916
"119_4",3.34168874766734,14.3666244376757,42.5007190872183,2.66490776906435,3.74952099548649
"106_1",2.46180746069402,16.1313222034769,41.6206432110619,2.78076286047489,3.72859627522046
"107_2",2.7606410605729,13.9068934514544,41.2650915900933,2.63238464896245,3.72001690260097
"108_5",3.33281955829324,16.5312632678297,44.4574755392764,2.80525333164908,3.79453312643087
"110_5",2.65423928169709,17.5119999577533,41.7499969161845,2.86288635780812,3.73169937743302
"111_4",2.639730035698,17.0071692928695,42.6576979818824,2.83363497826599,3.75320774960601
"112_6",2.76513075238873,48.7733504303535,44.7332572965301,3.88718406595477,3.80071723608852
"086_6",2.12659122488881,53.8392378977584,43.0483117987234,3.98600253029124,3.76232301520873
"092_6",2.52491700514467,54.5562553007835,46.7545800340474,3.99923237666332,3.84491221957881
"093_1",2.89428716250318,15.7937165308556,45.6200893168645,2.75961217301358,3.82034817469879
"093_3",2.91475121772252,18.8805604305803,42.4107507829286,2.93813284409991,3.74740188629912
"098_4",2.49957648690161,16.3638480228835,43.6925767169099,2.79507451273996,3.77717821849388
"099_6",2.68997279374481,51.4537890506734,46.5216219950952,3.94068410486815,3.83991719366119
"100_2",2.52491700514467,16.2387225960486,45.0080883775025,2.78739867376106,3.80684221534099
"100_3",2.40994432400905,16.4258544496108,44.7805182138991,2.7988565843029,3.80177318354445
"124_3",2.22368005455864,16.669638709513,42.8139974719162,2.81358902343324,3.75686509285696
"132_6",2.73125486907003,67.2958647993841,44.1030492626073,4.20909879047441,3.78652892433926
"043_2",2.78058737839585,17.7024704046408,47.3898069969916,2.87370420072434,3.85840716331857
"043_3",2.149027507102,17.4021442026693,49.0790412156806,2.85659342866675,3.89343208451907
"117_5",2.79019480068936,16.5012438280812,45.560114211114,2.80343576158541,3.81903264540451
"055_4",2.59380341457595,14.8811931425765,47.857250341244,2.7000982105033,3.86822262870367
"055_5",2.52729434906789,19.9948295337409,46.7921424731901,2.99547371681812,3.8457152929555
"070_5",2.19150211277416,49.5961455408389,46.444486805297,3.90391311984105,3.83825776726389
"071_4",2.8416416055026,16.0881610611907,44.9602079658283,2.77808366368271,3.80577783114921
"072_5",2.67023290278392,16.4875718782539,46.5967990470888,2.80260687759444,3.8415318487957
"074_1",2.60045726484132,15.7753888937035,44.6450193618429,2.75845106065612,3.79874275265355
"076_2",2.72670232572263,116.413244842146,90.3373262810069,4.75714631612771,4.50355073360746
"077_2",2.60970372935042,16.7415518684539,107.340430938809,2.81789376497328,4.67600538144911
"079_5",2.44823947804212,15.7250016304379,48.2318594228898,2.75525190627094,3.87601978658031
"081_3",2.92988982502168,15.4673689632014,46.1707330229691,2.73873257663677,3.83234611300038
"083_1",2.73920142984944,15.8249211525313,129.129897640789,2.76158598555535,4.86081885617482
"085_1",2.67006697887792,15.0503336451663,45.7972085687909,2.71140016006319,3.82422314098304
"096_2",2.20007968131859,16.2104997928433,47.1892805333996,2.78565916765003,3.8541667594555
"098_5",2.70611006502403,16.6573266725329,44.4143955778391,2.81285016002944,3.79356364161481
"123_2",2.82965708708722,16.7531411721502,46.8681157525246,2.8185857733547,3.84733760955887
"125_2",3.26976448866924,19.0876586315626,50.9493788416822,2.94904198126661,3.93083256806708
"037_3",2.39839579034783,15.4515046363433,45.8771848800794,2.73770638606749,3.82596793205433
"037_4",2.43126874851506,15.6089242004623,45.3459636202427,2.74784281482138,3.81432116753365
"044_1",2.77151397585308,16.285851983514,48.0071138476488,2.79029675443149,3.87134920508594
"002_2",2.2639090493999,16.665349827437,108.758169629804,2.81333170328477,4.68912679017988
"002_3",2.57585865866255,16.4415879018857,46.8852653857813,2.79981397266969,3.84770345521136
"003_1",2.23740281439691,14.7308355663666,44.910700030196,2.68994295434884,3.80467607437955
"009_5",2.90372595020422,17.5178174692611,47.407715683718,2.86321850407599,3.85878499359162
"009_6",3.0526752704706,53.1011631144463,47.0227549012085,3.97219883223486,3.85063163138302
"010_5",2.72116542019242,17.8470696337988,46.0435301190134,2.88183932857517,3.82958725595803
"010_6",2.78532919665694,17.314504333353,47.0820694576256,2.85154455101397,3.85189223762029
"022_1",2.77132867671156,15.7146682075376,45.8157169963074,2.75459455692054,3.82462719811044
"022_2",2.64888859419727,16.1598442912576,47.2887083593287,2.78252941760455,3.85627154309454
"048_3",2.96265645500152,17.0076930105868,46.3777020920625,2.8336657717299,3.83681878536631
"049_4",3.10620015628198,17.0987437693164,47.6661188428236,2.83900499702735,3.86422084871786
"051_6",3.1953964460308,56.3695782083432,48.8195907611608,4.03192961950993,3.88813168232339
"056_3",2.54340855990662,15.7117063154675,46.5468959200863,2.75440605970292,3.84046031879477
"058_6",3.07106038926548,51.2300750683981,49.1791186544222,3.9363267632711,3.89546911581458
"066_5",1.99522257414765,15.8796305812611,44.9133891032481,2.76503719240363,3.80473594858654
"069_2",2.6285468406962,237.572368646819,99.2149600592263,5.47047228715188,4.59728880996924
"073_2",2.59942947161294,17.2445974829711,45.5912695668634,2.84749890503035,3.8197162413231
"074_3",1.66615137856923,16.0571609183315,44.4820153862713,2.77615491321077,3.79508495885901
"123_1",2.54408464528729,17.7690248959315,47.2510744666062,2.87745676704989,3.85547539371519
"125_3",2.67513053207285,15.9010822656873,50.8267655832096,2.76638717393409,3.92842309739033
"001_5",3.50900432200716,18.2379232740262,46.9239230481525,2.90350312257347,3.84852763171698
"016_4",2.8956753850331,15.7215673023262,45.970583138655,2.75503348319702,3.82800169493792
"023_4",2.94003537434109,16.5350728747453,45.1011187560642,2.80548375372645,3.80890705232212
"031_1",3.03467713613472,16.1054128657159,44.7757459220568,2.7791554183264,3.80166660715043
"035_5",3.38468759295384,16.1732890414919,43.4542017093436,2.78336105683177,3.77170754920736
"036_4",3.55087665681486,16.3949858025027,43.8806334640401,2.79697554433117,3.78147307158451
"036_5",3.46752097963387,15.1624466273042,45.3626165353336,2.71882175421808,3.81468834151541
"047_2",2.94279859396445,17.4630775080223,122.145205492436,2.86008879536178,4.80521054595049
"065_4",3.15193127511095,16.7727689638087,47.3945772864112,2.81975667632625,3.85850781891621
"005_5",2.30085336582478,15.5677444960809,46.5227341342402,2.74520111318672,3.83994109923035
"008_2",3.27870356422668,17.3356756850871,59.0236595681009,2.85276655646141,4.07793837315168
"011_3",3.07138718380515,18.7867765027193,48.1981417598048,2.93315324483495,3.87532046761223
"013_1",3.44601547067721,17.4635624251657,97.5740194621076,2.86011656311409,4.58061126394734
"013_2",3.38866724331158,53.8787361814098,98.448445801362,3.98673589509427,4.5895330182806
"017_5",2.71108166893778,15.970442556614,45.9259807835669,2.77073967359086,3.82703098707493
"019_1",3.3157921282747,19.0442932147174,97.5445031978961,2.94676748791178,4.5803087169207
"019_2",3.38774626337852,55.6609194322733,83.6717425819491,4.01927827468703,4.42690131693358
"043_5",3.16644751950526,16.9089607283298,48.4623371495895,2.82784370202298,3.88078694265278
"096_3",2.3405102992751,16.062656878716,48.246062018092,2.77649712937605,3.87631420824886
"116_4",2.72843466952744,14.202205669916,124.490915700873,2.65339728141226,4.82423274698455
"002_4",3.62236489533832,17.66105335759,47.7953593992398,2.87136183991968,3.86692855108657
"005_4",2.270825825631,14.4046466150029,45.1836530848522,2.66755083612887,3.8107353640096
"008_3",3.8032851281259,17.4394949533526,47.1678848198963,2.85873745896475,3.85371325465192
"011_4",3.4810306902353,70.1682116719279,47.3726765695423,4.25089538328927,3.85804561881295
"015_5",3.42852964141672,19.0663963415856,45.8095746868758,2.94792743172827,3.82449312356993
"026_3",2.6432691285418,17.4877626763516,44.0741495420905,2.86150136068517,3.78587343239931
"036_6",3.90830984787802,104.818188337066,44.0985524559958,4.65222730966299,3.786426957787
"041_3",3.11697780985837,16.7315354275358,45.68506874307,2.81729528768742,3.82177152116807
"047_4",3.6319880774022,17.6734238954431,44.7916771667484,2.87206203640313,3.80202234463422
"047_5",3.88247647639215,16.9706416818364,46.4679996257947,2.83148489124996,3.83876389559826
"048_6",3.52994784010178,53.6109254579201,48.4842632672153,3.98175288047575,3.88123927657486
"049_3",3.48866086538098,16.2659842998165,45.4460838870845,2.78907607452934,3.81652665381078
"051_5",2.82923539915641,17.2627111830562,48.5641046215359,2.84854875229164,3.88288466998169
"096_4",2.30427613345548,15.9781633412692,46.6457552161059,2.77122299889339,3.84258193100125
"002_5",3.27565365139146,17.4469288059516,46.8479839962123,2.85916363349975,3.84690797672788
"007_3",3.79800139587624,17.2440870486328,47.944841035085,2.84746930492555,3.870051205032
"026_4",3.00528483710234,136.760412665304,44.7684052601505,4.91823058220808,3.80150265089364
"055_3",2.96929355858287,15.7393538279938,49.2160525179879,2.75616418928721,3.89621984097437
"057_3",3.56807658706079,16.4840804937492,41.7122101737023,2.80239509660886,3.73079389586522
"064_4",3.34701615963501,17.0068300213313,47.533157648749,2.83361502933055,3.86142752327613
"065_3",3.10741695115603,16.7604574482563,46.3454319104017,2.81902238873017,3.83612273074497
"066_6",3.13150950421042,55.0432595987273,44.9436500707133,4.00811941423211,3.80540948443609
"067_6",3.6788760395396,54.6360231506041,53.3949788029109,4.00069342986492,3.97771671163703
"072_4",3.54917708677175,16.1726746792734,47.6174494490035,2.78332306988391,3.86319927912459
"073_3",3.58339057994106,15.7704240267375,44.6863939590281,2.75813628880227,3.79966906958072
"073_4",3.41751944783815,16.4785907682391,43.4848636879977,2.80206200918902,3.77241291634664
"074_5",2.72650548643572,16.0433026433035,44.7849271507056,2.77529148169911,3.80187163528088
"076_1",3.48472865576556,17.1383855502234,97.8982367997173,2.84132071679767,4.58392853915689
"089_1",3.54917708677175,18.1975105521549,96.182426810029,2.90128480187849,4.5662466674924
"090_1",3.36883312664197,16.0289780273253,98.5784271056399,2.77439821083522,4.59085244563807
"074_6",2.95108168479478,64.9099565056868,45.32384033462,4.17300102497408,3.8138331707564
"080_4",4.15824570074495,17.1005401648481,47.6888934502579,2.83911005159731,3.86469852906878
"081_2",4.21798072397406,15.7101399354554,45.953915943809,2.75430635964068,3.8276390670162
"083_2",3.8285912372012,53.3422737037395,128.43781694297,3.97672914446217,4.85544487237
"084_2",3.56885861268219,18.6223560497178,127.992714123175,2.92436279712664,4.85197334138687
"085_5",2.99344922214073,16.9689240810433,49.1877312447818,2.83138367600127,3.89564422745819
"087_4",3.32060225425931,16.8019991359471,45.8100688049552,2.82149787551705,3.82450390986118
"089_2",3.63260133234074,67.1515371306553,97.2546395882517,4.20695181370733,4.57733268920892
"090_2",3.48131682768877,16.5683982950413,98.8185357518033,2.80749716382372,4.59328519598141
"091_6",3.47438920949599,56.5484362831819,42.1267572818628,4.03509755024668,3.74068310369236
"093_6",3.6195820947585,51.8402856870001,45.6525818245675,3.94816756296634,3.82106016238731
"095_5",2.76947085260207,15.9279628900664,49.6973340537762,2.76807623690398,3.90595129089478
"095_6",2.71601843428277,103.449140250158,50.6386238317967,4.63908009338039,3.92471460194922
"099_1",3.28231366571846,15.7520105960107,44.8110018839947,2.75696801401376,3.8024536870394
"100_4",3.31903724074527,17.8967757044235,44.9999612721928,2.88462056837717,3.80666162915201
"100_5",3.36015577103794,17.4706778621043,45.2759276168297,2.86052392488744,3.81277549205942
"107_1",3.09848241051048,18.4137073938151,41.1734914100229,2.91309535431989,3.71779463689882
"110_6",3.424222161772,43.3491216515037,42.9877710853832,3.76928644123359,3.76091568188292
"123_4",3.30056963427876,16.0624588748468,43.9816156284223,2.77648480233134,3.78377171997763
"123_5",3.22862958062763,15.3553570671215,44.3216490018385,2.73146440774951,3.79147324846706
"046_1",3.64364870153369,16.5847471751929,121.601316071638,2.80848342809789,4.80074779243105
"071_5",3.38268942544997,17.3756723971818,45.4111345425166,2.85507108982044,3.81575732921785
"108_1",3.30325077794509,15.1618429236868,46.4620796845757,2.71878193771281,3.83863648924564
"112_1",3.29245453538715,14.4296895457918,44.9035420325818,2.66928785805619,3.80451667877669
"116_1",3.17883227465928,15.3749514912937,116.895071873892,2.7327396586498,4.76127671082201
"117_4",3.51928988305609,17.0214135616154,44.9567702862664,2.8344721726704,3.80570136773528
"118_5",3.2663275198626,15.5364645274686,47.6347737133394,2.74318981117075,3.86356303471898
"119_3",3.29317591900725,15.3716599150853,43.1496570147739,2.73252554879701,3.76467446882517
"124_6",3.75369621496965,150.566164326517,42.9449719985741,5.01440261765647,3.75991957518803
"125_1",3.31328016670078,17.6886734339867,52.5868653326801,2.87292451576044,3.96246638005712
"125_5",3.31766752175597,17.8703116048232,50.842945355043,2.88314076633454,3.92874137845596
"132_1",3.58258866496088,17.1580966922362,45.7461931042934,2.8424701725374,3.8231085774242
"139_4",2.88931480459218,19.7851808479335,47.5240422212762,2.98493321545437,3.86123573501573
"046_2",3.75635412174739,449.470374868352,120.692300809123,6.108069944884,4.79324433824064
"076_4",4.16133878575065,113.935808248008,45.6032000012159,4.73563520425851,3.81997788952342
"077_4",3.76009076259165,16.9698194595159,45.9058951108637,2.83143644038671,3.82659354260747
"089_3",2.87366184708706,14.7823186101071,46.7758028472763,2.69343177805459,3.845366036038
"089_4",3.84082218386291,65.8052433001922,44.3402887315331,4.18669952056981,3.7918937159291
"093_2",4.02587864808386,16.5016325145017,43.5445392893183,2.8034593162851,3.77378430598351
"095_4",2.8723675999683,14.8423330122698,48.2505535381609,2.69748343645227,3.87640730001268
"098_2",3.37685096898319,16.0169091117677,43.4391237571632,2.77364498368468,3.77136050408621
"099_4",3.47485437573116,15.5914910152358,46.8379470416449,2.74672531770346,3.8466937085983
"107_6",3.41289565116824,47.9066743420452,43.0839252394316,3.86925483379244,3.7631499632589
"108_2",3.30664581266304,17.7861589808707,46.0695546166056,2.8784205694774,3.83015231136486
"109_5",3.98863250707644,16.4644547710168,46.4068723812864,2.80120380085651,3.83744755993041
"111_3",3.979730229799,15.5999157787065,41.5860152154302,2.74726551544005,3.7277639380425
"112_3",3.60646130813196,17.2746873186559,42.3447243727434,2.8492422692674,3.74584384126614
"115_4",3.56977170958004,16.9209235880962,42.0831165345976,2.82855093827322,3.73964662782096
"116_3",3.50227987656363,15.7217763714061,120.00453353523,2.75504678134254,4.78752952152867
"118_3",3.37520325100674,15.9995598900868,47.6753304850059,2.77256121499188,3.86441408350243
"124_5",4.23761760040548,20.3995711411002,42.2741565856164,3.01551387813411,3.74417594392014
"125_4",3.66140108123473,17.0567894079862,51.4775675111546,2.83654833021365,3.94114613046848
"132_2",3.70125968394403,17.4315721514597,44.2595089328668,2.85828305348267,3.79007023950638
"139_3",3.28876623641987,18.392535240119,43.7800705464481,2.91194488882728,3.77917870347871
"058_2",4.02651783415618,16.7063877310519,48.394395240034,2.81579114515405,3.87938400619141
"064_2",2.91690904095478,15.353287089856,46.0724594245801,2.73132959376957,3.83021536203736
"064_3",3.27730998629171,16.2306894074763,46.4526271359659,2.78690385797965,3.83843302202358
"067_1",2.40594460798471,15.8359080573465,46.820658443262,2.76228002330044,3.84632452525439
"067_5",4.18067983410755,14.8808973248391,52.8966729477662,2.70007833167538,3.96834044364946
"073_5",3.60674510885997,15.8660877769939,44.3441773104693,2.76418398726044,3.79198141063173
"073_6",3.85501266151485,69.6571750772955,43.9918140176388,4.24358571110516,3.78400357155607
"079_4",4.49358191286629,16.2530788722401,46.9096698130072,2.78828235988968,3.848223833582
"080_3",4.20913203065931,16.9385543261181,45.2451811402369,2.82959234473908,3.81209617033662
"081_5",4.09829720482977,19.1605329925985,47.9264665125599,2.95285259014111,3.86966788862128
"085_2",2.7481543543626,15.3956619060781,46.0749951153402,2.73408577532575,3.83027039754048
"086_1",3.26861268694599,16.2631044720729,45.5468752985595,2.78889901283719,3.81874202197992
"087_3",3.73422491077267,16.834291917499,43.8210889120124,2.82341799158587,3.78011518351655
"090_3",2.74525999785167,17.3055852191961,45.4338470652753,2.85102929444072,3.81625735734995
"091_5",3.70739356156619,17.7528261189604,42.6507334181269,2.87654472121719,3.75304446999445
"095_3",2.91323935568124,15.4900167316361,47.7080039599051,2.74019573458546,3.86509918171938
"096_5",3.3193352318318,16.3694806357165,47.1094773718075,2.79541866428943,3.85247419886581
"097_6",3.96760084935213,91.6621942733777,79.10204360838,4.51811001806323,4.37073871019689
"101_2",4.03530697554926,16.3757700806667,45.6867612711438,2.79580280824251,3.82180856821142
"109_4",4.10411798578949,14.700995272976,46.5130860835008,2.68791519713739,3.83973369415236
"008_4",3.79153572250225,17.8210126937571,46.9554260810253,2.88037824948278,3.84919877045724
"044_5",3.95848211753109,18.2399761278526,50.4582213525661,2.90361567586532,3.92114569393067
"044_6",3.962717599323,75.6291599439739,48.0352242838008,4.32584192236177,3.87193458102538
"049_2",4.04527956554629,17.0121823655589,45.928548436468,2.83392969715282,3.82708689401656
"057_4",4.06096287261282,14.7001855691241,44.2635145656937,2.68786011745495,3.79016073873859
"058_5",4.03063130832212,19.9577041955962,49.815808778393,2.99361524400727,3.90833237900475
"065_2",3.06696739515264,16.1058931133482,47.2853782736529,2.77918523690207,3.85620112030125
"066_1",3.20730619475755,14.3593357769187,48.6860604721232,2.66440030746105,3.8853927565109
"069_1",3.62149291890659,16.3242548338153,93.2882255931817,2.7926520284126,4.53569390045949
"072_3",3.93727633519653,17.1032473962796,47.8575155195984,2.83926835169389,3.86822816971612
"074_4",3.55678717460156,16.4448537951959,45.5226436546518,2.80001258906917,3.81820986490347
"086_5",3.55173946959306,14.5048311184031,42.2787962143568,2.67448177451373,3.74428568884545
"101_4",3.99958181985149,16.1611148822117,46.3659835968884,2.78260804094911,3.83656607823807
"003_2",3.41443713370289,17.0804642830794,46.6096180044465,2.83793537084106,3.8418069147803
"004_2",3.3957182183613,17.350467001545,47.318599159465,2.85361942254619,3.85690343511039
"009_2",3.6570122276769,51.5016008934137,125.048015505734,3.94161289249556,4.82869778759142
"015_4",3.46126762636449,15.2282890098915,45.2370974038453,2.72315481718777,3.81191748923921
"017_1",3.87447102514865,16.6839847676995,46.2750777048855,2.81444926334576,3.83460353765611
"021_6",4.19298755382145,103.538970844174,46.0246746587905,4.63994807173123,3.8291776583009
"022_6",4.29651109694471,100.02683675921,44.6524249618307,4.60543851757605,3.79890861630308
"031_4",3.33698756335142,15.1104669046901,46.6427356878181,2.71538767618382,3.84251719572126
"035_1",2.81462427737913,15.8662466900731,44.5614488958417,2.76419400310591,3.79686911070625
"041_1",3.73794358072718,16.7364288706942,51.3546632729607,2.81758771319317,3.93875574574612
"043_1",3.54622685266757,15.0210947323179,48.3006337888083,2.70945552865457,3.87744468249393
"051_2",2.86745111048278,14.9673693799926,48.0667807052762,2.7058724568705,3.87259130868914
"056_2",3.73794358072718,15.7475651996948,46.2916054716975,2.75668576282573,3.83496063734728
"003_3",3.23928025323354,15.4166359736786,44.2540213401349,2.73544718439182,3.78994624506797
"013_3",3.84763903025269,16.5141224293026,47.5568043111813,2.80421591963511,3.8619248767808
"017_2",3.65956573031876,16.0258851249695,47.2118698274752,2.77420523528885,3.85464534037153
"019_3",2.89866673722085,77.1453857516695,49.3635237485805,4.34569176822819,3.89921176579666
"031_5",3.50933186123377,16.377326613161,46.1811717720299,2.79589785467492,3.83257217761981
"047_3",2.99504465824915,16.8546191364274,44.4196736662812,2.82462475195652,3.79368247189002
"050_6",3.30819622421619,56.7890367035672,47.470681339924,4.0393432913149,3.86011228552371
"085_3",3.21355258327015,15.4086739181247,46.8594175294588,2.73493059229533,3.84715200298658
"086_2",3.47308607013356,16.8674112005878,46.4457449146202,2.82538342897841,3.83828485535055
"087_2",3.22725174012979,16.6855167496814,46.372788300507,2.81454108263663,3.83671282815704
"092_3",3.82890607853023,14.2947033008419,47.0253514799867,2.65988907010885,3.85068684948105
"093_5",3.18574391911104,16.8954869215477,45.5199559803428,2.82704654020361,3.81815082277769
"097_5",3.77649986504999,16.2693476013393,80.5523217359439,2.7892828221688,4.38890693274507
"099_3",3.458271220202,16.2390187568034,46.9062992865709,2.78741691152898,3.84815197957953
"100_6",4.1806370125046,51.1250657876407,45.1151094938303,3.93427490116196,3.80921721243743
"103_5",3.68227211416349,17.6211399941447,43.1850735857061,2.86909931728829,3.76549491669528
"104_6",3.49714616810292,49.9285012961481,43.3889136557108,3.91059200796245,3.7702039627536
"106_6",3.36953286675583,45.5846653138427,43.2068713721111,3.81957137298606,3.76599954214105
"107_5",3.91513039042174,16.0355044233061,42.0228680140336,2.77480529029337,3.73821394663442
"110_1",4.1169117812057,18.260162731992,44.7400151359173,2.90472178706534,3.80086829437032
"111_6",3.5681915358919,46.9238750231368,40.5582209937083,3.84852660825097,3.70273849721914
"112_4",3.13598572556863,15.9995700346903,41.6255375587893,2.77256184904685,3.72871386254249
"113_6",3.83037612153868,49.222408696146,68.0573887052719,3.89634898111103,4.22035130079736
"118_2",2.93736954555512,15.3540422623094,46.9192433576776,2.73137877892956,3.84842789743354
"119_5",3.47908913652355,14.9013040861647,42.286179289987,2.70144873168292,3.74446030193095
"132_4",4.05820130749233,16.5407965608299,43.7877328168881,2.80582984809914,3.77935370548094
"139_2",3.73028223373645,16.3392842953511,45.5026181970136,2.79357228769847,3.81776986709289
"056_5",3.87404097199179,18.8116398774722,45.8298113119041,2.93447582066505,3.82493478138195
"056_6",3.88751717641859,49.6234555063357,45.6416588908097,3.90446361522499,3.82082087163415
"080_5",4.29882527842187,15.6264383055531,44.5733404048685,2.74896424294138,3.79713593153323
"083_3",4.20050241457312,71.9220123134697,45.2451011340267,4.27558236965889,3.8120944020537
"087_1",2.23463299705582,15.9719050622504,45.7844061605464,2.77083124517194,3.82394355630077
"090_4",3.51206500818562,17.9294606192762,44.6401632585561,2.88644520458096,3.79863397529209
"091_4",3.68127213331792,14.2209950438259,41.9909717956719,2.65471939687956,3.73745463793084
"092_2",3.85742258131762,17.4777536236533,45.8622316079661,2.86092885073646,3.82564193756215
"095_2",3.67461845984543,14.4494306696345,47.393820876883,2.67065501375695,3.85849185895607
"097_2",3.75065149562393,17.8531985565973,78.8122431311034,2.88218268301868,4.36706835447927
"098_1",3.88745767332838,17.4339086179777,43.7975755852646,2.85841708097749,3.77957846391583
"099_2",3.23367181647748,16.5635778459482,46.6944734319982,2.8072061791202,3.84362581574466
"100_1",2.82406344787177,15.9354154991218,46.7889172629451,2.76854402215263,3.84564636425871
"103_4",2.57752901610889,17.072916534345,42.9608371772362,2.83749337952561,3.76028893737657
"104_3",2.55717608154908,16.7659170715566,41.9005432020806,2.81934807997634,3.73529879109419
"108_4",3.92231034426635,15.3982599940049,43.6943175735259,2.73425451563375,3.77721806100414
"109_2",4.21391469787455,15.8324712706624,43.8711327702755,2.76206297482682,3.78125653591327
"109_3",4.15319101675548,17.0358663088429,47.415926859865,2.83532090446284,3.85895818196421
"111_2",4.24851841883637,18.2064670540062,42.1675161047606,2.90177686360476,3.74165016407349
"115_6",3.1421915208765,134.771563646414,42.8003498409449,4.90358122404673,3.7565462764082
"116_5",3.29662679030939,15.1603624618845,130.069766171764,2.71868428902369,4.86807096936329
"117_3",3.69968516033374,17.386623215592,44.6048798657394,2.85570112984395,3.79784326707077
"119_6",3.6556254590926,60.5133831028253,42.0775666034156,4.10286454888501,3.73951473889176
"132_5",3.21876095712747,18.3893713890641,44.7780159760882,2.91177285581689,3.80171730416156
"139_1",3.40744507074716,18.1780611033741,43.9067063582192,2.9002154330824,3.78206707283796
"035_2",3.89825849556813,16.6171640906573,43.967732554144,2.81043614253686,3.78345601384267
"035_3",4.0173513554297,16.7759543159594,45.0549522074921,2.81994657041752,3.80788290492719
"044_2",2.84277136186232,17.5787180307742,49.2263251317547,2.86668896757159,3.8964285440563
"110_2",4.34074332096094,15.4992317026776,43.3699759108484,2.7407904551275,3.7697674024136
"112_2",4.0875798618528,18.6565078202684,44.0523922610362,2.92619503000926,3.7853796587631
"118_1",4.39455812512616,17.5393752128372,47.1429675420577,2.86444836560477,3.85318484720369
"123_3",4.23506678618521,16.6087172543002,44.3408489603608,2.80992769332816,3.79190635060751
"002_1",3.31050436974503,17.9617674038406,110.410430588432,2.88824546581855,4.70420460934773
"010_1",3.85693347699719,18.144034474104,96.1274551892952,2.89834182757131,4.56567496913078
"013_4",4.15246122746359,52.4510367632814,46.6171747170805,3.9598801013444,3.84196902939199
"016_1",3.31050436974503,15.5560160396233,45.7484008485305,2.74444744738215,3.82315683698014
"021_5",4.03721847870731,16.0393768008213,46.1441508525552,2.77504674886695,3.83177021082659
"022_5",4.58177633137402,15.8784292404563,45.8692442853066,2.7649615365977,3.82579483333289
"023_1",3.59874150011832,15.9181382545876,44.2791539177723,2.76745922977046,3.79051400010983
"048_5",3.89119735225218,17.7547769765689,47.829472426578,2.87665460515417,3.8676420274532
"064_1",3.0453599071211,15.354766007944,49.5890809665912,2.73142591495831,3.90377066769352
"065_5",2.83717395074108,17.1070229544955,47.7866953688596,2.83948907828813,3.86674726119016
"071_3",2.44539210125908,18.3840317488689,45.2555566837687,2.91148244808864,3.81232546224797
"072_2",3.49888632985158,16.277043226541,46.855738679032,2.78975572408815,3.84707349166402
"077_3",3.56585492317997,16.5230920177474,46.2644598197346,2.80475891872357,3.83437405984627
"079_2",2.74311076459462,17.5075436872648,46.6495318664072,2.86263185589012,3.84266289222494
"080_2",4.56543095036143,16.4475425953594,46.434074221933,2.8001760797518,3.83803354795445
"085_4",2.90146324461504,16.1199804958376,50.3050979089221,2.78005952714212,3.9181064220481
"086_3",2.85964583109548,16.2914837679364,44.2418411497473,2.79064250305387,3.78967097365704
"088_6",4.49069443500989,54.4861222293386,74.9092839301156,3.99794603124965,4.31627783384476
"091_3",3.30037690464158,14.1478570486963,43.8354617226923,2.64956316729843,3.78044311818212
"095_1",3.33532831968643,18.5379146679915,48.0898462350414,2.91981807635703,3.87307105784303
"101_5",3.32255281340438,17.3970488542118,47.1862001425964,2.85630058575596,3.85410147998286
"106_5",3.14904504586823,16.5382584802684,43.917644223472,2.80567639265349,3.78231615786362
"107_4",3.91694367643589,15.764284309554,41.6463244429053,2.75774689453894,3.72921311604897
"001_1",4.10297633130327,17.0782759548538,107.383452461051,2.83780724385433,4.67640609628471
"004_4",3.68579720142561,15.5794724842249,46.9010540221513,2.74595418134724,3.84804014901956
"007_1",2.21052808551647,16.5353608608756,60.6067814883653,2.80550117025825,4.10440679256289
"009_1",3.72025973425248,17.5971633454498,106.858380195043,2.86773771550027,4.6715044082175
"011_1",2.9043112198114,18.2926830031216,60.2712660411156,2.9065011439967,4.09885547343188
"015_3",3.25492628262194,17.1540694463005,46.078490719937,2.84223543096277,3.83034626237764
"016_2",3.07592383265041,14.9869065680959,45.1327767080531,2.70717692444685,3.80960873882529
"031_3",3.36632954076308,16.5258349365705,45.7439596480697,2.80492491012373,3.82305975345447
"036_1",3.76790163181719,16.8929494510934,44.8598940841237,2.82689634263714,3.8035441680577
"037_6",4.38078015538067,85.1978089309702,46.4277778965709,4.44497571673194,3.83789794166989
"043_4",3.27755806119483,15.5586694275303,48.1986163541667,2.74461800272434,3.87533031429943
"046_4",3.86749593951526,457.969685058224,45.2459950864077,6.12680299209434,3.81211415985128
"050_1",3.81213972637082,16.6585300382256,49.0667868828511,2.81292239984627,3.89318236768177
"051_3",3.24237182640952,16.7256724235934,47.457686432391,2.81694480990526,3.85983850208218
"055_2",2.79314168547178,14.7940158102368,50.1309998232671,2.6942227618576,3.91463957568588
"057_6",4.32354750247828,51.2314312445999,46.6547183829077,3.93635323518725,3.84277406650675
"066_3",2.38555770337309,16.0388760859422,47.085225105709,2.77501553052841,3.85195925978757
"069_3",2.47104113081505,17.1523164206479,45.9317252503134,2.84213323275041,3.82715606023432
"070_2",2.81872090309129,18.6191670211838,88.9633831221074,2.92419153514384,4.48822485947911
"076_3",4.08171704955525,17.5810799332048,46.2217853664788,2.86682332001791,3.83345123167439
"081_4",3.59763026635829,16.2335338731632,45.4182167366364,2.78707909492708,3.81591327427381
"002_6",3.57017040034015,16.5390786382231,46.3072401998237,2.80572598297885,3.83529832467289
"003_4",4.05457233566648,15.743207579694,44.7869459986917,2.75640900746891,3.80191671300261
"004_3",3.80077858850861,13.4995832965303,47.4039677559257,2.60265881804431,3.85870593312864
"005_1",3.86185996985017,15.3870928481353,44.8650954753541,2.73352903125053,3.80366010880647
"007_5",3.66780932519484,17.1489408200543,48.0852995118439,2.84193641194114,3.87297650694496
"008_5",3.02031860456431,17.6865108928584,51.1763178272155,2.87280225258798,3.93527688260251
"009_3",4.44398468250228,17.9232654063846,46.9840704706089,2.88609961228492,3.84980861810435
"010_2",4.10298538759077,17.0219637593992,99.9072713975064,2.83450449600769,4.60424246976751
"013_5",4.44183025290988,17.7728276883851,46.8032324496513,2.87767075659695,3.84595226997541
"015_2",3.9880017709669,16.9090963560463,46.6205247267637,2.82785172304655,3.84204088894461
"016_3",3.19000876175238,16.6189230495402,44.3925783660569,2.81054198886451,3.79307230154877
"017_6",4.62493701624129,125.116934627737,45.0220809474775,4.82924877703826,3.80715305714419
"021_4",3.74007529544381,15.6861814436937,46.109724274854,2.75278016196147,3.83102386647517
"023_2",4.43643767176154,15.1104385500232,44.4726478373766,2.71538579969028,3.79487434485431
"026_1",4.00539744212956,16.1271681688411,166.050666628054,2.78050531372606,5.11229296243712
"031_6",4.88150089744468,91.5773634693832,45.2537258203742,4.5171841174433,3.81228500532811
"035_6",4.36215944578183,204.265613162828,45.0707721647171,5.31942117225229,3.80823396912107
"036_2",4.12749954813534,15.0422961108403,44.2526579225978,2.71086597381345,3.78991543569745
"046_3",2.99888156345774,16.9111498617226,46.030178745611,2.8279731595178,3.82929724106321
"001_3",4.21668982949234,18.2483795583253,47.0418903285409,2.90407628476168,3.85103848833867
"003_5",3.19487906146979,16.7881506575449,44.9419457058467,2.82067331955217,3.80537156145517
"004_5",2.97223756509336,16.1430425327189,45.4610647618009,2.7814891539188,3.81685624009909
"005_2",4.05037431444443,15.9564716029222,42.5420378414101,2.76986449006929,3.75049271274814
"008_6",3.13846094844995,17.3485254323261,48.2412043573346,2.85350751328976,3.87621351805535
"009_4",3.15415781160918,52.39048355956,47.2765538243613,3.95872496337486,3.85601448178569
"013_6",4.47076501442596,52.6185860782242,47.6463344928105,3.9630694048259,3.86380570149198
"015_1",3.03494923532044,16.9051936644874,46.3946467076682,2.82762089214199,3.8371840798967
"016_5",3.46055581606274,15.8684016021789,47.823327521011,2.76432981126671,3.86751354390481
"017_4",3.49006498051426,15.6736711311551,46.610338772175,2.75198230660342,3.84182237858769
"021_3",3.09894581363733,15.6047416653633,45.713601609049,2.74757482097907,3.82239588182443
"023_3",4.20544789824428,16.8877744457406,44.8432557946735,2.82658995456748,3.80317320472668
"026_2",3.82894181498681,123.76082979033,161.030379231569,4.81835091107693,5.08159303806389
"035_4",3.32896069322357,16.1096500891789,44.7118735992211,2.77941847685237,3.80023909496441
"036_3",3.32627270148267,15.5011786943474,44.6604219212863,2.74091606583055,3.79908769377639
"041_6",4.11886011738181,119.57406030808,46.8849645809943,4.78393593093694,3.84769703942701
"043_6",4.61001997836149,74.1346274599975,49.6175670822384,4.30588273030052,3.90434494607084
"044_4",3.28667502049813,16.5155140995065,49.8716117279883,2.80430018760478,3.90945193762389
"047_1",4.12691352900075,16.4427501488319,120.506379767927,2.79988465962984,4.79170269566139
"048_4",2.79296954196223,16.0989141218146,46.2156517189956,2.77875182386582,3.83331852251054
"049_6",3.50698047374941,54.5795338705682,46.8690978017619,3.99965897494633,3.84735856280038
"055_1",2.85133213725244,16.540564766756,49.9198811331228,2.80581583452385,3.91041934291096
"058_1",3.50621873850348,15.5532053384821,48.270798217026,2.74426674847524,3.87682678603922
"071_6",4.38562139669569,92.0903114420852,45.7499351378197,4.5227697416592,3.82319037396795
"079_3",2.88490722776995,15.6228129463869,45.6510526408792,2.74873221439431,3.821026665721
"081_6",3.42484196763336,52.9489792065117,47.4536304163265,3.96932879341988,3.85975303248378
"005_3",3.1264085393013,15.5965457105024,44.7320300321844,2.74704946092256,3.80068980054603
"004_1",3.06950581067239,15.982204327073,46.2949187478679,2.77147587369554,3.83503220880327
"016_6",3.52286770717839,119.601591784403,46.5906953722062,4.7841661506621,3.84140085107054
"015_6",2.9390008706782,114.387381938647,45.7345683058492,4.73959077512335,3.82285443003129
"037_1",3.64406343586469,16.5456632031268,46.1811687346678,2.8061240253769,3.83257211184923
"041_5",3.32468717139355,16.0406196446782,46.4870485762015,2.77512423290655,3.83917374855497
"022_4",3.83120287816245,16.5261663992639,46.2610307243365,2.80494496716597,3.83429993766913
"046_6",3.40315547414881,472.182839010014,45.9686213233626,6.15736628136079,3.82795901857794
"069_4",2.50113923545873,348.544999674401,45.017871085888,5.85376734575118,3.80705954617495
"070_1",3.02210002188976,16.2818076863399,89.1646588860254,2.79004839165468,4.49048476024837
"091_1",3.10696760450613,21.8830593627491,43.2980491218732,3.08571279240213,3.76810757907134
"097_4",3.92963299512344,17.905935958919,80.4998139390129,2.88513227569038,4.38825487310524
"079_6",4.00599129142538,49.3655355341194,48.1326328329622,3.89925251946237,3.87396038435291
"081_1",3.65521454939096,16.4055761049536,47.2062900996768,2.79762128344069,3.8545271485362
"050_2",3.24431787587341,16.6184191234557,49.6878182090062,2.81051166597756,3.90575979660046
"049_1",3.24947299187393,16.4863566829348,45.964084016391,2.80253317116195,3.82786030926751
"066_2",2.75430934292159,15.5302437431085,49.2571315771671,2.74278933202188,3.89705416073237
"067_4",4.51215371142023,16.0419362621813,49.4070162542455,2.77520630975278,3.90009244354682
"071_1",2.70467392291074,15.672679440003,45.0065294994642,2.7519190334546,3.80680757923243
"076_5",3.45162459558433,17.5186731937568,46.3278232533446,2.86326735169056,3.83574271480105
"077_5",3.13850297203395,16.5333966435152,45.0619580183464,2.80538237430031,3.80803838764072
"065_1",2.9139935023301,15.6974900606686,44.8412448075339,2.75350083082667,3.80312835891439
"072_6",3.20678857661423,77.6241301524787,46.0129826509698,4.35187833442569,3.82892358821209
"073_1",4.4301737091747,15.6679909756994,44.0151509969703,2.75161983983325,3.78453391548679
"074_2",3.00461321313639,15.6465923803861,43.6558576365062,2.75025315400507,3.77633746884934
"069_6",2.45511633150728,403.697810960552,45.7246372463833,6.00066660540315,3.82263726086948
"070_3",3.03942669362623,17.1677447385847,45.4482460839223,2.84303231733563,3.81657422986616
"051_4",3.15823685620467,16.6355184462813,47.5188177764617,2.81154007497705,3.86112579630345
"050_5",3.91522247023746,16.5214753527923,46.3960409141701,2.80466107117495,3.83721413046617
"048_1",3.2072694689332,15.8405534918906,47.1743796343991,2.76257332844566,3.85385094086394
"056_4",3.51718751980912,16.4342806802667,46.8118030804668,2.79936943860537,3.84613537369996
"057_1",4.19892593828651,15.8694686508503,49.111883017417,2.76439705261991,3.89410102216718
"080_6",4.39195942567886,49.9760762542038,46.9618609129382,3.91154441600657,3.84933580235262
"072_1",4.5028742666135,16.57205385714,48.3074536477094,2.80771777409764,3.8775858685808
"067_3",4.66964847087862,19.3670813229735,50.5828101157317,2.96357478578534,3.92361179754219
"077_6",3.34947819504444,17.5485608127003,46.0400987024894,2.86497194157494,3.82951272769346
"076_6",3.66328865661063,111.857674749216,45.3307806163096,4.71722730202573,3.81398628554813
"108_3",3.67970391099826,16.7339998405192,44.0525492184766,2.81744256834306,3.78538322172876
"107_3",3.81210064330538,15.6942029385369,42.082628470403,2.75329140458491,3.73963503012894
"101_6",4.82528539468011,54.1782807874251,47.0014094195504,3.99228010465525,3.85017758891045
"099_5",3.91614812457209,18.0533778339229,45.2136195214209,2.89333280488429,3.81139835829698
"098_3",3.94133670655472,19.2321020364128,43.1656766179142,2.95658086389263,3.76504565671612
"093_4",3.92012163003813,19.8106972079083,46.2529107774947,2.98622205483664,3.83412439770768
"092_5",4.07496206440149,16.9227492011211,46.4373285190788,2.82865882331501,3.83810362974607
"091_2",3.26904323056004,15.5844505081623,42.8849528403032,2.74627365486031,3.75852101476364
"087_5",3.1205874828109,17.1017814268289,47.7697865018944,2.83918263509011,3.86639335809932
"086_4",3.50822508705307,17.549475195546,41.3537241244955,2.86502404607707,3.7221624808845
"097_3",3.14417867039175,16.0434489525675,78.7995652089617,2.77530060130497,4.36690747919584
"096_6",2.43873372194749,92.767170114453,46.5977793280339,4.53009280688228,3.84155288609126
"104_5",2.74411235516085,16.784817005345,42.8771747968601,2.82047472809941,3.7583396283247
"103_6",4.07413217566725,48.4391189430995,43.2195401050352,3.88030772989643,3.76629271023164
"104_4",2.17187347914778,17.2660660581292,41.4977399524605,2.84874307571411,3.72563896677685
"096_1",2.84891893501241,16.6468030821455,47.1133166755522,2.81221819091239,3.85255569302624
"097_1",3.4666380847538,17.1928289627144,79.4564601916947,2.84449237611136,4.37520920108927
"087_6",3.87665039667151,52.8334421258136,49.2496995122179,3.96714436381077,3.89690326632472
"092_6",3.26523389926861,54.5562553007835,46.7545800340474,3.99923237666332,3.84491221957881
"099_6",4.00405969443487,51.4537890506734,46.5216219950952,3.94068410486815,3.83991719366119
"100_2",4.25366614104322,16.2387225960486,45.0080883775025,2.78739867376106,3.80684221534099
"101_1",4.07218061188194,14.4811493827332,50.3435772409251,2.67284776106794,3.91887104878204
"101_3",4.17480663159353,17.167285084361,46.4406454194997,2.84300554268443,3.83817505465516
"107_2",3.32633189868531,13.9068934514544,41.2650915900933,2.63238464896245,3.72001690260097
"106_4",3.8024490120819,16.8555695709798,44.3479923345189,2.82468114051969,3.79206743906168
"115_5",3.79764248257043,20.0938060797258,42.7847200089743,3.00041161233792,3.7561810297087
"113_5",4.80667614157436,14.7970039827608,80.0344762539287,2.69442472668038,4.38245749501434
"112_5",4.45533297623785,15.1633253898753,43.5548904164011,2.71887970905405,3.77402199128562
"117_5",4.16223365151783,16.5012438280812,45.560114211114,2.80343576158541,3.81903264540451
"118_4",4.6362477283814,15.7344625988324,47.7641812698837,2.75585337669719,3.86627601277916
"116_2",3.4711792696122,17.497493651283,117.34339634849,2.86205765074583,4.76510464758616
"111_1",4.16835048520386,18.7413530621244,42.0216549202035,2.93073247602479,3.73818507874897
"124_3",3.89758396252889,16.669638709513,42.8139974719162,2.81358902343324,3.75686509285696
"119_4",4.12319545846978,14.3666244376757,42.5007190872183,2.66490776906435,3.74952099548649
"110_4",4.19269139492109,16.7473376340928,42.4152065386032,2.81823929841929,3.74750694271862
"125_6",4.0211304442702,139.249020174541,49.7695099825583,4.9362638423341,3.90740254718322
"123_6",4.56390094628523,153.847937550343,45.8002347840132,5.03596469609056,3.8242892173955
"132_6",4.71255712633967,67.2958647993841,44.1030492626073,4.20909879047441,3.78652892433926
"084_1",3.27228538797661,16.0881066955341,128.229242081449,2.77808028444327,4.85381961583552
"110_3",5.10628886860521,16.6093718176475,44.9201480821378,2.80996710338248,3.80488642643956
"111_4",4.58748653547194,17.0071692928695,42.6576979818824,2.83363497826599,3.75320774960601
"117_6",3.59332078280612,98.5192661869529,49.3648752353233,4.59025212485831,3.89923914366881
"118_6",3.52282142307179,56.2477128742201,44.5588458304015,4.02976538024402,3.79681069381144
"119_2",4.09517303672561,15.382468585656,44.1967379197607,2.73322845741726,3.78865098363975
"139_5",3.88642390490212,17.0953359857455,49.2955286883292,2.83880567693413,3.89783338095842
"132_3",4.17445462396478,16.0582673591366,45.7400838648129,2.77622381721516,3.82297502210439
"124_1",4.44710645455256,14.6110159135616,40.1548669037894,2.68177575883873,3.69274365107359
"125_3",4.141879549347,15.9010822656873,50.8267655832096,2.76638717393409,3.92842309739033
"081_3",3.63494578260361,15.4673689632014,46.1707330229691,2.73873257663677,3.83234611300038
"080_1",3.57962446308069,15.8199178950276,46.7349200705125,2.76126977237835,3.84449163836268
"079_5",3.78528125134392,15.7250016304379,48.2318594228898,2.75525190627094,3.87601978658031
"077_1",2.92874392916188,17.4050193636625,119.333594020233,2.85675863379726,4.78192288225729
"076_2",2.83644781078446,116.413244842146,90.3373262810069,4.75714631612771,4.50355073360746
"098_4",3.59620602816172,16.3638480228835,43.6925767169099,2.79507451273996,3.77717821849388
"109_1",4.57507702391185,19.4254116570375,43.960015810727,2.96658208815465,3.78328048919703
"109_6",3.76312748490056,52.6005618735022,45.4978456805768,3.96272680169236,3.81766497715634
"108_5",4.26156987833726,16.5312632678297,44.4574755392764,2.80525333164908,3.79453312643087
"106_3",3.39907115038008,15.8859949711797,41.5735536336279,2.76543790165415,3.72746423514437
"092_1",3.60370509697814,17.3435040106346,45.0454937680173,2.85321802767551,3.80767295170427
"086_6",3.3885716435681,53.8392378977584,43.0483117987234,3.98600253029124,3.76232301520873
"093_2",3.79842616203476,16.5016325145017,43.5445392893183,2.8034593162851,3.77378430598351
"104_1",2.3273170423733,16.1291922717681,42.1354757445207,2.78063081473746,3.7408900401187
"103_3",2.47288841240099,16.9892314430648,42.6693132343039,2.83257969881987,3.75348000225679
"116_6",3.56408573976312,140.991387599332,164.378166057862,4.94869880765685,5.10216966393505
"085_6",3.50020615924225,50.2509204137983,46.5851530780872,3.91702886346394,3.84128188689221
"093_3",3.34064448305409,18.8805604305803,42.4107507829286,2.93813284409991,3.74740188629912
"098_5",3.5801813368593,16.6573266725329,44.4143955778391,2.81285016002944,3.79356364161481
"108_6",3.13521703655456,48.0846303386805,45.0110762160138,3.87296259047098,3.80690859761694
"106_2",3.5330349749018,17.1084633593727,41.7723888888952,2.83957327436618,3.73223556837228
"104_2",2.39035699215976,16.0390418690864,42.9935625620149,2.77502586680675,3.7610503966261
"103_2",2.78550128727069,16.3024742056298,42.0303401534508,2.79131688804994,3.73839174209517
"064_6",3.0575096634456,54.7457252672053,46.1420337760877,4.0026992883371,3.83172433014626
"065_6",2.65617433015742,52.6885530898064,47.8934442208843,3.96439822303196,3.86897863118553
"083_1",2.97824366526933,15.8249211525313,129.129897640789,2.76158598555535,4.86081885617482
"079_1",2.26953030120234,17.1846888959993,50.5665985456065,2.84401880690833,3.92329125053201
"058_3",3.59195940260571,16.7581602771491,54.3465574589543,2.8188853203624,3.99538127133951
"057_2",3.6983230677177,15.7436025424188,45.4469818155106,2.7564340949721,3.81654641171903
"072_5",3.04254321605317,16.4875718782539,46.5967990470888,2.80260687759444,3.8415318487957
"074_1",2.94660269137656,15.7753888937035,44.6450193618429,2.75845106065612,3.79874275265355
"071_4",2.20150741848645,16.0881610611907,44.9602079658283,2.77808366368271,3.80577783114921
"071_2",2.11892294143217,17.0949666977703,46.6128732125291,2.83878407502094,3.84187675217772
"073_2",3.346994821675,17.2445974829711,45.5912695668634,2.84749890503035,3.8197162413231
"124_4",4.14217621985226,17.7167406731562,42.9644884524007,2.87450999333537,3.76037392454746
"139_6",3.88513898981576,39.6100332684896,46.2054353190725,3.67908245153475,3.83309743876673
"123_1",3.19532039986559,17.7690248959315,47.2510744666062,2.87745676704989,3.85547539371519
"123_2",3.27387031939644,16.7531411721502,46.8681157525246,2.8185857733547,3.84733760955887
"117_2",2.84755658659344,15.1919070820306,44.2581935283167,2.7207628572479,3.79004051879485
"119_1",3.51056202725144,17.208276461571,43.980496954924,2.84539045771102,3.78374628462903
"111_5",3.88912718569123,17.6126428939535,41.2224683368955,2.86861699040429,3.71898345569021
"112_6",3.72841369689025,48.7733504303535,44.7332572965301,3.88718406595477,3.80071723608852
"103_1",2.2658380700074,16.5749153779904,42.9151687401145,2.80789043065862,3.75922534712364
"098_6",3.26851654209401,49.1364649210994,41.9858129134066,3.89460142557774,3.73733177344419
"051_1",3.88091318136107,16.7423190099493,47.7040270311799,2.81793958652708,3.86501581846453
"049_5",2.93736954555512,16.855959302669,47.6144943599226,2.82470426208684,3.86313721824536
"048_2",3.11407370783054,17.496823485971,46.2116427007029,2.86201934936624,3.83323177284811
"055_6",2.37861266711974,47.0109606442107,45.5249624089449,3.85038077971793,3.81826079988999
"067_2",3.7760163295698,19.2008198201128,48.1374806555888,2.95495297708637,3.87406109728353
"064_5",2.85953864478334,17.0346299199037,46.2611942611369,2.83524832618682,3.83430347275058
"056_3",3.72808463998386,15.7117063154675,46.5468959200863,2.75440605970292,3.84046031879477
"017_3",4.23160084111712,15.9977310175602,47.1201282808949,2.7724469007811,3.85270026176948
"023_4",4.20815509115506,16.5350728747453,45.1011187560642,2.80548375372645,3.80890705232212
"021_2",2.91472823460128,15.9796561189914,44.9892572896821,2.77131642064421,3.80642373437457
"037_5",3.80729752525227,16.0411903281068,45.1890851857029,2.77515980966666,3.81085557948522
"036_5",3.72957674991924,15.1624466273042,45.3626165353336,2.71882175421808,3.81468834151541
"035_5",3.94462087004448,16.1732890414919,43.4542017093436,2.78336105683177,3.77170754920736
"041_4",2.75286419795953,17.4466625934618,44.7201249486177,2.85914837496778,3.80042362286391
"070_4",2.29241976921628,17.1538832363433,45.8972512347582,2.84222457575617,3.82640522932028
"047_6",2.21529776634497,17.4076805251947,45.937975996987,2.85691151832192,3.82729213875854
"046_5",3.57920775038509,15.4427830039202,45.1716564413784,2.7371417747221,3.81046982026663
"013_1",3.85415073556299,17.4635624251657,97.5740194621076,2.86011656311409,4.58061126394734
"010_3",4.08768677073212,17.5864733403866,48.2179523582651,2.86713004634499,3.87573140727786
"009_5",3.24467544104348,17.5178174692611,47.407715683718,2.86321850407599,3.85878499359162
"011_2",2.32905823655475,70.8195816310311,63.5313896109439,4.26013553916887,4.15153410834229
"019_1",3.31600802626809,19.0442932147174,97.5445031978961,2.94676748791178,4.5803087169207
"003_1",2.71844138474002,14.7308355663666,44.910700030196,2.68994295434884,3.80467607437955
"015_5",4.01047213367231,19.0663963415856,45.8095746868758,2.94792743172827,3.82449312356993
"022_3",4.14704442448498,14.435666529849,45.6253478316181,2.66970198661411,3.82046343558029
"031_2",3.44584777966368,15.7858355373096,44.1893183481522,2.75911305296953,3.78848309354624
"036_4",4.12027649088734,16.3949858025027,43.8806334640401,2.79697554433117,3.78147307158451
"041_3",2.47951410384161,16.7315354275358,45.68506874307,2.81729528768742,3.82177152116807
"043_5",3.979730229799,16.9089607283298,48.4623371495895,2.82784370202298,3.88078694265278
"021_1",2.99020524041144,15.0408736050055,45.6560931491769,2.710771402274,3.82113707347188
"050_3",2.8357920497223,16.4258094617158,49.4526058870825,2.79885384545259,3.90101475409346
"057_5",3.99954145722214,18.6960482362227,47.7573879839582,2.92831217726226,3.86613377713563
"058_4",3.55341320723477,15.1424216795861,48.9078431455464,2.7175001876348,3.88993777514395
"056_1",3.74139591862631,15.538344774556,45.7097169249839,2.74331082540266,3.82231089947792
"013_2",4.21931790082789,53.8787361814098,98.448445801362,3.98673589509427,4.5895330182806
"010_4",2.71574259072417,18.2921183405923,48.0375146515955,2.90647027530212,3.8719822608942
"009_6",3.66939028037795,53.1011631144463,47.0227549012085,3.97219883223486,3.85063163138302
"001_5",4.11606994886664,18.2379232740262,46.9239230481525,2.90350312257347,3.84852763171698
"008_1",2.75307251531506,17.4094344560157,53.3734834543157,2.85701226939353,3.97731405811123
"002_3",3.29155597160791,16.4415879018857,46.8852653857813,2.79981397266969,3.84770345521136
"002_2",2.61925565697427,16.665349827437,108.758169629804,2.81333170328477,4.68912679017988
"019_2",3.63741708439314,55.6609194322733,83.6717425819491,4.01927827468703,4.42690131693358
"005_5",2.40519591570638,15.5677444960809,46.5227341342402,2.74520111318672,3.83994109923035
"017_5",3.48304174067627,15.970442556614,45.9259807835669,2.77073967359086,3.82703098707493
"016_4",2.94638977555192,15.7215673023262,45.970583138655,2.75503348319702,3.82800169493792
"022_1",3.06764095680568,15.7146682075376,45.8157169963074,2.75459455692054,3.82462719811044
"023_5",3.15066900254521,14.9973226373278,46.6238020469695,2.70787169432601,3.84211118427132
"031_1",3.41589703473782,16.1054128657159,44.7757459220568,2.7791554183264,3.80166660715043
"037_2",3.12873233704618,15.9974982357477,45.2728792032619,2.77243234974847,3.81270816011599
"043_2",2.63831198243489,17.7024704046408,47.3898069969916,2.87370420072434,3.85840716331857
"041_2",2.8313075945709,17.5327475219481,45.8210262568174,2.86407041922165,3.82474307434802
"057_3",3.17946889508163,16.4840804937492,41.7122101737023,2.80239509660886,3.73079389586522
"050_4",3.27934688365983,16.0134536884457,47.1721876742878,2.77342922444668,3.85380447473011
"026_3",2.25636661664148,17.4877626763516,44.0741495420905,2.86150136068517,3.78587343239931
"010_6",1.84266487000922,17.314504333353,47.0820694576256,2.85154455101397,3.85189223762029
"007_3",2.23579069113141,17.2440870486328,47.944841035085,2.84746930492555,3.870051205032
"008_2",3.06852909177746,17.3356756850871,59.0236595681009,2.85276655646141,4.07793837315168
"011_4",2.56375482469267,70.1682116719279,47.3726765695423,4.25089538328927,3.85804561881295
"002_4",2.80127332085875,17.66105335759,47.7953593992398,2.87136183991968,3.86692855108657
"085_1",2.79953624079678,15.0503336451663,45.7972085687909,2.71140016006319,3.82422314098304
"058_6",3.79738460991058,51.2300750683981,49.1791186544222,3.9363267632711,3.89546911581458
"055_4",2.16761702870109,14.8811931425765,47.857250341244,2.7000982105033,3.86822262870367
"066_4",2.87297238031747,16.1710627387477,48.1309157112093,2.78322339429564,3.87392470892271
"051_5",3.53316644989279,17.2627111830562,48.5641046215359,2.84854875229164,3.88288466998169
"048_6",2.65150709571311,53.6109254579201,48.4842632672153,3.98175288047575,3.88123927657486
"073_3",3.08225144986818,15.7704240267375,44.6863939590281,2.75813628880227,3.79966906958072
"081_5",3.90960659790297,19.1605329925985,47.9264665125599,2.95285259014111,3.86966788862128
"047_5",2.65835731961396,16.9706416818364,46.4679996257947,2.83148489124996,3.83876389559826
"026_4",2.59981738218408,136.760412665304,44.7684052601505,4.91823058220808,3.80150265089364
"008_3",1.7859045218799,17.4394949533526,47.1678848198963,2.85873745896475,3.85371325465192
"002_5",2.19121287043474,17.4469288059516,46.8479839962123,2.85916363349975,3.84690797672788
"005_4",3.15567234788155,14.4046466150029,45.1836530848522,2.66755083612887,3.8107353640096
"022_2",2.72217254187147,16.1598442912576,47.2887083593287,2.78252941760455,3.85627154309454
"037_3",3.24954639550813,15.4515046363433,45.8771848800794,2.73770638606749,3.82596793205433
"036_6",4.04900854419568,104.818188337066,44.0985524559958,4.65222730966299,3.786426957787
"043_3",3.15213675447003,17.4021442026693,49.0790412156806,2.85659342866675,3.89343208451907
"049_4",2.79324836234383,17.0987437693164,47.6661188428236,2.83900499702735,3.86422084871786
"070_5",1.84682661375594,49.5961455408389,46.444486805297,3.90391311984105,3.83825776726389
"047_4",2.71295538087191,17.6734238954431,44.7916771667484,2.87206203640313,3.80202234463422
"010_5",2.33987858862098,17.8470696337988,46.0435301190134,2.88183932857517,3.82958725595803
"069_2",2.79603728991072,237.572368646819,99.2149600592263,5.47047228715188,4.59728880996924
"048_3",2.86510245559805,17.0076930105868,46.3777020920625,2.8336657717299,3.83681878536631
"081_2",3.74259283099204,15.7101399354554,45.953915943809,2.75430635964068,3.8276390670162
"077_2",2.58507997461059,16.7415518684539,107.340430938809,2.81789376497328,4.67600538144911
"076_1",2.7701952035347,17.1383855502234,97.8982367997173,2.84132071679767,4.58392853915689
"072_4",2.69391749056539,16.1726746792734,47.6174494490035,2.78332306988391,3.86319927912459
"073_4",2.68851422421254,16.4785907682391,43.4848636879977,2.80206200918902,3.77241291634664
"079_4",2.97441260717116,16.2530788722401,46.9096698130072,2.78828235988968,3.848223833582
"049_3",2.51285020294272,16.2659842998165,45.4460838870845,2.78907607452934,3.81652665381078
"051_6",3.37944214059294,56.3695782083432,48.8195907611608,4.03192961950993,3.88813168232339
"093_1",3.55162779687098,15.7937165308556,45.6200893168645,2.75961217301358,3.82034817469879
"092_4",3.31886354063808,18.8875326961666,46.4034876549822,2.93850205869817,3.83737462138553
"106_1",3.36813767163262,16.1313222034769,41.6206432110619,2.78076286047489,3.72859627522046
"090_1",2.84175327854488,16.0289780273253,98.5784271056399,2.77439821083522,4.59085244563807
"132_1",4.01397191105057,17.1580966922362,45.7461931042934,2.8424701725374,3.8231085774242
"117_1",3.28469341344933,18.2553986832502,43.9282222916343,2.90446085454319,3.78255699032696
"110_5",4.1957133603718,17.5119999577533,41.7499969161845,2.86288635780812,3.73169937743302
"116_4",2.88822669929531,14.202205669916,124.490915700873,2.65339728141226,4.82423274698455
"083_2",3.81210064330538,53.3422737037395,128.43781694297,3.97672914446217,4.85544487237
"064_4",2.68563070145222,17.0068300213313,47.533157648749,2.83361502933055,3.86142752327613
"055_5",2.65123620574352,19.9948295337409,46.7921424731901,2.99547371681812,3.8457152929555
"067_6",3.39009415338292,54.6360231506041,53.3949788029109,4.00069342986492,3.97771671163703
"074_5",3.7417416766061,16.0433026433035,44.7849271507056,2.77529148169911,3.80187163528088
"089_2",3.23479671806571,67.1515371306553,97.2546395882517,4.20695181370733,4.57733268920892
"065_4",2.75286272002511,16.7727689638087,47.3945772864112,2.81975667632625,3.85850781891621
"096_2",2.77712382823486,16.2104997928433,47.1892805333996,2.78565916765003,3.8541667594555
"109_4",3.98557657618219,14.700995272976,46.5130860835008,2.68791519713739,3.83973369415236
"108_2",4.08169501733701,17.7861589808707,46.0695546166056,2.8784205694774,3.83015231136486
"097_6",3.4933709606479,91.6621942733777,79.10204360838,4.51811001806323,4.37073871019689
"093_6",3.8258924827167,51.8402856870001,45.6525818245675,3.94816756296634,3.82106016238731
"089_1",3.08826845513362,18.1975105521549,96.182426810029,2.90128480187849,4.5662466674924
"086_1",3.70254926892172,16.2631044720729,45.5468752985595,2.78889901283719,3.81874202197992
"085_5",3.28534532723806,16.9689240810433,49.1877312447818,2.83138367600127,3.89564422745819
"098_2",3.28962069628225,16.0169091117677,43.4391237571632,2.77364498368468,3.77136050408621
"090_2",2.95146594316984,16.5683982950413,98.8185357518033,2.80749716382372,4.59328519598141
"110_6",4.07885870952781,43.3491216515037,42.9877710853832,3.76928644123359,3.76091568188292
"111_3",4.25346363471062,15.5999157787065,41.5860152154302,2.74726551544005,3.7277639380425
"112_1",4.14077581484917,14.4296895457918,44.9035420325818,2.66928785805619,3.80451667877669
"119_3",4.35183155512142,15.3716599150853,43.1496570147739,2.73252554879701,3.76467446882517
"118_3",4.09405215525164,15.9995598900868,47.6753304850059,2.77256121499188,3.86441408350243
"117_4",3.56049521659297,17.0214135616154,44.9567702862664,2.8344721726704,3.80570136773528
"125_4",3.91510206560197,17.0567894079862,51.4775675111546,2.83654833021365,3.94114613046848
"132_2",3.85605352768662,17.4315721514597,44.2595089328668,2.85828305348267,3.79007023950638
"139_4",4.41299009981796,19.7851808479335,47.5240422212762,2.98493321545437,3.86123573501573
"125_2",4.37133230237679,19.0876586315626,50.9493788416822,2.94904198126661,3.93083256806708
"124_6",4.50051396087488,150.566164326517,42.9449719985741,5.01440261765647,3.75991957518803
"116_3",2.90544281873234,15.7217763714061,120.00453353523,2.75504678134254,4.78752952152867
"112_3",3.61937667839633,17.2746873186559,42.3447243727434,2.8492422692674,3.74584384126614
"118_5",3.85950627004552,15.5364645274686,47.6347737133394,2.74318981117075,3.86356303471898
"123_5",4.61781825476501,15.3553570671215,44.3216490018385,2.73146440774951,3.79147324846706
"124_5",4.28245639947274,20.3995711411002,42.2741565856164,3.01551387813411,3.74417594392014
"139_3",4.05225390701614,18.392535240119,43.7800705464481,2.91194488882728,3.77917870347871
"037_4",3.36068101464857,15.6089242004623,45.3459636202427,2.74784281482138,3.81432116753365
"044_1",3.30774212917619,16.285851983514,48.0071138476488,2.79029675443149,3.87134920508594
"107_6",3.61487665343334,47.9066743420452,43.0839252394316,3.86925483379244,3.7631499632589
"100_3",3.70915195459984,16.4258544496108,44.7805182138991,2.7988565843029,3.80177318354445
"099_1",3.796355468429,15.7520105960107,44.8110018839947,2.75696801401376,3.8024536870394
"099_4",3.7524496435785,15.5914910152358,46.8379470416449,2.74672531770346,3.8466937085983
"096_3",2.64915622864895,16.062656878716,48.246062018092,2.77649712937605,3.87631420824886
"086_5",3.61129278116741,14.5048311184031,42.2787962143568,2.67448177451373,3.74428568884545
"089_4",3.29203938541628,65.8052433001922,44.3402887315331,4.18669952056981,3.7918937159291
"108_1",3.28705639621644,15.1618429236868,46.4620796845757,2.71878193771281,3.83863648924564
"072_3",2.76636523843932,17.1032473962796,47.8575155195984,2.83926835169389,3.86822816971612
"071_5",2.98913143177554,17.3756723971818,45.4111345425166,2.85507108982044,3.81575732921785
"073_6",2.82356383289345,69.6571750772955,43.9918140176388,4.24358571110516,3.78400357155607
"077_4",2.44853700591043,16.9698194595159,45.9058951108637,2.83143644038671,3.82659354260747
"076_4",2.89101347282127,113.935808248008,45.6032000012159,4.73563520425851,3.81997788952342
"084_2",4.12732240976822,18.6223560497178,127.992714123175,2.92436279712664,4.85197334138687
"074_6",3.15020762495468,64.9099565056868,45.32384033462,4.17300102497408,3.8138331707564
"067_5",4.0849778562222,14.8808973248391,52.8966729477662,2.70007833167538,3.96834044364946
"056_2",3.65731164934013,15.7475651996948,46.2916054716975,2.75668576282573,3.83496063734728
"066_6",2.9510292355057,55.0432595987273,44.9436500707133,4.00811941423211,3.80540948443609
"015_4",2.94810681091379,15.2282890098915,45.2370974038453,2.72315481718777,3.81191748923921
"023_6",4.56429730009562,105.278924404152,46.0936286480411,4.6566132509989,3.83067473325026
"043_1",2.86083660326941,15.0210947323179,48.3006337888083,2.70945552865457,3.87744468249393
"041_1",2.90857060891257,16.7364288706942,51.3546632729607,2.81758771319317,3.93875574574612
"047_2",2.35362225092508,17.4630775080223,122.145205492436,2.86008879536178,4.80521054595049
"073_5",2.826503613188,15.8660877769939,44.3441773104693,2.76418398726044,3.79198141063173
"074_4",2.94586631598133,16.4448537951959,45.5226436546518,2.80001258906917,3.81820986490347
"065_3",2.54887421137949,16.7604574482563,46.3454319104017,2.81902238873017,3.83612273074497
"049_2",2.31666355706976,17.0121823655589,45.928548436468,2.83392969715282,3.82708689401656
"084_3",2.87669236888364,34.4272606243626,44.8422837344565,3.53884871055925,3.8031515276487
"066_5",3.40030790764983,15.8796305812611,44.9133891032481,2.76503719240363,3.80473594858654
"064_3",2.2703145149888,16.2306894074763,46.4526271359659,2.78690385797965,3.83843302202358
"080_4",4.29797194098305,17.1005401648481,47.6888934502579,2.83911005159731,3.86469852906878
"055_3",2.54632544747609,15.7393538279938,49.2160525179879,2.75616418928721,3.89621984097437
"058_2",3.14063258937394,16.7063877310519,48.394395240034,2.81579114515405,3.87938400619141
"095_5",3.28046597241542,15.9279628900664,49.6973340537762,2.76807623690398,3.90595129089478
"095_6",3.33562226057447,103.449140250158,50.6386238317967,4.63908009338039,3.92471460194922
"091_6",3.65021406869297,56.5484362831819,42.1267572818628,4.03509755024668,3.74068310369236
"107_1",3.42437545907144,18.4137073938151,41.1734914100229,2.91309535431989,3.71779463689882
"101_4",4.47082561499388,16.1611148822117,46.3659835968884,2.78260804094911,3.83656607823807
"100_4",3.79961907544374,17.8967757044235,44.9999612721928,2.88462056837717,3.80666162915201
"096_4",3.03575923067194,15.9781633412692,46.6457552161059,2.77122299889339,3.84258193100125
"109_5",3.55464541535737,16.4644547710168,46.4068723812864,2.80120380085651,3.83744755993041
"115_4",2.69771774909811,16.9209235880962,42.0831165345976,2.82855093827322,3.73964662782096
"116_1",3.07929565343666,15.3749514912937,116.895071873892,2.7327396586498,4.76127671082201
"124_2",4.33096188413005,16.0045517838705,41.1212875327616,2.77287316827308,3.71652593225111
"125_1",4.29371096445573,17.6886734339867,52.5868653326801,2.87292451576044,3.96246638005712
"125_5",4.18537599417232,17.8703116048232,50.842945355043,2.88314076633454,3.92874137845596
"005_1",3.54824580524512,15.3870928481353,44.8650954753541,2.73352903125053,3.80366010880647
"004_2",3.4893205400763,17.350467001545,47.318599159465,2.85361942254619,3.85690343511039
"003_2",2.8924251561302,17.0804642830794,46.6096180044465,2.83793537084106,3.8418069147803
"017_2",4.53560309822557,16.0258851249695,47.2118698274752,2.77420523528885,3.85464534037153
"023_1",3.2156198599349,15.9181382545876,44.2791539177723,2.76745922977046,3.79051400010983
"022_6",5.13505019948623,100.02683675921,44.6524249618307,4.60543851757605,3.79890861630308
"021_6",5.03891897145254,103.538970844174,46.0246746587905,4.63994807173123,3.8291776583009
"031_4",4.19872672782431,15.1104669046901,46.6427356878181,2.71538767618382,3.84251719572126
"035_2",2.69161911313365,16.6171640906573,43.967732554144,2.81043614253686,3.78345601384267
"046_1",3.3193352318318,16.5847471751929,121.601316071638,2.80848342809789,4.80074779243105
"019_3",2.78159216622542,77.1453857516695,49.3635237485805,4.34569176822819,3.89921176579666
"013_3",3.96029826865451,16.5141224293026,47.5568043111813,2.80421591963511,3.8619248767808
"009_1",3.49416007928171,17.5971633454498,106.858380195043,2.86773771550027,4.6715044082175
"008_4",2.74889664432901,17.8210126937571,46.9554260810253,2.88037824948278,3.84919877045724
"011_3",1.93087120032635,18.7867765027193,48.1981417598048,2.93315324483495,3.87532046761223
"069_1",3.08323591986752,16.3242548338153,93.2882255931817,2.7926520284126,4.53569390045949
"057_4",4.07207956042881,14.7001855691241,44.2635145656937,2.68786011745495,3.79016073873859
"058_5",4.02278221031311,19.9577041955962,49.815808778393,2.99361524400727,3.90833237900475
"004_3",2.72810510519846,13.4995832965303,47.4039677559257,2.60265881804431,3.85870593312864
"003_3",2.8467833727088,15.4166359736786,44.2540213401349,2.73544718439182,3.78994624506797
"017_1",3.6679692298992,16.6839847676995,46.2750777048855,2.81444926334576,3.83460353765611
"021_5",3.84691417622083,16.0393768008213,46.1441508525552,2.77504674886695,3.83177021082659
"022_5",4.12298939323417,15.8784292404563,45.8692442853066,2.7649615365977,3.82579483333289
"031_5",3.99689860723448,16.377326613161,46.1811717720299,2.79589785467492,3.83257217761981
"036_1",3.16929962397009,16.8929494510934,44.8598940841237,2.82689634263714,3.8035441680577
"035_1",2.82931930926037,15.8662466900731,44.5614488958417,2.76419400310591,3.79686911070625
"044_6",3.62788216081319,75.6291599439739,48.0352242838008,4.32584192236177,3.87193458102538
"043_6",3.82516647455826,74.1346274599975,49.6175670822384,4.30588273030052,3.90434494607084
"041_6",3.62078623871994,119.57406030808,46.8849645809943,4.78393593093694,3.84769703942701
"067_1",3.27521633250814,15.8359080573465,46.820658443262,2.76228002330044,3.84632452525439
"066_1",3.19760940273418,14.3593357769187,48.6860604721232,2.66440030746105,3.8853927565109
"065_2",2.83005158705288,16.1058931133482,47.2853782736529,2.77918523690207,3.85620112030125
"051_2",3.44313071981637,14.9673693799926,48.0667807052762,2.7058724568705,3.87259130868914
"050_6",3.68468765730474,56.7890367035672,47.470681339924,4.0393432913149,3.86011228552371
"064_2",1.83077736846694,15.353287089856,46.0724594245801,2.73132959376957,3.83021536203736
"080_5",4.27029756905719,15.6264383055531,44.5733404048685,2.74896424294138,3.79713593153323
"013_4",4.05459108457486,52.4510367632814,46.6171747170805,3.9598801013444,3.84196902939199
"009_2",2.76710656258097,51.5016008934137,125.048015505734,3.94161289249556,4.82869778759142
"001_1",3.45622339819175,17.0782759548538,107.383452461051,2.83780724385433,4.67640609628471
"011_1",2.34556292471883,18.2926830031216,60.2712660411156,2.9065011439967,4.09885547343188
"046_2",3.32362289178041,449.470374868352,120.692300809123,6.108069944884,4.79324433824064
"031_6",3.93727633519653,91.5773634693832,45.2537258203742,4.5171841174433,3.81228500532811
"037_6",3.76154561841163,85.1978089309702,46.4277778965709,4.44497571673194,3.83789794166989
"044_5",3.71857921483352,18.2399761278526,50.4582213525661,2.90361567586532,3.92114569393067
"042_6",3.92377094174216,69.7943160803932,47.7714179464869,4.24555257493961,3.86642750974315
"080_3",4.39765154248484,16.9385543261181,45.2451811402369,2.82959234473908,3.81209617033662
"083_3",3.39886698956938,71.9220123134697,45.2451011340267,4.27558236965889,3.8120944020537
"072_2",3.1908974983212,16.277043226541,46.855738679032,2.78975572408815,3.84707349166402
"074_3",3.65252390628666,16.0571609183315,44.4820153862713,2.77615491321077,3.79508495885901
"087_2",3.71865305329051,16.6855167496814,46.372788300507,2.81454108263663,3.83671282815704
"090_4",2.98472632971462,17.9294606192762,44.6401632585561,2.88644520458096,3.79863397529209
"091_5",3.30256338956119,17.7528261189604,42.6507334181269,2.87654472121719,3.75304446999445
"092_3",3.7997083885644,14.2947033008419,47.0253514799867,2.65988907010885,3.85068684948105
"095_4",3.1178683813399,14.8423330122698,48.2505535381609,2.69748343645227,3.87640730001268
"098_1",3.21276479932834,17.4339086179777,43.7975755852646,2.85841708097749,3.77957846391583
"099_3",3.70945335090714,16.2390187568034,46.9062992865709,2.78741691152898,3.84815197957953
"088_6",4.26749676268965,54.4861222293386,74.9092839301156,3.99794603124965,4.31627783384476
"085_2",2.54076020642869,15.3956619060781,46.0749951153402,2.73408577532575,3.83027039754048
"086_2",3.06760114698164,16.8674112005878,46.4457449146202,2.82538342897841,3.83828485535055
"089_3",2.84947896321032,14.7823186101071,46.7758028472763,2.69343177805459,3.845366036038
"096_5",2.89303135800578,16.3694806357165,47.1094773718075,2.79541866428943,3.85247419886581
"101_2",4.29997669076021,16.3757700806667,45.6867612711438,2.79580280824251,3.82180856821142
"139_2",4.18177975985311,16.3392842953511,45.5026181970136,2.79357228769847,3.81776986709289
"132_4",4.66369943345529,16.5407965608299,43.7877328168881,2.80582984809914,3.77935370548094
"123_4",4.51822106964934,16.0624588748468,43.9816156284223,2.77648480233134,3.78377171997763
"118_1",4.18998469239237,17.5393752128372,47.1429675420577,2.86444836560477,3.85318484720369
"119_5",4.34330150978502,14.9013040861647,42.286179289987,2.70144873168292,3.74446030193095
"110_1",4.19162269408051,18.260162731992,44.7400151359173,2.90472178706534,3.80086829437032
"111_2",4.34596843141758,18.2064670540062,42.1675161047606,2.90177686360476,3.74165016407349
"112_2",3.45446541216267,18.6565078202684,44.0523922610362,2.92619503000926,3.7853796587631
"044_3",3.18959957276547,15.190756840477,49.2171720349028,2.72068714028266,3.89624258770282
"042_5",3.39835733502594,16.459274623114,46.6376067154391,2.80088912520823,3.84240722673419
"087_3",3.49116782367744,16.834291917499,43.8210889120124,2.82341799158587,3.78011518351655
"090_3",2.90884310827721,17.3055852191961,45.4338470652753,2.85102929444072,3.81625735734995
"095_3",2.79763500665116,15.4900167316361,47.7080039599051,2.74019573458546,3.86509918171938
"109_2",3.73283222755845,15.8324712706624,43.8711327702755,2.76206297482682,3.78125653591327
"103_5",2.66447447393841,17.6211399941447,43.1850735857061,2.86909931728829,3.76549491669528
"104_6",2.72890839548538,49.9285012961481,43.3889136557108,3.91059200796245,3.7702039627536
"107_5",3.56987602993294,16.0355044233061,42.0228680140336,2.77480529029337,3.73821394663442
"097_5",3.05189057496632,16.2693476013393,80.5523217359439,2.7892828221688,4.38890693274507
"080_2",3.76616589882314,16.4475425953594,46.434074221933,2.8001760797518,3.83803354795445
"079_6",4.05299905539609,49.3655355341194,48.1326328329622,3.89925251946237,3.87396038435291
"056_5",3.40049469913179,18.8116398774722,45.8298113119041,2.93447582066505,3.82493478138195
"056_6",3.41214305898961,49.6234555063357,45.6416588908097,3.90446361522499,3.82082087163415
"119_6",4.38687003441065,60.5133831028253,42.0775666034156,4.10286454888501,3.73951473889176
"113_6",4.96982496084342,49.222408696146,68.0573887052719,3.89634898111103,4.22035130079736
"111_6",4.00118078300252,46.9238750231368,40.5582209937083,3.84852660825097,3.70273849721914
"109_3",3.8339266173594,17.0358663088429,47.415926859865,2.83532090446284,3.85895818196421
"091_4",2.89652523533976,14.2209950438259,41.9909717956719,2.65471939687956,3.73745463793084
"087_4",3.56544799013867,16.8019991359471,45.8100688049552,2.82149787551705,3.82450390986118
"026_1",3.0964707308639,16.1271681688411,166.050666628054,2.78050531372606,5.11229296243712
"002_1",3.3850163534358,17.9617674038406,110.410430588432,2.88824546581855,4.70420460934773
"010_2",3.55098562890748,17.0219637593992,99.9072713975064,2.83450449600769,4.60424246976751
"009_3",3.25901516636683,17.9232654063846,46.9840704706089,2.88609961228492,3.84980861810435
"001_3",3.50949602752852,18.2483795583253,47.0418903285409,2.90407628476168,3.85103848833867
"013_6",3.61679656343843,52.6185860782242,47.6463344928105,3.9630694048259,3.86380570149198
"003_4",2.85111171700528,15.743207579694,44.7869459986917,2.75640900746891,3.80191671300261
"004_1",2.11546123203711,15.982204327073,46.2949187478679,2.77147587369554,3.83503220880327
"015_2",2.78391770776748,16.9090963560463,46.6205247267637,2.82785172304655,3.84204088894461
"016_1",3.27942942483161,15.5560160396233,45.7484008485305,2.74444744738215,3.82315683698014
"035_6",3.87883858978347,204.265613162828,45.0707721647171,5.31942117225229,3.80823396912107
"017_6",3.83629258645689,125.116934627737,45.0220809474775,4.82924877703826,3.80715305714419
"023_2",3.74089023958546,15.1104385500232,44.4726478373766,2.71538579969028,3.79487434485431
"004_4",2.93810977979333,15.5794724842249,46.9010540221513,2.74595418134724,3.84804014901956
"016_2",3.26387366634106,14.9869065680959,45.1327767080531,2.70717692444685,3.80960873882529
"015_3",2.87576511056454,17.1540694463005,46.078490719937,2.84223543096277,3.83034626237764
"023_3",3.30064255360578,16.8877744457406,44.8432557946735,2.82658995456748,3.80317320472668
"031_3",3.04631986927001,16.5258349365705,45.7439596480697,2.80492491012373,3.82305975345447
"036_2",3.28309833919061,15.0422961108403,44.2526579225978,2.71086597381345,3.78991543569745
"035_3",2.91391730363103,16.7759543159594,45.0549522074921,2.81994657041752,3.80788290492719
"042_4",2.87042462608803,17.3037649087588,48.4374426100269,2.85092410261064,3.88027312228761
"021_4",3.40024824347068,15.6861814436937,46.109724274854,2.75278016196147,3.83102386647517
"073_1",3.33972166647597,15.6679909756994,44.0151509969703,2.75161983983325,3.78453391548679
"077_3",2.58003886075743,16.5230920177474,46.2644598197346,2.80475891872357,3.83437405984627
"076_3",2.37846091099739,17.5810799332048,46.2217853664788,2.86682332001791,3.83345123167439
"050_1",3.12076611970948,16.6585300382256,49.0667868828511,2.81292239984627,3.89318236768177
"048_5",2.75361716444954,17.7547769765689,47.829472426578,2.87665460515417,3.8676420274532
"057_1",3.22116023402575,15.8694686508503,49.111883017417,2.76439705261991,3.89410102216718
"100_6",4.16200105477923,51.1250657876407,45.1151094938303,3.93427490116196,3.80921721243743
"046_4",3.54519775123244,457.969685058224,45.2459950864077,6.12680299209434,3.81211415985128
"013_5",3.66040935684745,17.7728276883851,46.8032324496513,2.87767075659695,3.84595226997541
"010_1",3.77179021845357,18.144034474104,96.1274551892952,2.89834182757131,4.56567496913078
"009_4",3.03085712848807,52.39048355956,47.2765538243613,3.95872496337486,3.85601448178569
"026_2",3.32933517269053,123.76082979033,161.030379231569,4.81835091107693,5.08159303806389
"115_6",2.96122016860659,134.771563646414,42.8003498409449,4.90358122404673,3.7565462764082
"116_5",3.16246296498357,15.1603624618845,130.069766171764,2.71868428902369,4.86807096936329
"110_2",3.82041950309604,15.4992317026776,43.3699759108484,2.7407904551275,3.7697674024136
"117_3",3.28074762042946,17.386623215592,44.6048798657394,2.85570112984395,3.79784326707077
"005_2",3.42398900151839,15.9564716029222,42.5420378414101,2.76986449006929,3.75049271274814
"014_1",3.50227987656363,16.8661953270744,99.1024789914489,2.82531134219973,4.59615445607301
"042_1",2.97615411085967,16.8926029115234,41.9699295247201,2.8268758285685,3.73695339816182
"107_4",3.58803388221059,15.764284309554,41.6463244429053,2.75774689453894,3.72921311604897
"100_5",4.24358206480184,17.4706778621043,45.2759276168297,2.86052392488744,3.81277549205942
"092_2",3.34285194858874,17.4777536236533,45.8622316079661,2.86092885073646,3.82564193756215
"112_4",3.44980876297237,15.9995700346903,41.6255375587893,2.77256184904685,3.72871386254249
"072_1",3.27521633250814,16.57205385714,48.3074536477094,2.80771777409764,3.8775858685808
"071_6",3.46053251378739,92.0903114420852,45.7499351378197,4.5227697416592,3.82319037396795
"064_1",2.08851448112004,15.354766007944,49.5890809665912,2.73142591495831,3.90377066769352
"067_4",4.42767973722379,16.0419362621813,49.4070162542455,2.77520630975278,3.90009244354682
"057_6",3.45556945116649,51.2314312445999,46.6547183829077,3.93635323518725,3.84277406650675
"085_3",3.25334783101563,15.4086739181247,46.8594175294588,2.73493059229533,3.84715200298658
"100_2",3.59379155259095,16.2387225960486,45.0080883775025,2.78739867376106,3.80684221534099
"098_3",3.90024130399737,19.2321020364128,43.1656766179142,2.95658086389263,3.76504565671612
"107_3",3.19203730449157,15.6942029385369,42.082628470403,2.75329140458491,3.73963503012894
"103_4",2.74033454224624,17.072916534345,42.9608371772362,2.83749337952561,3.76028893737657
"109_1",4.32087015100131,19.4254116570375,43.960015810727,2.96658208815465,3.78328048919703
"097_4",3.18822889546982,17.905935958919,80.4998139390129,2.88513227569038,4.38825487310524
"067_3",4.01082234504978,19.3670813229735,50.5828101157317,2.96357478578534,3.92361179754219
"115_5",3.6017622276266,20.0938060797258,42.7847200089743,3.00041161233792,3.7561810297087
"139_5",4.6426357782883,17.0953359857455,49.2955286883292,2.83880567693413,3.89783338095842
"113_5",4.57500101534742,14.7970039827608,80.0344762539287,2.69442472668038,4.38245749501434
"112_5",4.26512887050337,15.1633253898753,43.5548904164011,2.71887970905405,3.77402199128562
"111_1",3.70307812626398,18.7413530621244,42.0216549202035,2.93073247602479,3.73818507874897
"110_3",4.13436884101014,16.6093718176475,44.9201480821378,2.80996710338248,3.80488642643956
"119_4",3.80646758429533,14.3666244376757,42.5007190872183,2.66490776906435,3.74952099548649
"118_4",4.20397780989778,15.7344625988324,47.7641812698837,2.75585337669719,3.86627601277916
"117_5",3.8977902690422,16.5012438280812,45.560114211114,2.80343576158541,3.81903264540451
"124_3",4.22732980919841,16.669638709513,42.8139974719162,2.81358902343324,3.75686509285696
"123_3",3.98751940404246,16.6087172543002,44.3408489603608,2.80992769332816,3.79190635060751
"093_4",2.8667254010016,19.8106972079083,46.2529107774947,2.98622205483664,3.83412439770768
"093_5",3.12016670371077,16.8954869215477,45.5199559803428,2.82704654020361,3.81815082277769
"096_6",2.88104076353002,92.767170114453,46.5977793280339,4.53009280688228,3.84155288609126
"095_1",2.03817942248668,18.5379146679915,48.0898462350414,2.91981807635703,3.87307105784303
"095_2",2.03929799074622,14.4494306696345,47.393820876883,2.67065501375695,3.85849185895607
"106_6",3.05263097125749,45.5846653138427,43.2068713721111,3.81957137298606,3.76599954214105
"111_4",3.52706444844246,17.0071692928695,42.6576979818824,2.83363497826599,3.75320774960601
"110_4",3.55209958077397,16.7473376340928,42.4152065386032,2.81823929841929,3.74750694271862
"106_5",3.28093014096767,16.5382584802684,43.917644223472,2.80567639265349,3.78231615786362
"103_6",2.66281708854206,48.4391189430995,43.2195401050352,3.88030772989643,3.76629271023164
"108_3",4.2619316776447,16.7339998405192,44.0525492184766,2.81744256834306,3.78538322172876
"097_3",2.51777878261146,16.0434489525675,78.7995652089617,2.77530060130497,4.36690747919584
"085_4",3.08854005795858,16.1199804958376,50.3050979089221,2.78005952714212,3.9181064220481
"086_3",3.22096113618201,16.2914837679364,44.2418411497473,2.79064250305387,3.78967097365704
"092_5",4.1834227402701,16.9227492011211,46.4373285190788,2.82865882331501,3.83810362974607
"091_3",2.84841152415083,14.1478570486963,43.8354617226923,2.64956316729843,3.78044311818212
"003_5",3.06380260977203,16.7881506575449,44.9419457058467,2.82067331955217,3.80537156145517
"005_3",3.4576978052531,15.5965457105024,44.7320300321844,2.74704946092256,3.80068980054603
"008_5",2.29554830565189,17.6865108928584,51.1763178272155,2.87280225258798,3.93527688260251
"002_6",3.60537689337454,16.5390786382231,46.3072401998237,2.80572598297885,3.83529832467289
"069_4",2.12212083550082,348.544999674401,45.017871085888,5.85376734575118,3.80705954617495
"069_6",2.32633658210096,403.697810960552,45.7246372463833,6.00066660540315,3.82263726086948
"014_2",3.71091041258866,18.3147836102686,98.4143094163461,2.90770858126983,4.58918621438344
"076_5",3.16268691505381,17.5186731937568,46.3278232533446,2.86326735169056,3.83574271480105
"077_5",2.15675888906878,16.5333966435152,45.0619580183464,2.80538237430031,3.80803838764072
"081_6",4.59792184030494,52.9489792065117,47.4536304163265,3.96932879341988,3.85975303248378
"087_5",3.14620665415126,17.1017814268289,47.7697865018944,2.83918263509011,3.86639335809932
"086_4",3.20387351139784,17.549475195546,41.3537241244955,2.86502404607707,3.7221624808845
"101_5",3.91123294651691,17.3970488542118,47.1862001425964,2.85630058575596,3.85410147998286
"101_6",3.95715543942579,54.1782807874251,47.0014094195504,3.99228010465525,3.85017758891045
"100_1",4.09565569846001,15.9354154991218,46.7889172629451,2.76854402215263,3.84564636425871
"108_5",3.1599353342313,16.5312632678297,44.4574755392764,2.80525333164908,3.79453312643087
"106_4",3.01322771954437,16.8555695709798,44.3479923345189,2.82468114051969,3.79206743906168
"097_2",2.77545604866438,17.8531985565973,78.8122431311034,2.88218268301868,4.36706835447927
"007_5",3.163357404465,17.1489408200543,48.0852995118439,2.84193641194114,3.87297650694496
"008_6",2.96874235191399,17.3485254323261,48.2412043573346,2.85350751328976,3.87621351805535
"014_3",3.14881980105875,18.9603599952217,46.9208549194879,2.94235048373637,3.84846224440973
"046_3",3.69102485159577,16.9111498617226,46.030178745611,2.8279731595178,3.82929724106321
"070_1",3.23965694927306,16.2818076863399,89.1646588860254,2.79004839165468,4.49048476024837
"069_3",2.04562505705321,17.1523164206479,45.9317252503134,2.84213323275041,3.82715606023432
"044_2",3.18707966340737,17.5787180307742,49.2263251317547,2.86668896757159,3.8964285440563
"074_2",2.92170252836558,15.6465923803861,43.6558576365062,2.75025315400507,3.77633746884934
"081_4",4.77086463241471,16.2335338731632,45.4182167366364,2.78707909492708,3.81591327427381
"080_6",5.24871638065876,49.9760762542038,46.9618609129382,3.91154441600657,3.84933580235262
"071_3",2.82565723862271,18.3840317488689,45.2555566837687,2.91148244808864,3.81232546224797
"072_6",3.28828760701329,77.6241301524787,46.0129826509698,4.35187833442569,3.82892358821209
"051_3",2.87220373985372,16.7256724235934,47.457686432391,2.81694480990526,3.85983850208218
"056_4",3.14547604986158,16.4342806802667,46.8118030804668,2.79936943860537,3.84613537369996
"066_3",3.20939174499426,16.0388760859422,47.085225105709,2.77501553052841,3.85195925978757
"087_6",3.28739828241573,52.8334421258136,49.2496995122179,3.96714436381077,3.89690326632472
"086_6",3.05273362857559,53.8392378977584,43.0483117987234,3.98600253029124,3.76232301520873
"124_1",3.57746102645579,14.6110159135616,40.1548669037894,2.68177575883873,3.69274365107359
"014_4",3.05456192063347,17.2257002019045,46.7713612579438,2.84640246640179,3.84527107667973
"046_6",4.11187522917202,472.182839010014,45.9686213233626,6.15736628136079,3.82795901857794
"021_3",3.01749985006489,15.6047416653633,45.713601609049,2.74757482097907,3.82239588182443
"037_1",4.12866998428775,16.5456632031268,46.1811687346678,2.8061240253769,3.83257211184923
"035_4",3.57280767094893,16.1096500891789,44.7118735992211,2.77941847685237,3.80023909496441
"044_4",3.20044460243862,16.5155140995065,49.8716117279883,2.80430018760478,3.90945193762389
"041_5",3.35254725434413,16.0406196446782,46.4870485762015,2.77512423290655,3.83917374855497
"043_4",3.86200880342497,15.5586694275303,48.1986163541667,2.74461800272434,3.87533031429943
"058_1",3.12454541294126,15.5532053384821,48.270798217026,2.74426674847524,3.87682678603922
"065_5",2.64909257104518,17.1070229544955,47.7866953688596,2.83948907828813,3.86674726119016
"055_2",1.99130672123697,14.7940158102368,50.1309998232671,2.6942227618576,3.91463957568588
"049_1",2.6536480912615,16.4863566829348,45.964084016391,2.80253317116195,3.82786030926751
"048_4",2.8867312465458,16.0989141218146,46.2156517189956,2.77875182386582,3.83331852251054
"051_4",3.38570831116277,16.6355184462813,47.5188177764617,2.81154007497705,3.86112579630345
"050_2",3.07976933034411,16.6184191234557,49.6878182090062,2.81051166597756,3.90575979660046
"081_1",3.75342436229571,16.4055761049536,47.2062900996768,2.79762128344069,3.8545271485362
"079_3",3.05511107043146,15.6228129463869,45.6510526408792,2.74873221439431,3.821026665721
"004_5",3.75904029733803,16.1430425327189,45.4610647618009,2.7814891539188,3.81685624009909
"015_6",4.39258983182639,114.387381938647,45.7345683058492,4.73959077512335,3.82285443003129
"016_3",3.29835496514234,16.6189230495402,44.3925783660569,2.81054198886451,3.79307230154877
"017_3",3.62078623871994,15.9977310175602,47.1201282808949,2.7724469007811,3.85270026176948
"023_4",3.79079800112621,16.5350728747453,45.1011187560642,2.80548375372645,3.80890705232212
"022_4",3.55273092156249,16.5261663992639,46.2610307243365,2.80494496716597,3.83429993766913
"031_1",2.962245013915,16.1054128657159,44.7757459220568,2.7791554183264,3.80166660715043
"036_5",4.00142207506858,15.1624466273042,45.3626165353336,2.71882175421808,3.81468834151541
"132_3",4.46223761190847,16.0582673591366,45.7400838648129,2.77622381721516,3.82297502210439
"125_6",3.78775181831187,139.249020174541,49.7695099825583,4.9362638423341,3.90740254718322
"009_6",3.07907246311227,53.1011631144463,47.0227549012085,3.97219883223486,3.85063163138302
"001_5",3.57792031453036,18.2379232740262,46.9239230481525,2.90350312257347,3.84852763171698
"002_3",3.27254924684808,16.4415879018857,46.8852653857813,2.79981397266969,3.84770345521136
"070_2",2.96909193613437,18.6191670211838,88.9633831221074,2.92419153514384,4.48822485947911
"013_1",3.98126106086592,17.4635624251657,97.5740194621076,2.86011656311409,4.58061126394734
"019_1",3.03844169420959,19.0442932147174,97.5445031978961,2.94676748791178,4.5803087169207
"010_3",2.80185871305752,17.5864733403866,48.2179523582651,2.86713004634499,3.87573140727786
"087_1",3.19025399767258,15.9719050622504,45.7844061605464,2.77083124517194,3.82394355630077
"091_2",2.73372164367952,15.5844505081623,42.8849528403032,2.74627365486031,3.75852101476364
"116_2",3.1706545005133,17.497493651283,117.34339634849,2.86205765074583,4.76510464758616
"119_2",4.74038327372118,15.382468585656,44.1967379197607,2.73322845741726,3.78865098363975
"118_2",4.2415325125487,15.3540422623094,46.9192433576776,2.73137877892956,3.84842789743354
"125_3",4.68909411453595,15.9010822656873,50.8267655832096,2.76638717393409,3.92842309739033
"132_5",4.19693958258069,18.3893713890641,44.7780159760882,2.91177285581689,3.80171730416156
"139_1",3.82248058079553,18.1780611033741,43.9067063582192,2.9002154330824,3.78206707283796
"017_4",3.71534924022402,15.6736711311551,46.610338772175,2.75198230660342,3.84182237858769
"016_5",3.44961259359996,15.8684016021789,47.823327521011,2.76432981126671,3.86751354390481
"022_3",3.80970006018113,14.435666529849,45.6253478316181,2.66970198661411,3.82046343558029
"043_5",3.68032651316408,16.9089607283298,48.4623371495895,2.82784370202298,3.88078694265278
"010_4",2.25424992052626,18.2921183405923,48.0375146515955,2.90647027530212,3.8719822608942
"009_5",3.11963243749453,17.5178174692611,47.407715683718,2.86321850407599,3.85878499359162
"019_2",3.04680165240123,55.6609194322733,83.6717425819491,4.01927827468703,4.42690131693358
"013_2",4.16589550671696,53.8787361814098,98.448445801362,3.98673589509427,4.5895330182806
"051_1",3.04477663317322,16.7423190099493,47.7040270311799,2.81793958652708,3.86501581846453
"050_5",3.24564748499771,16.5214753527923,46.3960409141701,2.80466107117495,3.83721413046617
"057_5",3.86643856642782,18.6960482362227,47.7573879839582,2.92831217726226,3.86613377713563
"056_1",3.46573590279973,15.538344774556,45.7097169249839,2.74331082540266,3.82231089947792
"056_3",3.22111311665318,15.7117063154675,46.5468959200863,2.75440605970292,3.84046031879477
"055_1",2.43038278525976,16.540564766756,49.9198811331228,2.80581583452385,3.91041934291096
"048_1",2.34845167034072,15.8405534918906,47.1743796343991,2.76257332844566,3.85385094086394
"091_1",2.91740579427626,21.8830593627491,43.2980491218732,3.08571279240213,3.76810757907134
"099_5",3.65692441864708,18.0533778339229,45.2136195214209,2.89333280488429,3.81139835829698
"098_4",3.21144841236739,16.3638480228835,43.6925767169099,2.79507451273996,3.77717821849388
"096_1",2.51272624879456,16.6468030821455,47.1133166755522,2.81221819091239,3.85255569302624
"097_1",2.69301787828544,17.1928289627144,79.4564601916947,2.84449237611136,4.37520920108927
"015_1",2.40023938248804,16.9051936644874,46.3946467076682,2.82762089214199,3.8371840798967
"031_2",3.05785045319855,15.7858355373096,44.1893183481522,2.75911305296953,3.78848309354624
"037_5",3.92476135932752,16.0411903281068,45.1890851857029,2.77515980966666,3.81085557948522
"036_4",3.61762585681972,16.3949858025027,43.8806334640401,2.79697554433117,3.78147307158451
"035_5",3.35667877545836,16.1732890414919,43.4542017093436,2.78336105683177,3.77170754920736
"046_5",3.36486652822654,15.4427830039202,45.1716564413784,2.7371417747221,3.81046982026663
"057_2",2.80151675424954,15.7436025424188,45.4469818155106,2.7564340949721,3.81654641171903
"058_3",3.19762041871804,16.7581602771491,54.3465574589543,2.8188853203624,3.99538127133951
"071_1",2.75286419795953,15.672679440003,45.0065294994642,2.7519190334546,3.80680757923243
"072_5",3.48393760945008,16.4875718782539,46.5967990470888,2.80260687759444,3.8415318487957
"074_1",3.46496960144486,15.7753888937035,44.6450193618429,2.75845106065612,3.79874275265355
"080_1",3.44808259034621,15.8199178950276,46.7349200705125,2.76126977237835,3.84449163836268
"081_3",3.35262422485683,15.4673689632014,46.1707330229691,2.73873257663677,3.83234611300038
"064_6",3.13943847033058,54.7457252672053,46.1420337760877,4.0026992883371,3.83172433014626
"049_6",3.05326571253,54.5795338705682,46.8690978017619,3.99965897494633,3.84735856280038
"067_2",3.20420406898794,19.2008198201128,48.1374806555888,2.95495297708637,3.87406109728353
"077_6",2.83482131722199,17.5485608127003,46.0400987024894,2.86497194157494,3.82951272769346
"076_6",3.50017192391383,111.857674749216,45.3307806163096,4.71722730202573,3.81398628554813
"103_3",1.76871536954229,16.9892314430648,42.6693132343039,2.83257969881987,3.75348000225679
"104_4",2.29406131356519,17.2660660581292,41.4977399524605,2.84874307571411,3.72563896677685
"096_2",1.03758758683034,16.2104997928433,47.1892805333996,2.78565916765003,3.8541667594555
"106_3",3.59139526185596,15.8859949711797,41.5735536336279,2.76543790165415,3.72746423514437
"107_2",3.29160067798683,13.9068934514544,41.2650915900933,2.63238464896245,3.72001690260097
"108_2",3.86120472462073,17.7861589808707,46.0695546166056,2.8784205694774,3.83015231136486
"109_6",4.18939389530325,52.6005618735022,45.4978456805768,3.96272680169236,3.81766497715634
"101_1",4.22203808967499,14.4811493827332,50.3435772409251,2.67284776106794,3.91887104878204
"099_2",2.98388110050975,16.5635778459482,46.6944734319982,2.8072061791202,3.84362581574466
"098_5",3.61049998922471,16.6573266725329,44.4143955778391,2.81285016002944,3.79356364161481
"093_3",2.5814846457524,18.8805604305803,42.4107507829286,2.93813284409991,3.74740188629912
"070_3",2.80955140340556,17.1677447385847,45.4482460839223,2.84303231733563,3.81657422986616
"058_4",3.87336780951172,15.1424216795861,48.9078431455464,2.7175001876348,3.88993777514395
"119_1",4.22783336882386,17.208276461571,43.980496954924,2.84539045771102,3.78374628462903
"112_1",3.81298357535439,14.4296895457918,44.9035420325818,2.66928785805619,3.80451667877669
"111_3",3.78416119596923,15.5999157787065,41.5860152154302,2.74726551544005,3.7277639380425
"118_3",4.04923379143662,15.9995598900868,47.6753304850059,2.77256121499188,3.86441408350243
"110_5",4.17433814138354,17.5119999577533,41.7499969161845,2.86288635780812,3.73169937743302
"123_5",4.48549557431669,15.3553570671215,44.3216490018385,2.73146440774951,3.79147324846706
"139_6",3.83541670690065,39.6100332684896,46.2054353190725,3.67908245153475,3.83309743876673
"116_6",2.40573097937342,140.991387599332,164.378166057862,4.94869880765685,5.10216966393505
"132_6",3.89812806973644,67.2958647993841,44.1030492626073,4.20909879047441,3.78652892433926
"117_6",3.56798724640837,98.5192661869529,49.3648752353233,4.59025212485831,3.89923914366881
"124_6",4.06428829923605,150.566164326517,42.9449719985741,5.01440261765647,3.75991957518803
"090_1",2.9848181259076,16.0289780273253,98.5784271056399,2.77439821083522,4.59085244563807
"089_2",3.55840778887397,67.1515371306553,97.2546395882517,4.20695181370733,4.57733268920892
"085_6",3.14771824379138,50.2509204137983,46.5851530780872,3.91702886346394,3.84128188689221
"086_1",2.71603500862993,16.2631044720729,45.5468752985595,2.78889901283719,3.81874202197992
"092_6",3.81279115637057,54.5562553007835,46.7545800340474,3.99923237666332,3.84491221957881
"093_2",3.08323591986752,16.5016325145017,43.5445392893183,2.8034593162851,3.77378430598351
"103_2",1.80360722483387,16.3024742056298,42.0303401534508,2.79131688804994,3.73839174209517
"104_3",2.43912979817154,16.7659170715566,41.9005432020806,2.81934807997634,3.73529879109419
"098_6",3.04346463291811,49.1364649210994,41.9858129134066,3.89460142557774,3.73733177344419
"099_6",3.83447573523696,51.4537890506734,46.5216219950952,3.94068410486815,3.83991719366119
"106_2",2.77151397585308,17.1084633593727,41.7723888888952,2.83957327436618,3.73223556837228
"109_5",4.32660913841996,16.4644547710168,46.4068723812864,2.80120380085651,3.83744755993041
"108_6",3.65444992888467,48.0846303386805,45.0110762160138,3.87296259047098,3.80690859761694
"101_3",4.32501462844755,17.167285084361,46.4406454194997,2.84300554268443,3.83817505465516
"083_2",3.02748436358447,53.3422737037395,128.43781694297,3.97672914446217,4.85544487237
"079_4",3.62674016125677,16.2530788722401,46.9096698130072,2.78828235988968,3.848223833582
"081_5",3.96280164310047,19.1605329925985,47.9264665125599,2.95285259014111,3.86966788862128
"071_4",2.22122391371863,16.0881610611907,44.9602079658283,2.77808366368271,3.80577783114921
"139_4",3.9825453207378,19.7851808479335,47.5240422212762,2.98493321545437,3.86123573501573
"132_1",3.9118484154198,17.1580966922362,45.7461931042934,2.8424701725374,3.8231085774242
"124_4",3.56611792214068,17.7167406731562,42.9644884524007,2.87450999333537,3.76037392454746
"123_6",3.7177721123245,153.847937550343,45.8002347840132,5.03596469609056,3.8242892173955
"116_4",2.46587425385776,14.202205669916,124.490915700873,2.65339728141226,4.82423274698455
"112_6",4.01070446321182,48.7733504303535,44.7332572965301,3.88718406595477,3.80071723608852
"118_6",3.41158216084678,56.2477128742201,44.5588458304015,4.02976538024402,3.79681069381144
"119_3",3.92748510079703,15.3716599150853,43.1496570147739,2.73252554879701,3.76467446882517
"117_2",3.2348602054952,15.1919070820306,44.2581935283167,2.7207628572479,3.79004051879485
"106_1",2.49004234830841,16.1313222034769,41.6206432110619,2.78076286047489,3.72859627522046
"105_4",2.98586974224821,17.0510327896432,96.780245975887,2.8362107760676,4.57244290296028
"104_5",2.38739778957831,16.784817005345,42.8771747968601,2.82047472809941,3.7583396283247
"092_1",2.91986411793249,17.3435040106346,45.0454937680173,2.85321802767551,3.80767295170427
"085_1",2.31521017424403,15.0503336451663,45.7972085687909,2.71140016006319,3.82422314098304
"069_2",2.66718928087808,237.572368646819,99.2149600592263,5.47047228715188,4.59728880996924
"070_4",3.04054073286167,17.1538832363433,45.8972512347582,2.84222457575617,3.82640522932028
"043_2",3.0365780962205,17.7024704046408,47.3898069969916,2.87370420072434,3.85840716331857
"084_1",2.78516458657613,16.0881066955341,128.229242081449,2.77808028444327,4.85381961583552
"079_5",3.85547426820437,15.7250016304379,48.2318594228898,2.75525190627094,3.87601978658031
"083_1",3.6958812638446,15.8249211525313,129.129897640789,2.76158598555535,4.86081885617482
"081_2",3.47438920949599,15.7101399354554,45.953915943809,2.75430635964068,3.8276390670162
"071_2",2.94956247046785,17.0949666977703,46.6128732125291,2.83878407502094,3.84187675217772
"051_6",2.42828994356305,56.3695782083432,48.8195907611608,4.03192961950993,3.88813168232339
"050_3",3.11893066323161,16.4258094617158,49.4526058870825,2.79885384545259,3.90101475409346
"048_6",3.10284233083443,53.6109254579201,48.4842632672153,3.98175288047575,3.88123927657486
"067_6",3.75444380865833,54.6360231506041,53.3949788029109,4.00069342986492,3.97771671163703
"049_5",3.04902473119047,16.855959302669,47.6144943599226,2.82470426208684,3.86313721824536
"073_3",3.29293482619302,15.7704240267375,44.6863939590281,2.75813628880227,3.79966906958072
"077_1",3.02422485304502,17.4050193636625,119.333594020233,2.85675863379726,4.78192288225729
"055_6",3.10131457009601,47.0109606442107,45.5249624089449,3.85038077971793,3.81826079988999
"065_6",2.91354504276426,52.6885530898064,47.8934442208843,3.96439822303196,3.86897863118553
"064_5",2.8949152886488,17.0346299199037,46.2611942611369,2.83524832618682,3.83430347275058
"076_2",2.91817710462528,116.413244842146,90.3373262810069,4.75714631612771,4.50355073360746
"074_5",1.8785402217098,16.0433026433035,44.7849271507056,2.77529148169911,3.80187163528088
"066_2",2.98686686554108,15.5302437431085,49.2571315771671,2.74278933202188,3.89705416073237
"111_5",3.64104336406081,17.6126428939535,41.2224683368955,2.86861699040429,3.71898345569021
"010_5",2.81467931306284,17.8470696337988,46.0435301190134,2.88183932857517,3.82958725595803
"011_4",2.6472797986146,70.1682116719279,47.3726765695423,4.25089538328927,3.85804561881295
"008_1",3.18929095145984,17.4094344560157,53.3734834543157,2.85701226939353,3.97731405811123
"065_1",2.96659318334502,15.6974900606686,44.8412448075339,2.75350083082667,3.80312835891439
"051_5",3.05832005614753,17.2627111830562,48.5641046215359,2.84854875229164,3.88288466998169
"057_3",3.44533138469888,16.4840804937492,41.7122101737023,2.80239509660886,3.73079389586522
"050_4",2.98319103671033,16.0134536884457,47.1721876742878,2.77342922444668,3.85380447473011
"048_3",2.52648184744358,17.0076930105868,46.3777020920625,2.8336657717299,3.83681878536631
"036_6",3.98602411740313,104.818188337066,44.0985524559958,4.65222730966299,3.786426957787
"036_3",3.77305956373821,15.5011786943474,44.6604219212863,2.74091606583055,3.79908769377639
"017_5",2.55688048383515,15.970442556614,45.9259807835669,2.77073967359086,3.82703098707493
"016_6",4.7019930578875,119.601591784403,46.5906953722062,4.7841661506621,3.84140085107054
"022_2",3.66848145555189,16.1598442912576,47.2887083593287,2.78252941760455,3.85627154309454
"021_1",3.22472370687643,15.0408736050055,45.6560931491769,2.710771402274,3.82113707347188
"043_3",3.01536997912511,17.4021442026693,49.0790412156806,2.85659342866675,3.89343208451907
"041_2",2.56176097448861,17.5327475219481,45.8210262568174,2.86407041922165,3.82474307434802
"005_5",3.13677881697139,15.5677444960809,46.5227341342402,2.74520111318672,3.83994109923035
"003_1",2.98705781170921,14.7308355663666,44.910700030196,2.68994295434884,3.80467607437955
"017_2",3.84437737562493,16.0258851249695,47.2118698274752,2.77420523528885,3.85464534037153
"016_4",2.99738914629871,15.7215673023262,45.970583138655,2.75503348319702,3.82800169493792
"015_5",3.49396838678126,19.0663963415856,45.8095746868758,2.94792743172827,3.82449312356993
"023_5",4.00872054404347,14.9973226373278,46.6238020469695,2.70787169432601,3.84211118427132
"022_6",3.93860874397166,100.02683675921,44.6524249618307,4.60543851757605,3.79890861630308
"021_6",3.44584777966368,103.538970844174,46.0246746587905,4.63994807173123,3.8291776583009
"031_4",3.71146097103925,15.1104669046901,46.6427356878181,2.71538767618382,3.84251719572126
"037_2",3.5608366930318,15.9974982357477,45.2728792032619,2.77243234974847,3.81270816011599
"044_1",2.99356546817539,16.285851983514,48.0071138476488,2.79029675443149,3.87134920508594
"042_3",3.05908874279699,16.4842926620566,46.7609421241336,2.8024079676296,3.84504828447903
"041_3",2.84564847797604,16.7315354275358,45.68506874307,2.81729528768742,3.82177152116807
"048_2",2.58352842757788,17.496823485971,46.2116427007029,2.86201934936624,3.83323177284811
"049_4",2.78824159473871,17.0987437693164,47.6661188428236,2.83900499702735,3.86422084871786
"058_6",4.09208717259423,51.2300750683981,49.1791186544222,3.9363267632711,3.89546911581458
"010_6",2.33592487602427,17.314504333353,47.0820694576256,2.85154455101397,3.85189223762029
"014_5",3.11064097661612,19.0322240766023,47.1448929536606,2.94613354660738,3.85322568833834
"014_6",3.5856648600915,16.419586919692,45.7548169007813,2.79847494656362,3.82329707362797
"011_2",2.09577259214054,70.8195816310311,63.5313896109439,4.26013553916887,4.15153410834229
"008_2",2.65385569906285,17.3356756850871,59.0236595681009,2.85276655646141,4.07793837315168
"002_5",2.06922951907696,17.4469288059516,46.8479839962123,2.85916363349975,3.84690797672788
"105_5",2.70292454378713,16.5909201796076,90.3605387754035,2.80885556858386,4.50380765412523
"104_2",1.70502290468123,16.0390418690864,42.9935625620149,2.77502586680675,3.7610503966261
"117_1",2.97429708718706,18.2553986832502,43.9282222916343,2.90446085454319,3.78255699032696
"123_1",3.42282915013501,17.7690248959315,47.2510744666062,2.87745676704989,3.85547539371519
"123_2",3.73355788613154,16.7531411721502,46.8681157525246,2.8185857733547,3.84733760955887
"005_4",3.37111034247198,14.4046466150029,45.1836530848522,2.66755083612887,3.8107353640096
"004_2",2.40384302407777,17.350467001545,47.318599159465,2.85361942254619,3.85690343511039
"015_4",2.47995675712312,15.2282890098915,45.2370974038453,2.72315481718777,3.81191748923921
"023_6",4.59937803710068,105.278924404152,46.0936286480411,4.6566132509989,3.83067473325026
"022_1",2.55227028583509,15.7146682075376,45.8157169963074,2.75459455692054,3.82462719811044
"021_2",2.56638374389831,15.9796561189914,44.9892572896821,2.77131642064421,3.80642373437457
"037_3",3.47642729471788,15.4515046363433,45.8771848800794,2.73770638606749,3.82596793205433
"043_1",2.60699377390428,15.0210947323179,48.3006337888083,2.70945552865457,3.87744468249393
"070_5",1.81801304695555,49.5961455408389,46.444486805297,3.90391311984105,3.83825776726389
"007_3",3.02878928374166,17.2440870486328,47.944841035085,2.84746930492555,3.870051205032
"002_4",2.93341577647533,17.66105335759,47.7953593992398,2.87136183991968,3.86692855108657
"064_4",2.42328119888008,17.0068300213313,47.533157648749,2.83361502933055,3.86142752327613
"067_5",3.93033150023603,14.8808973248391,52.8966729477662,2.70007833167538,3.96834044364946
"065_4",2.99566193492309,16.7727689638087,47.3945772864112,2.81975667632625,3.85850781891621
"066_4",3.56891561525858,16.1710627387477,48.1309157112093,2.78322339429564,3.87392470892271
"056_2",2.81617680207567,15.7475651996948,46.2916054716975,2.75668576282573,3.83496063734728
"055_5",2.81380835652877,19.9948295337409,46.7921424731901,2.99547371681812,3.8457152929555
"057_4",3.32212040368366,14.7001855691241,44.2635145656937,2.68786011745495,3.79016073873859
"073_4",3.29250418768053,16.4785907682391,43.4848636879977,2.80206200918902,3.77241291634664
"072_4",2.66217212831073,16.1726746792734,47.6174494490035,2.78332306988391,3.86319927912459
"074_6",3.0325143187395,64.9099565056868,45.32384033462,4.17300102497408,3.8138331707564
"071_5",2.63028372442689,17.3756723971818,45.4111345425166,2.85507108982044,3.81575732921785
"079_1",3.3540516783599,17.1846888959993,50.5665985456065,2.84401880690833,3.92329125053201
"086_5",2.97824366526933,14.5048311184031,42.2787962143568,2.67448177451373,3.74428568884545
"085_5",2.66943873363441,16.9689240810433,49.1877312447818,2.83138367600127,3.89564422745819
"089_1",3.32213378264552,18.1975105521549,96.182426810029,2.90128480187849,4.5662466674924
"090_2",3.03452339989943,16.5683982950413,98.8185357518033,2.80749716382372,4.59328519598141
"093_1",3.38207668345538,15.7937165308556,45.6200893168645,2.75961217301358,3.82034817469879
"093_6",3.77597912945252,51.8402856870001,45.6525818245675,3.94816756296634,3.82106016238731
"092_4",3.20151514028588,18.8875326961666,46.4034876549822,2.93850205869817,3.83737462138553
"097_6",2.8349492844303,91.6621942733777,79.10204360838,4.51811001806323,4.37073871019689
"096_3",2.30480191613812,16.062656878716,48.246062018092,2.77649712937605,3.87631420824886
"095_6",2.70843760811253,103.449140250158,50.6386238317967,4.63908009338039,3.92471460194922
"105_6",2.67403951043828,49.7347146197135,87.5228548646282,3.90670317257069,4.47189995771009
"104_1",1.94294117141041,16.1291922717681,42.1354757445207,2.78063081473746,3.7408900401187
"098_2",2.68761237269847,16.0169091117677,43.4391237571632,2.77364498368468,3.77136050408621
"041_4",2.07587780785742,17.4466625934618,44.7201249486177,2.85914837496778,3.80042362286391
"042_2",2.74137034751551,16.2135339453357,47.743689247817,2.78584632218643,3.86584689584314
"002_2",2.94808830457932,16.665349827437,108.758169629804,2.81333170328477,4.68912679017988
"007_1",2.42061171998209,16.5353608608756,60.6067814883653,2.80550117025825,4.10440679256289
"122_2",2.3699189016729,15.896115409076,182.660879290878,2.76607476548209,5.20763131506383
"125_4",4.01523560373864,17.0567894079862,51.4775675111546,2.83654833021365,3.94114613046848
"079_6",4.62493382358308,49.3655355341194,48.1326328329622,3.89925251946237,3.87396038435291
"084_2",3.47123176388353,18.6223560497178,127.992714123175,2.92436279712664,4.85197334138687
"066_6",3.62149561114011,55.0432595987273,44.9436500707133,4.00811941423211,3.80540948443609
"080_4",4.29986691480955,17.1005401648481,47.6888934502579,2.83911005159731,3.86469852906878
"041_1",2.35161027954634,16.7364288706942,51.3546632729607,2.81758771319317,3.93875574574612
"079_2",3.18321112154702,17.5075436872648,46.6495318664072,2.86263185589012,3.84266289222494
"109_4",4.51937599577365,14.700995272976,46.5130860835008,2.68791519713739,3.83973369415236
"108_1",3.37851775529863,15.1618429236868,46.4620796845757,2.71878193771281,3.83863648924564
"107_1",2.9750468874799,18.4137073938151,41.1734914100229,2.91309535431989,3.71779463689882
"101_4",3.88821472401789,16.1611148822117,46.3659835968884,2.78260804094911,3.83656607823807
"100_3",2.96579963960799,16.4258544496108,44.7805182138991,2.7988565843029,3.80177318354445
"099_1",3.18673350373665,15.7520105960107,44.8110018839947,2.75696801401376,3.8024536870394
"099_4",3.1874503753156,15.5914910152358,46.8379470416449,2.74672531770346,3.8466937085983
"105_3",1.35496452696702,16.6890717038102,99.6452173545886,2.81475411622338,4.6016160510724
"103_1",1.55614366295291,16.5749153779904,42.9151687401145,2.80789043065862,3.75922534712364
"095_5",2.67857322020137,15.9279628900664,49.6973340537762,2.76807623690398,3.90595129089478
"112_3",3.64902801021724,17.2746873186559,42.3447243727434,2.8492422692674,3.74584384126614
"110_6",4.12644963941319,43.3491216515037,42.9877710853832,3.76928644123359,3.76091568188292
"117_4",3.41116044583488,17.0214135616154,44.9567702862664,2.8344721726704,3.80570136773528
"116_1",2.6853424660319,15.3749514912937,116.895071873892,2.7327396586498,4.76127671082201
"125_2",3.58344317949729,19.0876586315626,50.9493788416822,2.94904198126661,3.93083256806708
"143_6",2.45086410096749,50.5244443996013,43.4430303075941,3.92245726668496,3.77145043165478
"122_3",2.2194760470997,14.5757711521661,182.155665748759,2.67936064007644,5.20486162782265
"100_4",3.13552660824503,17.8967757044235,44.9999612721928,2.88462056837717,3.80666162915201
"047_1",2.77957542957261,16.4427501488319,120.506379767927,2.79988465962984,4.79170269566139
"119_5",3.87952199899366,14.9013040861647,42.286179289987,2.70144873168292,3.74446030193095
"118_5",3.83139217024536,15.5364645274686,47.6347737133394,2.74318981117075,3.86356303471898
"122_4",2.16411203552654,14.9403126136717,182.032255950079,2.70406310409564,5.20418390186827
"124_2",3.14874579692065,16.0045517838705,41.1212875327616,2.77287316827308,3.71652593225111
"124_5",3.86377682738033,20.3995711411002,42.2741565856164,3.01551387813411,3.74417594392014
"125_1",3.624266225,17.6886734339867,52.5868653326801,2.87292451576044,3.96246638005712
"132_2",3.89159931716782,17.4315721514597,44.2595089328668,2.85828305348267,3.79007023950638
"139_3",3.91479877990052,18.392535240119,43.7800705464481,2.91194488882728,3.77917870347871
"143_5",2.17224897154608,14.4090626951607,46.0201638100443,2.66785736245249,3.82907964414118
"125_5",4.28449481939586,17.8703116048232,50.842945355043,2.88314076633454,3.92874137845596
"092_3",2.80252045111341,14.2947033008419,47.0253514799867,2.65988907010885,3.85068684948105
"091_6",3.50666585164636,56.5484362831819,42.1267572818628,4.03509755024668,3.74068310369236
"101_2",4.25662628682708,16.3757700806667,45.6867612711438,2.79580280824251,3.82180856821142
"099_3",2.97329869013069,16.2390187568034,46.9062992865709,2.78741691152898,3.84815197957953
"108_4",3.45668089016905,15.3982599940049,43.6943175735259,2.73425451563375,3.77721806100414
"107_6",3.57616383571994,47.9066743420452,43.0839252394316,3.86925483379244,3.7631499632589
"105_2",1.14357264711136,16.5888810115929,99.9196832418004,2.80873265235507,4.60436669569421
"096_4",1.6744950490674,15.9781633412692,46.6457552161059,2.77122299889339,3.84258193100125
"095_4",1.44541196560298,14.8423330122698,48.2505535381609,2.69748343645227,3.87640730001268
"113_6",4.43659510081615,49.222408696146,68.0573887052719,3.89634898111103,4.22035130079736
"112_2",3.60096633126116,18.6565078202684,44.0523922610362,2.92619503000926,3.7853796587631
"111_2",3.61287759239292,18.2064670540062,42.1675161047606,2.90177686360476,3.74165016407349
"110_1",3.27163831335841,18.260162731992,44.7400151359173,2.90472178706534,3.80086829437032
"116_3",2.41351510637499,15.7217763714061,120.00453353523,2.75504678134254,4.78752952152867
"119_6",4.40130405052873,60.5133831028253,42.0775666034156,4.10286454888501,3.73951473889176
"118_1",3.75369621496965,17.5393752128372,47.1429675420577,2.86444836560477,3.85318484720369
"122_5",2.57755545911001,15.652771077322,182.200574356826,2.75064796695547,5.20510813716351
"132_4",4.26391602891188,16.5407965608299,43.7877328168881,2.80582984809914,3.77935370548094
"139_2",3.4755453084317,16.3392842953511,45.5026181970136,2.79357228769847,3.81776986709289
"143_4",2.80406697431316,15.5598225198597,43.8922216632307,2.74469211250651,3.78173712131244
"123_4",3.82120029288515,16.0624588748468,43.9816156284223,2.77648480233134,3.78377171997763
"067_4",3.9014661947681,16.0419362621813,49.4070162542455,2.77520630975278,3.90009244354682
"087_2",3.28436052605732,16.6855167496814,46.372788300507,2.81454108263663,3.83671282815704
"089_4",3.36635225971338,65.8052433001922,44.3402887315331,4.18669952056981,3.7918937159291
"090_4",2.5100221534174,17.9294606192762,44.6401632585561,2.88644520458096,3.79863397529209
"073_5",3.11783440594109,15.8660877769939,44.3441773104693,2.76418398726044,3.79198141063173
"073_6",3.04638092988181,69.6571750772955,43.9918140176388,4.24358571110516,3.78400357155607
"072_3",2.9699739440956,17.1032473962796,47.8575155195984,2.83926835169389,3.86822816971612
"074_3",2.99343503654203,16.0571609183315,44.4820153862713,2.77615491321077,3.79508495885901
"066_5",3.34868349330326,15.8796305812611,44.9133891032481,2.76503719240363,3.80473594858654
"065_3",2.79314168547178,16.7604574482563,46.3454319104017,2.81902238873017,3.83612273074497
"076_1",2.70038874507721,17.1383855502234,97.8982367997173,2.84132071679767,4.58392853915689
"077_2",2.86728209000737,16.7415518684539,107.340430938809,2.81789376497328,4.67600538144911
"083_3",2.96320181552261,71.9220123134697,45.2451011340267,4.27558236965889,3.8120944020537
"084_3",2.42949643722127,34.4272606243626,44.8422837344565,3.53884871055925,3.8031515276487
"105_1",1.85196845989695,15.5810039360207,102.728084731688,2.74605247585188,4.63208554334453
"088_6",3.7138972331462,54.4861222293386,74.9092839301156,3.99794603124965,4.31627783384476
"076_4",2.90220240848064,113.935808248008,45.6032000012159,4.73563520425851,3.81997788952342
"069_1",2.59627278855014,16.3242548338153,93.2882255931817,2.7926520284126,4.53569390045949
"058_5",3.66460691241741,19.9577041955962,49.815808778393,2.99361524400727,3.90833237900475
"055_4",2.3405102992751,14.8811931425765,47.857250341244,2.7000982105033,3.86822262870367
"051_2",2.72201123995091,14.9673693799926,48.0667807052762,2.7058724568705,3.87259130868914
"050_6",3.48021404411011,56.7890367035672,47.470681339924,4.0393432913149,3.86011228552371
"049_3",2.35161027954634,16.2659842998165,45.4460838870845,2.78907607452934,3.81652665381078
"047_2",2.26219534342254,17.4630775080223,122.145205492436,2.86008879536178,4.80521054595049
"046_1",2.52361647402388,16.5847471751929,121.601316071638,2.80848342809789,4.80074779243105
"044_5",2.95906261318808,18.2399761278526,50.4582213525661,2.90361567586532,3.92114569393067
"042_6",3.07053837310951,69.7943160803932,47.7714179464869,4.24555257493961,3.86642750974315
"041_6",3.08846910399396,119.57406030808,46.8849645809943,4.78393593093694,3.84769703942701
"036_1",1.92140583638994,16.8929494510934,44.8598940841237,2.82689634263714,3.8035441680577
"035_1",1.89786816873428,15.8662466900731,44.5614488958417,2.76419400310591,3.79686911070625
"005_1",2.63868397211387,15.3870928481353,44.8650954753541,2.73352903125053,3.80366010880647
"003_2",2.07646949552744,17.0804642830794,46.6096180044465,2.83793537084106,3.8418069147803
"023_1",2.34402148002159,15.9181382545876,44.2791539177723,2.76745922977046,3.79051400010983
"022_5",3.44846399910548,15.8784292404563,45.8692442853066,2.7649615365977,3.82579483333289
"021_5",2.99983714877559,16.0393768008213,46.1441508525552,2.77504674886695,3.83177021082659
"031_5",3.13242727409936,16.377326613161,46.1811717720299,2.79589785467492,3.83257217761981
"037_4",3.24358045352644,15.6089242004623,45.3459636202427,2.74784281482138,3.81432116753365
"035_2",1.60698379870259,16.6171640906573,43.967732554144,2.81043614253686,3.78345601384267
"044_6",3.6348054490447,75.6291599439739,48.0352242838008,4.32584192236177,3.87193458102538
"043_6",3.73787191507993,74.1346274599975,49.6175670822384,4.30588273030052,3.90434494607084
"017_1",3.03656893088939,16.6839847676995,46.2750777048855,2.81444926334576,3.83460353765611
"001_1",2.6988638801198,17.0782759548538,107.383452461051,2.83780724385433,4.67640609628471
"009_1",3.24062831463698,17.5971633454498,106.858380195043,2.86773771550027,4.6715044082175
"008_3",1.99314272238697,17.4394949533526,47.1678848198963,2.85873745896475,3.85371325465192
"013_3",3.06871737181773,16.5141224293026,47.5568043111813,2.80421591963511,3.8619248767808
"019_3",2.57027840431272,77.1453857516695,49.3635237485805,4.34569176822819,3.89921176579666
"047_3",2.32897957722406,16.8546191364274,44.4196736662812,2.82462475195652,3.79368247189002
"074_4",3.2829634319701,16.4448537951959,45.5226436546518,2.80001258906917,3.81820986490347
"080_5",4.35310358628976,15.6264383055531,44.5733404048685,2.74896424294138,3.79713593153323
"004_3",1.76996396994593,13.4995832965303,47.4039677559257,2.60265881804431,3.85870593312864
"003_3",2.11487644402976,15.4166359736786,44.2540213401349,2.73544718439182,3.78994624506797
"017_6",3.78981210147777,125.116934627737,45.0220809474775,4.82924877703826,3.80715305714419
"016_1",2.46267772653195,15.5560160396233,45.7484008485305,2.74444744738215,3.82315683698014
"015_2",1.89191630635347,16.9090963560463,46.6205247267637,2.82785172304655,3.84204088894461
"023_2",2.83156489687884,15.1104385500232,44.4726478373766,2.71538579969028,3.79487434485431
"021_4",2.80226054861314,15.6861814436937,46.109724274854,2.75278016196147,3.83102386647517
"031_6",3.73321455679488,91.5773634693832,45.2537258203742,4.5171841174433,3.81228500532811
"036_2",2.58423185642199,15.0422961108403,44.2526579225978,2.71086597381345,3.78991543569745
"035_3",1.41456142846135,16.7759543159594,45.0549522074921,2.81994657041752,3.80788290492719
"044_3",2.66447447393841,15.190756840477,49.2171720349028,2.72068714028266,3.89624258770282
"042_5",3.23928025323354,16.459274623114,46.6376067154391,2.80088912520823,3.84240722673419
"009_3",2.6262624101671,17.9232654063846,46.9840704706089,2.88609961228492,3.84980861810435
"010_1",3.69881964047266,18.144034474104,96.1274551892952,2.89834182757131,4.56567496913078
"026_1",2.50026633063186,16.1271681688411,166.050666628054,2.78050531372606,5.11229296243712
"008_4",1.55402686338611,17.8210126937571,46.9554260810253,2.88037824948278,3.84919877045724
"014_1",2.91693087797826,16.8661953270744,99.1024789914489,2.82531134219973,4.59615445607301
"013_4",3.54174825460602,52.4510367632814,46.6171747170805,3.9598801013444,3.84196902939199
"002_1",2.69185160127866,17.9617674038406,110.410430588432,2.88824546581855,4.70420460934773
"001_3",2.29388065851618,18.2483795583253,47.0418903285409,2.90407628476168,3.85103848833867
"011_3",2.01167601765076,18.7867765027193,48.1981417598048,2.93315324483495,3.87532046761223
"100_5",3.69460526219243,17.4706778621043,45.2759276168297,2.86052392488744,3.81277549205942
"085_2",2.1302956457272,15.3956619060781,46.0749951153402,2.73408577532575,3.83027039754048
"050_1",2.43101293681862,16.6585300382256,49.0667868828511,2.81292239984627,3.89318236768177
"049_2",2.07644384681924,17.0121823655589,45.928548436468,2.83392969715282,3.82708689401656
"058_2",3.22767934305285,16.7063877310519,48.394395240034,2.81579114515405,3.87938400619141
"056_5",2.75223895621548,18.8116398774722,45.8298113119041,2.93447582066505,3.82493478138195
"057_6",3.43077967177464,51.2314312445999,46.6547183829077,3.93635323518725,3.84277406650675
"067_1",3.18908414650252,15.8359080573465,46.820658443262,2.76228002330044,3.84632452525439
"066_1",2.76387917049399,14.3593357769187,48.6860604721232,2.66440030746105,3.8853927565109
"055_3",2.29850062920776,15.7393538279938,49.2160525179879,2.75616418928721,3.89621984097437
"064_3",2.70846433486253,16.2306894074763,46.4526271359659,2.78690385797965,3.83843302202358
"080_3",3.61546539088948,16.9385543261181,45.2451811402369,2.82959234473908,3.81209617033662
"072_2",2.4635733318212,16.277043226541,46.855738679032,2.78975572408815,3.84707349166402
"071_6",2.82565723862271,92.0903114420852,45.7499351378197,4.5227697416592,3.82319037396795
"077_4",2.69845231685056,16.9698194595159,45.9058951108637,2.83143644038671,3.82659354260747
"004_4",1.82970459226067,15.5794724842249,46.9010540221513,2.74595418134724,3.84804014901956
"016_2",1.75622934315493,14.9869065680959,45.1327767080531,2.70717692444685,3.80960873882529
"015_3",2.06663807732706,17.1540694463005,46.078490719937,2.84223543096277,3.83034626237764
"009_2",2.8061653244192,51.5016008934137,125.048015505734,3.94161289249556,4.82869778759142
"010_2",3.30543302069625,17.0219637593992,99.9072713975064,2.83450449600769,4.60424246976751
"013_5",3.25363988272494,17.7728276883851,46.8032324496513,2.87767075659695,3.84595226997541
"011_1",1.91250739557881,18.2926830031216,60.2712660411156,2.9065011439967,4.09885547343188
"026_2",3.06909792151018,123.76082979033,161.030379231569,4.81835091107693,5.08159303806389
"046_2",3.06923331869008,449.470374868352,120.692300809123,6.108069944884,4.79324433824064
"047_4",2.47019021466646,17.6734238954431,44.7916771667484,2.87206203640313,3.80202234463422
"107_5",2.99444672531991,16.0355044233061,42.0228680140336,2.77480529029337,3.73821394663442
"109_2",3.38711948715828,15.8324712706624,43.8711327702755,2.76206297482682,3.78125653591327
"100_6",3.75380919684598,51.1250657876407,45.1151094938303,3.93427490116196,3.80921721243743
"098_1",2.42427100355705,17.4339086179777,43.7975755852646,2.85841708097749,3.77957846391583
"091_5",2.47288205257792,17.7528261189604,42.6507334181269,2.87654472121719,3.75304446999445
"087_3",3.12154543664618,16.834291917499,43.8210889120124,2.82341799158587,3.78011518351655
"086_2",2.42436459517745,16.8674112005878,46.4457449146202,2.82538342897841,3.83828485535055
"089_3",3.11516088298531,14.7823186101071,46.7758028472763,2.69343177805459,3.845366036038
"090_3",2.35141284640432,17.3055852191961,45.4338470652753,2.85102929444072,3.81625735734995
"097_5",2.12425813353712,16.2693476013393,80.5523217359439,2.7892828221688,4.38890693274507
"096_5",2.01723478402085,16.3694806357165,47.1094773718075,2.79541866428943,3.85247419886581
"095_3",1.79358537264362,15.4900167316361,47.7080039599051,2.74019573458546,3.86509918171938
"104_6",1.7937045242739,49.9285012961481,43.3889136557108,3.91059200796245,3.7702039627536
"103_5",1.37374882348182,17.6211399941447,43.1850735857061,2.86909931728829,3.76549491669528
"023_3",2.61515718259207,16.8877744457406,44.8432557946735,2.82658995456748,3.80317320472668
"013_6",3.37078002949639,52.6185860782242,47.6463344928105,3.9630694048259,3.86380570149198
"046_4",3.07492443062301,457.969685058224,45.2459950864077,6.12680299209434,3.81211415985128
"080_2",2.97374223760348,16.4475425953594,46.434074221933,2.8001760797518,3.83803354795445
"056_6",2.6457174858317,49.6234555063357,45.6416588908097,3.90446361522499,3.82082087163415
"143_3",2.14018174063403,15.2674598723028,47.6251039786004,2.72572375780338,3.86336001672218
"124_3",3.52683818090333,16.669638709513,42.8139974719162,2.81358902343324,3.75686509285696
"112_4",2.21253834653087,15.9995700346903,41.6255375587893,2.77256184904685,3.72871386254249
"111_6",3.45911560147671,46.9238750231368,40.5582209937083,3.84852660825097,3.70273849721914
"110_2",2.40519591570638,15.4992317026776,43.3699759108484,2.7407904551275,3.7697674024136
"116_5",1.58181874895989,15.1603624618845,130.069766171764,2.71868428902369,4.86807096936329
"115_4",2.08247893607763,16.9209235880962,42.0831165345976,2.82855093827322,3.73964662782096
"122_6",2.22999509826278,203.705945259326,183.487534235478,5.31667750915602,5.21214673186541
"087_4",3.13038706109483,16.8019991359471,45.8100688049552,2.82149787551705,3.82450390986118
"109_3",4.43170039145964,17.0358663088429,47.415926859865,2.83532090446284,3.85895818196421
"037_6",3.35505648420203,85.1978089309702,46.4277778965709,4.44497571673194,3.83789794166989
"119_4",4.11301344029829,14.3666244376757,42.5007190872183,2.66490776906435,3.74952099548649
"118_4",3.86628983625219,15.7344625988324,47.7641812698837,2.75585337669719,3.86627601277916
"117_5",2.92570944901659,16.5012438280812,45.560114211114,2.80343576158541,3.81903264540451
"117_3",2.71008325789507,17.386623215592,44.6048798657394,2.85570112984395,3.79784326707077
"132_3",3.83919538639725,16.0582673591366,45.7400838648129,2.77622381721516,3.82297502210439
"139_5",4.00880578056244,17.0953359857455,49.2955286883292,2.83880567693413,3.89783338095842
"143_2",2.37350932210857,16.6113319045185,44.6383927137523,2.810085107317,3.79859431190854
"125_3",3.8302532881691,15.9010822656873,50.8267655832096,2.76638717393409,3.92842309739033
"143_1",2.07864869390839,15.8935479352961,40.7535201810751,2.7659132366381,3.70754222076758
"119_2",3.56891561525858,15.382468585656,44.1967379197607,2.73322845741726,3.78865098363975
"118_2",3.43547553671881,15.3540422623094,46.9192433576776,2.73137877892956,3.84842789743354
"113_5",3.65294621583121,14.7970039827608,80.0344762539287,2.69442472668038,4.38245749501434
"112_5",3.46342784990781,15.1633253898753,43.5548904164011,2.71887970905405,3.77402199128562
"111_1",2.71534880747968,18.7413530621244,42.0216549202035,2.93073247602479,3.73818507874897
"110_3",2.69837140344859,16.6093718176475,44.9201480821378,2.80996710338248,3.80488642643956
"115_6",1.57710186980309,134.771563646414,42.8003498409449,4.90358122404673,3.7565462764082
"116_2",2.10019512171171,17.497493651283,117.34339634849,2.86205765074583,4.76510464758616
"109_1",3.17688897086447,19.4254116570375,43.960015810727,2.96658208815465,3.78328048919703
"108_3",3.08716983102719,16.7339998405192,44.0525492184766,2.81744256834306,3.78538322172876
"107_4",2.72926572867742,15.764284309554,41.6463244429053,2.75774689453894,3.72921311604897
"100_1",2.44923082974368,15.9354154991218,46.7889172629451,2.76854402215263,3.84564636425871
"093_5",3.38671340233625,16.8954869215477,45.5199559803428,2.82704654020361,3.81815082277769
"091_4",2.54112558239315,14.2209950438259,41.9909717956719,2.65471939687956,3.73745463793084
"086_3",2.50092794518742,16.2914837679364,44.2418411497473,2.79064250305387,3.78967097365704
"085_3",1.98228550274229,15.4086739181247,46.8594175294588,2.73493059229533,3.84715200298658
"096_6",2.35730999268329,92.767170114453,46.5977793280339,4.53009280688228,3.84155288609126
"097_4",2.12448928899447,17.905935958919,80.4998139390129,2.88513227569038,4.38825487310524
"103_4",1.24031202241273,17.072916534345,42.9608371772362,2.83749337952561,3.76028893737657
"092_5",3.12072873708836,16.9227492011211,46.4373285190788,2.82865882331501,3.83810362974607
"092_2",2.74160899577423,17.4777536236533,45.8622316079661,2.86092885073646,3.82564193756215
"098_3",2.62744733657011,19.2321020364128,43.1656766179142,2.95658086389263,3.76504565671612
"100_2",2.09277091819572,16.2387225960486,45.0080883775025,2.78739867376106,3.80684221534099
"115_5",2.19461714939717,20.0938060797258,42.7847200089743,3.00041161233792,3.7561810297087
"123_3",3.57991121316161,16.6087172543002,44.3408489603608,2.80992769332816,3.79190635060751
"070_1",2.65534249411788,16.2818076863399,89.1646588860254,2.79004839165468,4.49048476024837
"080_6",4.03648153106198,49.9760762542038,46.9618609129382,3.91154441600657,3.84933580235262
"081_6",4.69234256259627,52.9489792065117,47.4536304163265,3.96932879341988,3.85975303248378
"077_3",1.79643125135799,16.5230920177474,46.2644598197346,2.80475891872357,3.83437405984627
"072_1",2.37248139207301,16.57205385714,48.3074536477094,2.80771777409764,3.8775858685808
"067_3",3.18057755977816,19.3670813229735,50.5828101157317,2.96357478578534,3.92361179754219
"065_2",2.11273417158438,16.1058931133482,47.2853782736529,2.77918523690207,3.85620112030125
"057_1",2.53010465897825,15.8694686508503,49.111883017417,2.76439705261991,3.89410102216718
"073_1",2.72247338393416,15.6679909756994,44.0151509969703,2.75161983983325,3.78453391548679
"005_2",2.70476147795174,15.9564716029222,42.5420378414101,2.76986449006929,3.75049271274814
"004_5",1.6040159988649,16.1430425327189,45.4610647618009,2.7814891539188,3.81685624009909
"003_4",1.98754938829001,15.743207579694,44.7869459986917,2.75640900746891,3.80191671300261
"016_3",2.01476433607451,16.6189230495402,44.3925783660569,2.81054198886451,3.79307230154877
"015_6",3.12713068324013,114.387381938647,45.7345683058492,4.73959077512335,3.82285443003129
"031_3",2.43133677383541,16.5258349365705,45.7439596480697,2.80492491012373,3.82305975345447
"037_1",2.80524475960132,16.5456632031268,46.1811687346678,2.8061240253769,3.83257211184923
"036_5",2.70476147795174,15.1624466273042,45.3626165353336,2.71882175421808,3.81468834151541
"035_6",3.14998219233991,204.265613162828,45.0707721647171,5.31942117225229,3.80823396912107
"044_2",2.24162795485447,17.5787180307742,49.2263251317547,2.86668896757159,3.8964285440563
"043_4",2.65763941807998,15.5586694275303,48.1986163541667,2.74461800272434,3.87533031429943
"042_4",1.20869986050086,17.3037649087588,48.4374426100269,2.85092410261064,3.88027312228761
"042_1",2.595653670201,16.8926029115234,41.9699295247201,2.8268758285685,3.73695339816182
"041_5",2.20364495187462,16.0406196446782,46.4870485762015,2.77512423290655,3.83917374855497
"081_4",3.55173946959306,16.2335338731632,45.4182167366364,2.78707909492708,3.81591327427381
"048_5",2.51375440263879,17.7547769765689,47.829472426578,2.87665460515417,3.8676420274532
"001_5",2.48348109954733,18.2379232740262,46.9239230481525,2.90350312257347,3.84852763171698
"002_6",3.28849688967895,16.5390786382231,46.3072401998237,2.80572598297885,3.83529832467289
"009_4",2.18456281296349,52.39048355956,47.2765538243613,3.95872496337486,3.85601448178569
"014_2",3.02375320314446,18.3147836102686,98.4143094163461,2.90770858126983,4.58918621438344
"046_3",2.41058342312324,16.9111498617226,46.030178745611,2.8279731595178,3.82929724106321
"013_1",3.22401208107962,17.4635624251657,97.5740194621076,2.86011656311409,4.58061126394734
"002_3",2.26858359639877,16.4415879018857,46.8852653857813,2.79981397266969,3.84770345521136
"009_5",1.80972487345156,17.5178174692611,47.407715683718,2.86321850407599,3.85878499359162
"007_5",2.32451510765693,17.1489408200543,48.0852995118439,2.84193641194114,3.87297650694496
"008_5",1.44679844746093,17.6865108928584,51.1763178272155,2.87280225258798,3.93527688260251
"010_3",1.47686517756331,17.5864733403866,48.2179523582651,2.86713004634499,3.87573140727786
"014_3",2.21577130305459,18.9603599952217,46.9208549194879,2.94235048373637,3.84846224440973
"014_4",2.23090154640665,17.2257002019045,46.7713612579438,2.84640246640179,3.84527107667973
"035_4",2.04867517225437,16.1096500891789,44.7118735992211,2.77941847685237,3.80023909496441
"035_5",2.04867517225437,16.1732890414919,43.4542017093436,2.78336105683177,3.77170754920736
"023_4",2.57532372788235,16.5350728747453,45.1011187560642,2.80548375372645,3.80890705232212
"022_3",2.16844710243202,14.435666529849,45.6253478316181,2.66970198661411,3.82046343558029
"022_4",2.41877338834003,16.5261663992639,46.2610307243365,2.80494496716597,3.83429993766913
"021_3",1.54021644339215,15.6047416653633,45.713601609049,2.74757482097907,3.82239588182443
"015_1",1.57437716000288,16.9051936644874,46.3946467076682,2.82762089214199,3.8371840798967
"016_5",1.99773984352794,15.8684016021789,47.823327521011,2.76432981126671,3.86751354390481
"017_3",2.49237158722902,15.9977310175602,47.1201282808949,2.7724469007811,3.85270026176948
"017_4",2.17290057516691,15.6736711311551,46.610338772175,2.75198230660342,3.84182237858769
"005_3",2.93640691574678,15.5965457105024,44.7320300321844,2.74704946092256,3.80068980054603
"003_5",1.50742077405013,16.7881506575449,44.9419457058467,2.82067331955217,3.80537156145517
"056_1",1.92634863554601,15.538344774556,45.7097169249839,2.74331082540266,3.82231089947792
"056_3",2.13098137676896,15.7117063154675,46.5468959200863,2.75440605970292,3.84046031879477
"043_5",2.63666030651013,16.9089607283298,48.4623371495895,2.82784370202298,3.88078694265278
"044_4",2.47508357709555,16.5155140995065,49.8716117279883,2.80430018760478,3.90945193762389
"037_5",2.62303964388106,16.0411903281068,45.1890851857029,2.77515980966666,3.81085557948522
"036_4",1.7217581635353,16.3949858025027,43.8806334640401,2.79697554433117,3.78147307158451
"031_1",1.89817963996242,16.1054128657159,44.7757459220568,2.7791554183264,3.80166660715043
"016_6",2.67468936872232,119.601591784403,46.5906953722062,4.7841661506621,3.84140085107054
"004_1",1.7310991668135,15.982204327073,46.2949187478679,2.77147587369554,3.83503220880327
"069_4",1.76437113269546,348.544999674401,45.017871085888,5.85376734575118,3.80705954617495
"013_2",2.99230035233709,53.8787361814098,98.448445801362,3.98673589509427,4.5895330182806
"008_6",0.75829297231119,17.3485254323261,48.2412043573346,2.85350751328976,3.87621351805535
"057_5",2.82479429545613,18.6960482362227,47.7573879839582,2.92831217726226,3.86613377713563
"064_2",1.73629426086312,15.353287089856,46.0724594245801,2.73132959376957,3.83021536203736
"066_3",2.51075402299217,16.0388760859422,47.085225105709,2.77501553052841,3.85195925978757
"067_2",2.8477563965159,19.2008198201128,48.1374806555888,2.95495297708637,3.87406109728353
"048_4",1.0151170694667,16.0989141218146,46.2156517189956,2.77875182386582,3.83331852251054
"050_2",2.25140778155946,16.6184191234557,49.6878182090062,2.81051166597756,3.90575979660046
"049_1",2.51421185877748,16.4863566829348,45.964084016391,2.80253317116195,3.82786030926751
"070_2",2.18448918113919,18.6191670211838,88.9633831221074,2.92419153514384,4.48822485947911
"087_5",2.56919484466923,17.1017814268289,47.7697865018944,2.83918263509011,3.86639335809932
"086_4",2.16336653280953,17.549475195546,41.3537241244955,2.86502404607707,3.7221624808845
"085_4",2.21442846775857,16.1199804958376,50.3050979089221,2.78005952714212,3.9181064220481
"091_3",2.03884027866636,14.1478570486963,43.8354617226923,2.64956316729843,3.78044311818212
"095_2",1.39538038822636,14.4494306696345,47.393820876883,2.67065501375695,3.85849185895607
"107_3",2.36748442967817,15.6942029385369,42.082628470403,2.75329140458491,3.73963503012894
"081_1",3.06923331869008,16.4055761049536,47.2062900996768,2.79762128344069,3.8545271485362
"074_1",2.18832702602753,15.7753888937035,44.6450193618429,2.75845106065612,3.79874275265355
"074_2",2.77886727866316,15.6465923803861,43.6558576365062,2.75025315400507,3.77633746884934
"073_2",2.64363078367698,17.2445974829711,45.5912695668634,2.84749890503035,3.8197162413231
"071_3",2.16798415143358,18.3840317488689,45.2555566837687,2.91148244808864,3.81232546224797
"072_6",2.71283380804872,77.6241301524787,46.0129826509698,4.35187833442569,3.82892358821209
"077_5",1.56406676523187,16.5333966435152,45.0619580183464,2.80538237430031,3.80803838764072
"076_3",2.19890331009489,17.5810799332048,46.2217853664788,2.86682332001791,3.83345123167439
"079_4",2.85090622214596,16.2530788722401,46.9096698130072,2.78828235988968,3.848223833582
"056_4",2.16576578258499,16.4342806802667,46.8118030804668,2.79936943860537,3.84613537369996
"055_2",1.62353953352407,14.7940158102368,50.1309998232671,2.6942227618576,3.91463957568588
"064_1",1.74900297933491,15.354766007944,49.5890809665912,2.73142591495831,3.90377066769352
"051_4",2.65036876696374,16.6355184462813,47.5188177764617,2.81154007497705,3.86112579630345
"050_5",2.41085696706544,16.5214753527923,46.3960409141701,2.80466107117495,3.83721413046617
"048_1",1.59333993638829,15.8405534918906,47.1743796343991,2.76257332844566,3.85385094086394
"108_5",3.29028897839697,16.5312632678297,44.4574755392764,2.80525333164908,3.79453312643087
"106_5",2.77664959917166,16.5382584802684,43.917644223472,2.80567639265349,3.78231615786362
"106_6",2.63965204976901,45.5846653138427,43.2068713721111,3.81957137298606,3.76599954214105
"101_5",4.0291130137146,17.3970488542118,47.1862001425964,2.85630058575596,3.85410147998286
"101_6",4.04752790217181,54.1782807874251,47.0014094195504,3.99228010465525,3.85017758891045
"099_5",3.10590693282268,18.0533778339229,45.2136195214209,2.89333280488429,3.81139835829698
"098_4",2.80917050476818,16.3638480228835,43.6925767169099,2.79507451273996,3.77717821849388
"093_4",3.14255117482435,19.8106972079083,46.2529107774947,2.98622205483664,3.83412439770768
"087_6",2.98633821502833,52.8334421258136,49.2496995122179,3.96714436381077,3.89690326632472
"097_2",1.88369579863291,17.8531985565973,78.8122431311034,2.88218268301868,4.36706835447927
"097_3",1.87044676756821,16.0434489525675,78.7995652089617,2.77530060130497,4.36690747919584
"095_1",1.55274744191524,18.5379146679915,48.0898462350414,2.91981807635703,3.87307105784303
"103_6",1.59944517052178,48.4391189430995,43.2195401050352,3.88030772989643,3.76629271023164
"079_3",2.73809706953918,15.6228129463869,45.6510526408792,2.74873221439431,3.821026665721
"076_5",2.29414577115054,17.5186731937568,46.3278232533446,2.86326735169056,3.83574271480105
"110_4",2.87717148354311,16.7473376340928,42.4152065386032,2.81823929841929,3.74750694271862
"111_4",2.91254831729017,17.0071692928695,42.6576979818824,2.83363497826599,3.75320774960601
"112_1",2.91083562185108,14.4296895457918,44.9035420325818,2.66928785805619,3.80451667877669
"119_1",3.78717439276043,17.208276461571,43.980496954924,2.84539045771102,3.78374628462903
"118_3",3.79815336636178,15.9995598900868,47.6753304850059,2.77256121499188,3.86441408350243
"117_6",3.10904345024136,98.5192661869529,49.3648752353233,4.59025212485831,3.89923914366881
"125_6",4.16248886560815,139.249020174541,49.7695099825583,4.9362638423341,3.90740254718322
"123_5",4.2779611262552,15.3553570671215,44.3216490018385,2.73146440774951,3.79147324846706
"124_1",3.07433859125163,14.6110159135616,40.1548669037894,2.68177575883873,3.69274365107359
"132_5",3.74755323015606,18.3893713890641,44.7780159760882,2.91177285581689,3.80171730416156
"139_1",2.98331497435888,18.1780611033741,43.9067063582192,2.9002154330824,3.78206707283796
"058_1",2.82187048933063,15.5532053384821,48.270798217026,2.74426674847524,3.87682678603922
"109_5",3.85703298610018,16.4644547710168,46.4068723812864,2.80120380085651,3.83744755993041
"108_2",3.24103883119613,17.7861589808707,46.0695546166056,2.8784205694774,3.83015231136486
"107_2",2.52094989847189,13.9068934514544,41.2650915900933,2.63238464896245,3.72001690260097
"106_3",2.63233674208137,15.8859949711797,41.5735536336279,2.76543790165415,3.72746423514437
"106_4",2.64546216024372,16.8555695709798,44.3479923345189,2.82468114051969,3.79206743906168
"105_4",2.21028631659506,17.0510327896432,96.780245975887,2.8362107760676,4.57244290296028
"104_4",1.88322414381855,17.2660660581292,41.4977399524605,2.84874307571411,3.72563896677685
"097_1",2.32483009296096,17.1928289627144,79.4564601916947,2.84449237611136,4.37520920108927
"099_6",3.46839350361397,51.4537890506734,46.5216219950952,3.94068410486815,3.83991719366119
"098_5",2.81188940422591,16.6573266725329,44.4143955778391,2.81285016002944,3.79356364161481
"112_6",3.43564075648929,48.7733504303535,44.7332572965301,3.88718406595477,3.80071723608852
"111_3",2.79445413471023,15.5999157787065,41.5860152154302,2.74726551544005,3.7277639380425
"116_4",2.36950707940891,14.202205669916,124.490915700873,2.65339728141226,4.82423274698455
"117_2",2.73287524697763,15.1919070820306,44.2581935283167,2.7207628572479,3.79004051879485
"118_6",3.41022011015865,56.2477128742201,44.5588458304015,4.02976538024402,3.79681069381144
"119_3",3.65994818576723,15.3716599150853,43.1496570147739,2.73252554879701,3.76467446882517
"124_6",4.62435694264167,150.566164326517,42.9449719985741,5.01440261765647,3.75991957518803
"123_6",4.56710076813162,153.847937550343,45.8002347840132,5.03596469609056,3.8242892173955
"139_4",3.27586259018527,19.7851808479335,47.5240422212762,2.98493321545437,3.86123573501573
"132_1",2.69028107100934,17.1580966922362,45.7461931042934,2.8424701725374,3.8231085774242
"109_6",4.01239220546219,52.6005618735022,45.4978456805768,3.96272680169236,3.81766497715634
"108_6",3.41751944783815,48.0846303386805,45.0110762160138,3.87296259047098,3.80690859761694
"101_1",2.95218376198789,14.4811493827332,50.3435772409251,2.67284776106794,3.91887104878204
"093_3",2.89303135800578,18.8805604305803,42.4107507829286,2.93813284409991,3.74740188629912
"092_6",3.51211871405481,54.5562553007835,46.7545800340474,3.99923237666332,3.84491221957881
"091_1",2.14453392822808,21.8830593627491,43.2980491218732,3.08571279240213,3.76810757907134
"091_2",2.19288721854908,15.5844505081623,42.8849528403032,2.74627365486031,3.75852101476364
"087_1",2.82187048933063,15.9719050622504,45.7844061605464,2.77083124517194,3.82394355630077
"086_6",2.94258002505041,53.8392378977584,43.0483117987234,3.98600253029124,3.76232301520873
"089_2",2.26044739433652,67.1515371306553,97.2546395882517,4.20695181370733,4.57733268920892
"090_1",1.84888113077342,16.0289780273253,98.5784271056399,2.77439821083522,4.59085244563807
"132_6",3.93164949674571,67.2958647993841,44.1030492626073,4.20909879047441,3.78652892433926
"116_6",2.4435508598119,140.991387599332,164.378166057862,4.94869880765685,5.10216966393505
"081_3",3.17865904757386,15.4673689632014,46.1707330229691,2.73873257663677,3.83234611300038
"081_5",3.48787494281865,19.1605329925985,47.9264665125599,2.95285259014111,3.86966788862128
"083_1",2.84152537312851,15.8249211525313,129.129897640789,2.76158598555535,4.86081885617482
"077_6",1.77460222316789,17.5485608127003,46.0400987024894,2.86497194157494,3.82951272769346
"076_6",2.69381455116929,111.857674749216,45.3307806163096,4.71722730202573,3.81398628554813
"074_5",2.17990424731306,16.0433026433035,44.7849271507056,2.77529148169911,3.80187163528088
"073_3",2.8177415720227,15.7704240267375,44.6863939590281,2.75813628880227,3.79966906958072
"046_5",2.64514252300196,15.4427830039202,45.1716564413784,2.7371417747221,3.81046982026663
"069_3",1.93762813391812,17.1523164206479,45.9317252503134,2.84213323275041,3.82715606023432
"070_4",1.66286359107391,17.1538832363433,45.8972512347582,2.84222457575617,3.82640522932028
"083_2",2.50350932043317,53.3422737037395,128.43781694297,3.97672914446217,4.85544487237
"079_6",3.4388758553461,49.3655355341194,48.1326328329622,3.89925251946237,3.87396038435291
"071_1",1.50492385225874,15.672679440003,45.0065294994642,2.7519190334546,3.80680757923243
"067_6",3.66072620453389,54.6360231506041,53.3949788029109,4.00069342986492,3.97771671163703
"066_2",2.2079777516264,15.5302437431085,49.2571315771671,2.74278933202188,3.89705416073237
"065_5",2.80575227124839,17.1070229544955,47.7866953688596,2.83948907828813,3.86674726119016
"064_6",2.39207627289695,54.7457252672053,46.1420337760877,4.0026992883371,3.83172433014626
"055_1",1.21336217565337,16.540564766756,49.9198811331228,2.80581583452385,3.91041934291096
"051_3",2.87926490859934,16.7256724235934,47.457686432391,2.81694480990526,3.85983850208218
"049_6",2.41702089519091,54.5795338705682,46.8690978017619,3.99965897494633,3.84735856280038
"048_6",1.29079774179637,53.6109254579201,48.4842632672153,3.98175288047575,3.88123927657486
"057_2",2.06211504169532,15.7436025424188,45.4469818155106,2.7564340949721,3.81654641171903
"101_3",3.61938471447642,17.167285084361,46.4406454194997,2.84300554268443,3.83817505465516
"093_2",3.05395294108095,16.5016325145017,43.5445392893183,2.8034593162851,3.77378430598351
"079_5",3.49567026005327,15.7250016304379,48.2318594228898,2.75525190627094,3.87601978658031
"051_1",2.80155112897543,16.7423190099493,47.7040270311799,2.81793958652708,3.86501581846453
"072_5",2.69312357828381,16.4875718782539,46.5967990470888,2.80260687759444,3.8415318487957
"014_6",1.48844651452423,16.419586919692,45.7548169007813,2.79847494656362,3.82329707362797
"046_6",2.79597900748834,472.182839010014,45.9686213233626,6.15736628136079,3.82795901857794
"070_3",1.89532990585014,17.1677447385847,45.4482460839223,2.84303231733563,3.81657422986616
"017_2",2.00093679784399,16.0258851249695,47.2118698274752,2.77420523528885,3.85464534037153
"017_5",1.83927438486996,15.970442556614,45.9259807835669,2.77073967359086,3.82703098707493
"015_5",2.46242451693923,19.0663963415856,45.8095746868758,2.94792743172827,3.82449312356993
"022_2",1.30657293671819,16.1598442912576,47.2887083593287,2.78252941760455,3.85627154309454
"022_6",3.89427658628751,100.02683675921,44.6524249618307,4.60543851757605,3.79890861630308
"021_1",0.777653793505397,15.0408736050055,45.6560931491769,2.710771402274,3.82113707347188
"021_6",2.5193413521764,103.538970844174,46.0246746587905,4.63994807173123,3.8291776583009
"031_2",1.7452680308558,15.7858355373096,44.1893183481522,2.75911305296953,3.78848309354624
"036_3",1.66702181316809,15.5011786943474,44.6604219212863,2.74091606583055,3.79908769377639
"036_6",3.25534994663074,104.818188337066,44.0985524559958,4.65222730966299,3.786426957787
"044_1",2.21355084705933,16.285851983514,48.0071138476488,2.79029675443149,3.87134920508594
"043_2",1.95188845657453,17.7024704046408,47.3898069969916,2.87370420072434,3.85840716331857
"042_3",1.82033401503039,16.4842926620566,46.7609421241336,2.8024079676296,3.84504828447903
"041_2",1.34154065359609,17.5327475219481,45.8210262568174,2.86407041922165,3.82474307434802
"016_4",1.22881185488643,15.7215673023262,45.970583138655,2.75503348319702,3.82800169493792
"003_1",1.80519205766696,14.7308355663666,44.910700030196,2.68994295434884,3.80467607437955
"023_6",3.48448584378162,105.278924404152,46.0936286480411,4.6566132509989,3.83067473325026
"043_3",1.98893854295462,17.4021442026693,49.0790412156806,2.85659342866675,3.89343208451907
"008_1",2.17626943525268,17.4094344560157,53.3734834543157,2.85701226939353,3.97731405811123
"009_6",2.02412054010039,53.1011631144463,47.0227549012085,3.97219883223486,3.85063163138302
"010_4",1.52001800111519,18.2921183405923,48.0375146515955,2.90647027530212,3.8719822608942
"010_5",1.37720447726507,17.8470696337988,46.0435301190134,2.88183932857517,3.82958725595803
"011_4",2.07988004811835,70.1682116719279,47.3726765695423,4.25089538328927,3.85804561881295
"058_4",2.71584597197236,15.1424216795861,48.9078431455464,2.7175001876348,3.88993777514395
"058_3",2.73648301378471,16.7581602771491,54.3465574589543,2.8188853203624,3.99538127133951
"080_1",3.17090222325982,15.8199178950276,46.7349200705125,2.76126977237835,3.84449163836268
"002_4",2.01323851532394,17.66105335759,47.7953593992398,2.87136183991968,3.86692855108657
"007_3",2.13728361568622,17.2440870486328,47.944841035085,2.84746930492555,3.870051205032
"008_2",2.43613887471912,17.3356756850871,59.0236595681009,2.85276655646141,4.07793837315168
"014_5",1.04838793509817,19.0322240766023,47.1448929536606,2.94613354660738,3.85322568833834
"011_2",1.22127686438254,70.8195816310311,63.5313896109439,4.26013553916887,4.15153410834229
"051_5",3.02128062928723,17.2627111830562,48.5641046215359,2.84854875229164,3.88288466998169
"048_3",1.99064839162561,17.0076930105868,46.3777020920625,2.8336657717299,3.83681878536631
"005_5",1.95733716992998,15.5677444960809,46.5227341342402,2.74520111318672,3.83994109923035
"004_2",1.69044962215076,17.350467001545,47.318599159465,2.85361942254619,3.85690343511039
"022_1",1.158786184461,15.7146682075376,45.8157169963074,2.75459455692054,3.82462719811044
"031_4",2.08380068581416,15.1104669046901,46.6427356878181,2.71538767618382,3.84251719572126
"037_3",2.23194269114958,15.4515046363433,45.8771848800794,2.73770638606749,3.82596793205433
"043_1",1.63373123524563,15.0210947323179,48.3006337888083,2.70945552865457,3.87744468249393
"042_2",2.18273454458711,16.2135339453357,47.743689247817,2.78584632218643,3.86584689584314
"041_3",1.36051217900706,16.7315354275358,45.68506874307,2.81729528768742,3.82177152116807
"005_4",2.03579507475924,14.4046466150029,45.1836530848522,2.66755083612887,3.8107353640096
"015_4",0.763023792306341,15.2282890098915,45.2370974038453,2.72315481718777,3.81191748923921
"037_2",2.31016527031234,15.9974982357477,45.2728792032619,2.77243234974847,3.81270816011599
"069_2",1.95002335719885,237.572368646819,99.2149600592263,5.47047228715188,4.59728880996924
"124_4",3.82310957069673,17.7167406731562,42.9644884524007,2.87450999333537,3.76037392454746
"079_1",2.46726601191219,17.1846888959993,50.5665985456065,2.84401880690833,3.92329125053201
"073_4",2.80571424835542,16.4785907682391,43.4848636879977,2.80206200918902,3.77241291634664
"065_1",1.87481610769647,15.6974900606686,44.8412448075339,2.75350083082667,3.80312835891439
"064_5",2.01127719624506,17.0346299199037,46.2611942611369,2.83524832618682,3.83430347275058
"066_6",2.80350118145516,55.0432595987273,44.9436500707133,4.00811941423211,3.80540948443609
"067_5",3.51272410798493,14.8808973248391,52.8966729477662,2.70007833167538,3.96834044364946
"058_6",3.75145205803453,51.2300750683981,49.1791186544222,3.9363267632711,3.89546911581458
"057_3",2.44496007643596,16.4840804937492,41.7122101737023,2.80239509660886,3.73079389586522
"056_2",1.91431687927052,15.7475651996948,46.2916054716975,2.75668576282573,3.83496063734728
"055_6",2.36398484012087,47.0109606442107,45.5249624089449,3.85038077971793,3.81826079988999
"051_6",2.97241299352531,56.3695782083432,48.8195907611608,4.03192961950993,3.88813168232339
"050_3",2.61666563930036,16.4258094617158,49.4526058870825,2.79885384545259,3.90101475409346
"049_5",2.50389261717762,16.855959302669,47.6144943599226,2.82470426208684,3.86313721824536
"077_1",2.63830265940626,17.4050193636625,119.333594020233,2.85675863379726,4.78192288225729
"076_2",2.49320894168436,116.413244842146,90.3373262810069,4.75714631612771,4.50355073360746
"071_4",2.04531891950411,16.0881610611907,44.9602079658283,2.77808366368271,3.80577783114921
"108_1",2.64939274121846,15.1618429236868,46.4620796845757,2.71878193771281,3.83863648924564
"107_1",2.16039289916316,18.4137073938151,41.1734914100229,2.91309535431989,3.71779463689882
"106_2",1.79056848016642,17.1084633593727,41.7723888888952,2.83957327436618,3.73223556837228
"099_2",2.15233069585414,16.5635778459482,46.6944734319982,2.8072061791202,3.84362581574466
"098_6",2.7145064853127,49.1364649210994,41.9858129134066,3.89460142557774,3.73733177344419
"093_1",3.0337413232256,15.7937165308556,45.6200893168645,2.75961217301358,3.82034817469879
"086_1",2.55220084622767,16.2631044720729,45.5468752985595,2.78889901283719,3.81874202197992
"085_6",2.78779034160975,50.2509204137983,46.5851530780872,3.91702886346394,3.84128188689221
"089_1",2.92149024929787,18.1975105521549,96.182426810029,2.90128480187849,4.5662466674924
"090_2",2.27219876368597,16.5683982950413,98.8185357518033,2.80749716382372,4.59328519598141
"096_1",0.878741081585633,16.6468030821455,47.1133166755522,2.81221819091239,3.85255569302624
"103_2",1.3403260751186,16.3024742056298,42.0303401534508,2.79131688804994,3.73839174209517
"112_3",3.12786747804247,17.2746873186559,42.3447243727434,2.8492422692674,3.74584384126614
"111_5",3.12270466262035,17.6126428939535,41.2224683368955,2.86861699040429,3.71898345569021
"110_6",3.21593310236322,43.3491216515037,42.9877710853832,3.76928644123359,3.76091568188292
"141_6",2.18212649129842,258.864332163677,135.772999513335,5.55630411042118,4.91098436997576
"050_4",2.19728879224907,16.0134536884457,47.1721876742878,2.77342922444668,3.85380447473011
"048_2",1.18677271558376,17.496823485971,46.2116427007029,2.86201934936624,3.83323177284811
"065_6",2.99400679578994,52.6885530898064,47.8934442208843,3.96439822303196,3.86897863118553
"066_4",2.84298513403898,16.1710627387477,48.1309157112093,2.78322339429564,3.87392470892271
"071_2",1.71264006356295,17.0949666977703,46.6128732125291,2.83878407502094,3.84187675217772
"081_2",3.15096804118174,15.7101399354554,45.953915943809,2.75430635964068,3.8276390670162
"084_1",2.12452942576836,16.0881066955341,128.229242081449,2.77808028444327,4.85381961583552
"080_4",3.54314467519734,17.1005401648481,47.6888934502579,2.83911005159731,3.86469852906878
"143_5",2.08020746482297,14.4090626951607,46.0201638100443,2.66785736245249,3.82907964414118
"139_6",3.55995913723921,39.6100332684896,46.2054353190725,3.67908245153475,3.83309743876673
"132_2",3.30683790095518,17.4315721514597,44.2595089328668,2.85828305348267,3.79007023950638
"123_1",3.37086394002428,17.7690248959315,47.2510744666062,2.87745676704989,3.85547539371519
"125_4",4.20062503283191,17.0567894079862,51.4775675111546,2.83654833021365,3.94114613046848
"117_1",2.99159141678329,18.2553986832502,43.9282222916343,2.90446085454319,3.78255699032696
"118_5",3.72450644289943,15.5364645274686,47.6347737133394,2.74318981117075,3.86356303471898
"119_5",3.62075686541313,14.9013040861647,42.286179289987,2.70144873168292,3.74446030193095
"116_1",2.65027316251189,15.3749514912937,116.895071873892,2.7327396586498,4.76127671082201
"105_5",1.59392455543543,16.5909201796076,90.3605387754035,2.80885556858386,4.50380765412523
"123_2",3.48006421282065,16.7531411721502,46.8681157525246,2.8185857733547,3.84733760955887
"106_1",1.97219368427669,16.1313222034769,41.6206432110619,2.78076286047489,3.72859627522046
"092_1",2.71004717494193,17.3435040106346,45.0454937680173,2.85321802767551,3.80767295170427
"096_2",1.271662697926,16.2104997928433,47.1892805333996,2.78565916765003,3.8541667594555
"103_3",1.07158674192319,16.9892314430648,42.6693132343039,2.83257969881987,3.75348000225679
"104_3",0.773214064371535,16.7659170715566,41.9005432020806,2.81934807997634,3.73529879109419
"104_5",1.40840707402439,16.784817005345,42.8771747968601,2.82047472809941,3.7583396283247
"108_4",3.13605407172666,15.3982599940049,43.6943175735259,2.73425451563375,3.77721806100414
"107_6",2.77346125115017,47.9066743420452,43.0839252394316,3.86925483379244,3.7631499632589
"101_4",3.35259034358126,16.1611148822117,46.3659835968884,2.78260804094911,3.83656607823807
"098_2",1.93852268833626,16.0169091117677,43.4391237571632,2.77364498368468,3.77136050408621
"097_6",2.08476825766391,91.6621942733777,79.10204360838,4.51811001806323,4.37073871019689
"105_6",2.01728204847246,49.7347146197135,87.5228548646282,3.90670317257069,4.47189995771009
"103_1",1.09247804840811,16.5749153779904,42.9151687401145,2.80789043065862,3.75922534712364
"113_6",4.0402984918029,49.222408696146,68.0573887052719,3.89634898111103,4.22035130079736
"112_2",2.926633367354,18.6565078202684,44.0523922610362,2.92619503000926,3.7853796587631
"111_2",2.70909939693832,18.2064670540062,42.1675161047606,2.90177686360476,3.74165016407349
"110_1",2.38550380812452,18.260162731992,44.7400151359173,2.90472178706534,3.80086829437032
"119_6",3.77763773793857,60.5133831028253,42.0775666034156,4.10286454888501,3.73951473889176
"117_4",2.84761318350303,17.0214135616154,44.9567702862664,2.8344721726704,3.80570136773528
"118_1",3.15239638362862,17.5393752128372,47.1429675420577,2.86444836560477,3.85318484720369
"131_6",3.71844558025707,62.3685828838115,45.6638349779454,4.13306166916096,3.82130662745524
"130_6",3.34080327864682,68.7885455413979,43.7163113060716,4.23103724185456,3.77772128889054
"132_4",3.38711588796797,16.5407965608299,43.7877328168881,2.80582984809914,3.77935370548094
"139_3",3.83892381054717,18.392535240119,43.7800705464481,2.91194488882728,3.77917870347871
"137_6",2.71871487028852,34.4752272290625,45.2584043143266,3.54024101478346,3.81238838360347
"144_6",2.84130471121752,48.6818320994291,43.9214363831604,3.88530590297869,3.78240250120111
"143_6",2.02848012694176,50.5244443996013,43.4430303075941,3.92245726668496,3.77145043165478
"142_6",2.68644549152669,58.9188125417781,40.2494865761142,4.0761604376537,3.69509724791028
"116_3",2.13185119138707,15.7217763714061,120.00453353523,2.75504678134254,4.78752952152867
"124_5",4.24616957037509,20.3995711411002,42.2741565856164,3.01551387813411,3.74417594392014
"101_2",3.39466290962404,16.3757700806667,45.6867612711438,2.79580280824251,3.82180856821142
"100_3",2.51489231142223,16.4258544496108,44.7805182138991,2.7988565843029,3.80177318354445
"092_4",2.99162737085481,18.8875326961666,46.4034876549822,2.93850205869817,3.83737462138553
"099_1",2.72909013407194,15.7520105960107,44.8110018839947,2.75696801401376,3.8024536870394
"099_4",2.77675548094884,15.5914910152358,46.8379470416449,2.74672531770346,3.8466937085983
"090_4",1.22507863941503,17.9294606192762,44.6401632585561,2.88644520458096,3.79863397529209
"089_4",2.1098238853045,65.8052433001922,44.3402887315331,4.18669952056981,3.7918937159291
"091_6",3.18907296107621,56.5484362831819,42.1267572818628,4.03509755024668,3.74068310369236
"096_3",1.32407000067494,16.062656878716,48.246062018092,2.77649712937605,3.87631420824886
"095_6",1.68253099294636,103.449140250158,50.6386238317967,4.63908009338039,3.92471460194922
"087_2",3.20514053449771,16.6855167496814,46.372788300507,2.81454108263663,3.83671282815704
"086_5",2.83499475531081,14.5048311184031,42.2787962143568,2.67448177451373,3.74428568884545
"093_6",3.5028667669415,51.8402856870001,45.6525818245675,3.94816756296634,3.82106016238731
"080_5",4.00323767482603,15.6264383055531,44.5733404048685,2.74896424294138,3.79713593153323
"084_2",2.08558555307988,18.6223560497178,127.992714123175,2.92436279712664,4.85197334138687
"083_3",2.90672102533499,71.9220123134697,45.2451011340267,4.27558236965889,3.8120944020537
"125_1",4.10095679070881,17.6886734339867,52.5868653326801,2.87292451576044,3.96246638005712
"125_2",3.88103485834391,19.0876586315626,50.9493788416822,2.94904198126661,3.93083256806708
"131_5",3.83314070317806,14.8066271638994,45.2690881442632,2.69507486189047,3.81262441863982
"138_6",2.39461027475727,38.9192530851058,44.9725465342999,3.66148906610349,3.80605222658206
"137_5",2.7795791478879,20.4324910625293,41.2082991857455,3.0171263329936,3.71863967261708
"144_5",2.23642448581792,16.8975288806173,45.6484228425941,2.82716739115601,3.8209690575415
"142_5",2.62353739606296,18.3036100517091,48.0724832979688,2.90709831097729,3.87270994060833
"143_4",2.09152792463745,15.5598225198597,43.8922216632307,2.74469211250651,3.78173712131244
"044_5",2.5276180033812,18.2399761278526,50.4582213525661,2.90361567586532,3.92114569393067
"043_6",3.0020061246043,74.1346274599975,49.6175670822384,4.30588273030052,3.90434494607084
"041_1",1.36073571927499,16.7364288706942,51.3546632729607,2.81758771319317,3.93875574574612
"138_5",2.45090938628367,17.4768169554016,43.8599322071509,2.86087525727293,3.78100119732395
"095_5",1.71578501510034,15.9279628900664,49.6973340537762,2.76807623690398,3.90595129089478
"100_4",2.56234310975096,17.8967757044235,44.9999612721928,2.88462056837717,3.80666162915201
"085_1",2.08320295738052,15.0503336451663,45.7972085687909,2.71140016006319,3.82422314098304
"077_2",2.09338491368321,16.7415518684539,107.340430938809,2.81789376497328,4.67600538144911
"076_1",2.2778822631515,17.1383855502234,97.8982367997173,2.84132071679767,4.58392853915689
"065_4",2.13987514614961,16.7727689638087,47.3945772864112,2.81975667632625,3.85850781891621
"058_5",3.07712018713764,19.9577041955962,49.815808778393,2.99361524400727,3.90833237900475
"057_4",2.59803843006414,14.7001855691241,44.2635145656937,2.68786011745495,3.79016073873859
"055_5",1.63113255882295,19.9948295337409,46.7921424731901,2.99547371681812,3.8457152929555
"050_6",2.80737767971129,56.7890367035672,47.470681339924,4.0393432913149,3.86011228552371
"049_4",1.78668287068837,17.0987437693164,47.6661188428236,2.83900499702735,3.86422084871786
"079_2",2.64115022658333,17.5075436872648,46.6495318664072,2.86263185589012,3.84266289222494
"074_3",1.99049569807777,16.0571609183315,44.4820153862713,2.77615491321077,3.79508495885901
"073_5",2.49275996047787,15.8660877769939,44.3441773104693,2.76418398726044,3.79198141063173
"072_4",2.40723853508745,16.1726746792734,47.6174494490035,2.78332306988391,3.86319927912459
"067_4",2.87769352036361,16.0419362621813,49.4070162542455,2.77520630975278,3.90009244354682
"064_4",1.6529321260596,17.0068300213313,47.533157648749,2.83361502933055,3.86142752327613
"071_5",2.17698764778563,17.3756723971818,45.4111345425166,2.85507108982044,3.81575732921785
"066_5",2.49454101845061,15.8796305812611,44.9133891032481,2.76503719240363,3.80473594858654
"042_6",2.21544141087024,69.7943160803932,47.7714179464869,4.24555257493961,3.86642750974315
"041_4",1.67280642274289,17.4466625934618,44.7201249486177,2.85914837496778,3.80042362286391
"085_5",2.12075758994892,16.9689240810433,49.1877312447818,2.83138367600127,3.89564422745819
"109_4",4.10521500973776,14.700995272976,46.5130860835008,2.68791519713739,3.83973369415236
"047_1",2.56484919960649,16.4427501488319,120.506379767927,2.79988465962984,4.79170269566139
"007_1",2.32179907261141,16.5353608608756,60.6067814883653,2.80550117025825,4.10440679256289
"010_6",2.03005277280154,17.314504333353,47.0820694576256,2.85154455101397,3.85189223762029
"005_1",2.96939747776251,15.3870928481353,44.8650954753541,2.73352903125053,3.80366010880647
"004_3",1.56120294370458,13.4995832965303,47.4039677559257,2.60265881804431,3.85870593312864
"003_2",1.6163121294518,17.0804642830794,46.6096180044465,2.83793537084106,3.8418069147803
"017_1",2.50307545679853,16.6839847676995,46.2750777048855,2.81444926334576,3.83460353765611
"017_6",3.33814494117358,125.116934627737,45.0220809474775,4.82924877703826,3.80715305714419
"016_1",1.50759173342374,15.5560160396233,45.7484008485305,2.74444744738215,3.82315683698014
"023_1",1.84583523346415,15.9181382545876,44.2791539177723,2.76745922977046,3.79051400010983
"022_5",2.48171124378931,15.8784292404563,45.8692442853066,2.7649615365977,3.82579483333289
"021_5",2.10019512171171,16.0393768008213,46.1441508525552,2.77504674886695,3.83177021082659
"031_5",2.56820684044669,16.377326613161,46.1811717720299,2.79589785467492,3.83257217761981
"037_4",2.826040315636,15.6089242004623,45.3459636202427,2.74784281482138,3.81432116753365
"044_6",3.31482283339395,75.6291599439739,48.0352242838008,4.32584192236177,3.87193458102538
"041_6",3.4016887575159,119.57406030808,46.8849645809943,4.78393593093694,3.84769703942701
"042_5",2.02838989371105,16.459274623114,46.6376067154391,2.80088912520823,3.84240722673419
"010_1",3.11161405637778,18.144034474104,96.1274551892952,2.89834182757131,4.56567496913078
"009_1",2.95387871242634,17.5971633454498,106.858380195043,2.86773771550027,4.6715044082175
"001_1",2.74598397976002,17.0782759548538,107.383452461051,2.83780724385433,4.67640609628471
"013_4",3.76577510536263,52.4510367632814,46.6171747170805,3.9598801013444,3.84196902939199
"004_4",1.68837424072104,15.5794724842249,46.9010540221513,2.74595418134724,3.84804014901956
"003_3",1.73286795139986,15.4166359736786,44.2540213401349,2.73544718439182,3.78994624506797
"023_2",1.94665659867912,15.1104385500232,44.4726478373766,2.71538579969028,3.79487434485431
"021_4",1.11910364232098,15.6861814436937,46.109724274854,2.75278016196147,3.83102386647517
"031_6",3.47909301382597,91.5773634693832,45.2537258203742,4.5171841174433,3.81228500532811
"036_2",1.8559387158815,15.0422961108403,44.2526579225978,2.71086597381345,3.78991543569745
"055_4",1.71113219559152,14.8811931425765,47.857250341244,2.7000982105033,3.86822262870367
"049_3",1.34526262381741,16.2659842998165,45.4460838870845,2.78907607452934,3.81652665381078
"051_2",2.53547925725538,14.9673693799926,48.0667807052762,2.7058724568705,3.87259130868914
"057_6",2.55972028728492,51.2314312445999,46.6547183829077,3.93635323518725,3.84277406650675
"064_3",1.66286359107391,16.2306894074763,46.4526271359659,2.78690385797965,3.83843302202358
"073_6",3.12009680758137,69.6571750772955,43.9918140176388,4.24358571110516,3.78400357155607
"067_1",3.2598736795165,15.8359080573465,46.820658443262,2.76228002330044,3.84632452525439
"013_3",2.72140488203652,16.5141224293026,47.5568043111813,2.80421591963511,3.8619248767808
"047_2",1.89317242964178,17.4630775080223,122.145205492436,2.86008879536178,4.80521054595049
"046_1",2.35271402974063,16.5847471751929,121.601316071638,2.80848342809789,4.80074779243105
"026_1",1.92456779733178,16.1271681688411,166.050666628054,2.78050531372606,5.11229296243712
"112_4",3.34968069768802,15.9995700346903,41.6255375587893,2.77256184904685,3.72871386254249
"119_4",3.85096686210304,14.3666244376757,42.5007190872183,2.66490776906435,3.74952099548649
"118_4",3.91554579106041,15.7344625988324,47.7641812698837,2.75585337669719,3.86627601277916
"131_2",3.22862958062763,17.3625560817704,45.4815522300558,2.85431593812682,3.81730679824838
"130_2",2.76818607790047,16.877840343589,40.319998834,2.82600153925206,3.69684759484446
"138_4",2.40684171982162,19.2902375566913,43.7932584238481,2.9595991418595,3.77947988827218
"137_3",2.39758444659863,15.8387793802524,44.9346563560893,2.76246132408956,3.80520935350324
"137_4",2.31030076035918,17.8559279998236,46.7329125557841,2.88233555392283,3.84444868209265
"036_1",1.88739948766453,16.8929494510934,44.8598940841237,2.82689634263714,3.8035441680577
"047_5",2.06073504381494,16.9706416818364,46.4679996257947,2.83148489124996,3.83876389559826
"026_2",1.77780549777121,123.76082979033,161.030379231569,4.81835091107693,5.08159303806389
"069_1",2.63395758854058,16.3242548338153,93.2882255931817,2.7926520284126,4.53569390045949
"072_3",2.44769599996726,17.1032473962796,47.8575155195984,2.83926835169389,3.86822816971612
"074_4",2.91354504276426,16.4448537951959,45.5226436546518,2.80001258906917,3.81820986490347
"076_4",2.66423868413742,113.935808248008,45.6032000012159,4.73563520425851,3.81997788952342
"077_4",2.48750792225757,16.9698194595159,45.9058951108637,2.83143644038671,3.82659354260747
"081_6",4.13109622292007,52.9489792065117,47.4536304163265,3.96932879341988,3.85975303248378
"084_3",1.31462561154314,34.4272606243626,44.8422837344565,3.53884871055925,3.8031515276487
"065_3",1.97897014581345,16.7604574482563,46.3454319104017,2.81902238873017,3.83612273074497
"088_6",4.07801856267977,54.4861222293386,74.9092839301156,3.99794603124965,4.31627783384476
"089_3",1.33241854270339,14.7823186101071,46.7758028472763,2.69343177805459,3.845366036038
"109_3",3.94729342344407,17.0358663088429,47.415926859865,2.83532090446284,3.85895818196421
"096_4",1.84744733590487,15.9781633412692,46.6457552161059,2.77122299889339,3.84258193100125
"095_4",1.51325056717996,14.8423330122698,48.2505535381609,2.69748343645227,3.87640730001268
"105_3",1.59284326975493,16.6890717038102,99.6452173545886,2.81475411622338,4.6016160510724
"105_2",1.60899542056081,16.5888810115929,99.9196832418004,2.80873265235507,4.60436669569421
"099_3",2.68383177829866,16.2390187568034,46.9062992865709,2.78741691152898,3.84815197957953
"092_3",2.57447265900579,14.2947033008419,47.0253514799867,2.65988907010885,3.85068684948105
"090_3",1.66774125840001,17.3055852191961,45.4338470652753,2.85102929444072,3.81625735734995
"047_6",1.9911453862816,17.4076805251947,45.937975996987,2.85691151832192,3.82729213875854
"122_5",2.20957647681871,15.652771077322,182.200574356826,2.75064796695547,5.20510813716351
"122_6",2.58837597438661,203.705945259326,183.487534235478,5.31667750915602,5.21214673186541
"139_2",2.87781918710146,16.3392842953511,45.5026181970136,2.79357228769847,3.81776986709289
"138_2",2.03008319371197,16.559918171361,44.4519630944302,2.80698520760197,3.79440912508887
"131_1",2.69441666100593,18.0751599078745,44.9967197514714,2.89453861491438,3.80658959270165
"130_1",1.98444327125363,15.9147890090634,40.5348354638058,2.7672488032829,3.70216173931723
"123_4",3.96469166308844,16.0624588748468,43.9816156284223,2.77648480233134,3.78377171997763
"124_2",3.67464776423868,16.0045517838705,41.1212875327616,2.77287316827308,3.71652593225111
"100_6",3.37196211395935,51.1250657876407,45.1151094938303,3.93427490116196,3.80921721243743
"098_1",2.45007028411067,17.4339086179777,43.7975755852646,2.85841708097749,3.77957846391583
"109_2",3.11557572043042,15.8324712706624,43.8711327702755,2.76206297482682,3.78125653591327
"108_3",3.306016822743,16.7339998405192,44.0525492184766,2.81744256834306,3.78538322172876
"107_5",3.03339172147097,16.0355044233061,42.0228680140336,2.77480529029337,3.73821394663442
"105_1",1.90512749423274,15.5810039360207,102.728084731688,2.74605247585188,4.63208554334453
"143_3",1.25410921429177,15.2674598723028,47.6251039786004,2.72572375780338,3.86336001672218
"137_2",1.72126835246837,16.2675329129532,43.0874322686525,2.7891712756186,3.76323135989287
"138_1",2.03876821302976,18.0927735361585,46.1213653366199,2.89551260640348,3.8312762989657
"139_5",3.93519496025277,17.0953359857455,49.2955286883292,2.83880567693413,3.89783338095842
"132_3",3.00984745220725,16.0582673591366,45.7400838648129,2.77622381721516,3.82297502210439
"124_3",3.31029233893802,16.669638709513,42.8139974719162,2.81358902343324,3.75686509285696
"125_3",4.12732240976822,15.9010822656873,50.8267655832096,2.76638717393409,3.92842309739033
"122_4",2.81288008016319,14.9403126136717,182.032255950079,2.70406310409564,5.20418390186827
"119_2",3.73342407778438,15.382468585656,44.1967379197607,2.73322845741726,3.78865098363975
"118_2",3.70307812626398,15.3540422623094,46.9192433576776,2.73137877892956,3.84842789743354
"117_5",2.75224117540099,16.5012438280812,45.560114211114,2.80343576158541,3.81903264540451
"115_5",2.14572032232398,20.0938060797258,42.7847200089743,3.00041161233792,3.7561810297087
"116_5",2.05454925848628,15.1603624618845,130.069766171764,2.71868428902369,4.86807096936329
"110_2",2.27841137126673,15.4992317026776,43.3699759108484,2.7407904551275,3.7697674024136
"111_6",3.15087566747461,46.9238750231368,40.5582209937083,3.84852660825097,3.70273849721914
"112_5",2.91526646993375,15.1633253898753,43.5548904164011,2.71887970905405,3.77402199128562
"113_5",3.4008489686987,14.7970039827608,80.0344762539287,2.69442472668038,4.38245749501434
"080_3",3.48630231899599,16.9385543261181,45.2451811402369,2.82959234473908,3.81209617033662
"080_6",5.2748644562865,49.9760762542038,46.9618609129382,3.91154441600657,3.84933580235262
"072_2",2.44496007643596,16.277043226541,46.855738679032,2.78975572408815,3.84707349166402
"081_4",3.59493497995512,16.2335338731632,45.4182167366364,2.78707909492708,3.81591327427381
"074_1",3.76161102203069,15.7753888937035,44.6450193618429,2.75845106065612,3.79874275265355
"116_2",2.01278513314268,17.497493651283,117.34339634849,2.86205765074583,4.76510464758616
"115_4",2.09062393804158,16.9209235880962,42.0831165345976,2.82855093827322,3.73964662782096
"122_3",1.87666349693063,14.5757711521661,182.155665748759,2.67936064007644,5.20486162782265
"137_1",1.60528399071245,18.5792553793391,43.9843100860276,2.92204565612077,3.78383298137138
"086_2",2.59952113466011,16.8674112005878,46.4457449146202,2.82538342897841,3.83828485535055
"085_2",2.25948406350601,15.3956619060781,46.0749951153402,2.73408577532575,3.83027039754048
"092_2",2.31766245999864,17.4777536236533,45.8622316079661,2.86092885073646,3.82564193756215
"095_3",1.5581071373075,15.4900167316361,47.7080039599051,2.74019573458546,3.86509918171938
"087_3",3.61999652707625,16.834291917499,43.8210889120124,2.82341799158587,3.78011518351655
"100_5",3.47691829916147,17.4706778621043,45.2759276168297,2.86052392488744,3.81277549205942
"091_5",2.81013319557423,17.7528261189604,42.6507334181269,2.87654472121719,3.75304446999445
"093_5",2.85883887104242,16.8954869215477,45.5199559803428,2.82704654020361,3.81815082277769
"071_6",3.05463994301078,92.0903114420852,45.7499351378197,4.5227697416592,3.82319037396795
"109_1",3.47854758824559,19.4254116570375,43.960015810727,2.96658208815465,3.78328048919703
"138_3",2.27460943301029,16.9120122494611,46.4128538124077,2.8280241534335,3.83757644268788
"144_1",2.14944468987427,19.9432124621949,46.8691880172117,2.99288885798648,3.84736048763716
"047_3",2.10030235728227,16.8546191364274,44.4196736662812,2.82462475195652,3.79368247189002
"046_2",3.42679179923843,449.470374868352,120.692300809123,6.108069944884,4.79324433824064
"014_1",2.80267967016687,16.8661953270744,99.1024789914489,2.82531134219973,4.59615445607301
"056_5",2.72370187140614,18.8116398774722,45.8298113119041,2.93447582066505,3.82493478138195
"056_6",2.85000468002794,49.6234555063357,45.6416588908097,3.90446361522499,3.82082087163415
"058_2",3.00388377557229,16.7063877310519,48.394395240034,2.81579114515405,3.87938400619141
"048_5",1.97853580388536,17.7547769765689,47.829472426578,2.87665460515417,3.8676420274532
"066_1",2.83080836502605,14.3593357769187,48.6860604721232,2.66440030746105,3.8853927565109
"044_3",2.75773036374823,15.190756840477,49.2171720349028,2.72068714028266,3.89624258770282
"042_4",3.09011610606664,17.3037649087588,48.4374426100269,2.85092410261064,3.88027312228761
"037_6",3.21310156429637,85.1978089309702,46.4277778965709,4.44497571673194,3.83789794166989
"035_1",1.39042543323653,15.8662466900731,44.5614488958417,2.76419400310591,3.79686911070625
"023_3",2.48546188605656,16.8877744457406,44.8432557946735,2.82658995456748,3.80317320472668
"016_2",1.69789258748601,14.9869065680959,45.1327767080531,2.70717692444685,3.80960873882529
"015_3",1.53000972833464,17.1540694463005,46.078490719937,2.84223543096277,3.83034626237764
"005_2",2.7757394118879,15.9564716029222,42.5420378414101,2.76986449006929,3.75049271274814
"016_3",1.46794981359092,16.6189230495402,44.3925783660569,2.81054198886451,3.79307230154877
"036_5",2.53343579376728,15.1624466273042,45.3626165353336,2.71882175421808,3.81468834151541
"035_2",1.65177103165648,16.6171640906573,43.967732554144,2.81043614253686,3.78345601384267
"042_1",3.14895349783993,16.8926029115234,41.9699295247201,2.8268758285685,3.73695339816182
"046_4",3.50425493495231,457.969685058224,45.2459950864077,6.12680299209434,3.81211415985128
"010_2",2.78551095856986,17.0219637593992,99.9072713975064,2.83450449600769,4.60424246976751
"011_1",1.42299776665105,18.2926830031216,60.2712660411156,2.9065011439967,4.09885547343188
"013_5",2.6318955943473,17.7728276883851,46.8032324496513,2.87767075659695,3.84595226997541
"013_6",2.94146397806312,52.6185860782242,47.6463344928105,3.9630694048259,3.86380570149198
"009_2",3.45499859209252,51.5016008934137,125.048015505734,3.94161289249556,4.82869778759142
"009_3",1.88484320067332,17.9232654063846,46.9840704706089,2.88609961228492,3.84980861810435
"001_3",2.52138383598032,18.2483795583253,47.0418903285409,2.90407628476168,3.85103848833867
"047_4",2.10912893963046,17.6734238954431,44.7916771667484,2.87206203640313,3.80202234463422
"014_2",2.43152040408422,18.3147836102686,98.4143094163461,2.90770858126983,4.58918621438344
"002_1",3.11744439634192,17.9617674038406,110.410430588432,2.88824546581855,4.70420460934773
"001_5",2.36870603491257,18.2379232740262,46.9239230481525,2.90350312257347,3.84852763171698
"004_1",2.43152040408422,15.982204327073,46.2949187478679,2.77147587369554,3.83503220880327
"004_5",1.802060233,16.1430425327189,45.4610647618009,2.7814891539188,3.81685624009909
"037_1",2.51882621938052,16.5456632031268,46.1811687346678,2.8061240253769,3.83257211184923
"041_5",2.15654498689314,16.0406196446782,46.4870485762015,2.77512423290655,3.83917374855497
"044_2",2.23037064073291,17.5787180307742,49.2263251317547,2.86668896757159,3.8964285440563
"017_3",2.04900863302878,15.9977310175602,47.1201282808949,2.7724469007811,3.85270026176948
"031_3",2.87584014683614,16.5258349365705,45.7439596480697,2.80492491012373,3.82305975345447
"035_3",1.34526262381741,16.7759543159594,45.0549522074921,2.81994657041752,3.80788290492719
"023_4",2.55072560082522,16.5350728747453,45.1011187560642,2.80548375372645,3.80890705232212
"043_4",2.84370303626423,15.5586694275303,48.1986163541667,2.74461800272434,3.87533031429943
"036_4",2.04317745411714,16.3949858025027,43.8806334640401,2.79697554433117,3.78147307158451
"015_6",2.80447602303405,114.387381938647,45.7345683058492,4.73959077512335,3.82285443003129
"055_3",1.83943289016374,15.7393538279938,49.2160525179879,2.75616418928721,3.89621984097437
"048_6",2.74160899577423,53.6109254579201,48.4842632672153,3.98175288047575,3.88123927657486
"050_1",2.20182728976405,16.6585300382256,49.0667868828511,2.81292239984627,3.89318236768177
"057_1",2.47334892647982,15.8694686508503,49.111883017417,2.76439705261991,3.89410102216718
"035_4",1.31768197394599,16.1096500891789,44.7118735992211,2.77941847685237,3.80023909496441
"002_2",1.87347663240373,16.665349827437,108.758169629804,2.81333170328477,4.68912679017988
"070_1",2.25678520955191,16.2818076863399,89.1646588860254,2.79004839165468,4.49048476024837
"087_4",3.35534117644151,16.8019991359471,45.8100688049552,2.82149787551705,3.82450390986118
"086_3",2.14126077993903,16.2914837679364,44.2418411497473,2.79064250305387,3.78967097365704
"085_3",2.02245558051066,15.4086739181247,46.8594175294588,2.73493059229533,3.84715200298658
"092_5",2.64112182554721,16.9227492011211,46.4373285190788,2.82865882331501,3.83810362974607
"103_5",1.6300682410988,17.6211399941447,43.1850735857061,2.86909931728829,3.76549491669528
"104_6",1.74153273507022,49.9285012961481,43.3889136557108,3.91059200796245,3.7702039627536
"049_2",1.42011000236294,17.0121823655589,45.928548436468,2.83392969715282,3.82708689401656
"067_3",2.57389889871939,19.3670813229735,50.5828101157317,2.96357478578534,3.92361179754219
"080_2",3.04982616521853,16.4475425953594,46.434074221933,2.8001760797518,3.83803354795445
"066_3",2.31734860385432,16.0388760859422,47.085225105709,2.77501553052841,3.85195925978757
"073_1",2.82404700664578,15.6679909756994,44.0151509969703,2.75161983983325,3.78453391548679
"122_1",1.21689727578281,14.9202462884043,182.791332074496,2.70271910190507,5.20834524036022
"122_2",1.43421330093221,15.896115409076,182.660879290878,2.76607476548209,5.20763131506383
"144_2",1.31148737732117,16.3260626506627,46.2121373815006,2.79276276649961,3.83324247746974
"144_3",1.4347390914122,15.2366102259656,40.1728053169077,2.7237010994004,3.69319028205195
"143_2",1.83738438280977,16.6113319045185,44.6383927137523,2.810085107317,3.79859431190854
"142_4",1.5166374327694,17.3354962486139,38.968817873227,2.85275620570237,3.66276178461357
"123_3",3.3780982663127,16.6087172543002,44.3408489603608,2.80992769332816,3.79190635060751
"118_3",3.4067972051356,15.9995598900868,47.6753304850059,2.77256121499188,3.86441408350243
"117_3",2.5276180033812,17.386623215592,44.6048798657394,2.85570112984395,3.79784326707077
"110_3",2.13319879154784,16.6093718176475,44.9201480821378,2.80996710338248,3.80488642643956
"111_1",2.51691144783428,18.7413530621244,42.0216549202035,2.93073247602479,3.73818507874897
"091_4",1.90577935975976,14.2209950438259,41.9909717956719,2.65471939687956,3.73745463793084
"100_1",2.17071484806767,15.9354154991218,46.7889172629451,2.76854402215263,3.84564636425871
"107_4",2.58510693417343,15.764284309554,41.6463244429053,2.75774689453894,3.72921311604897
"098_3",2.45053482926844,19.2321020364128,43.1656766179142,2.95658086389263,3.76504565671612
"096_5",2.43543617100275,16.3694806357165,47.1094773718075,2.79541866428943,3.85247419886581
"097_4",1.72670544646405,17.905935958919,80.4998139390129,2.88513227569038,4.38825487310524
"079_4",3.17783598092888,16.2530788722401,46.9096698130072,2.78828235988968,3.848223833582
"110_4",2.58301715475876,16.7473376340928,42.4152065386032,2.81823929841929,3.74750694271862
"111_4",2.5566591193783,17.0071692928695,42.6576979818824,2.83363497826599,3.75320774960601
"112_1",3.01903923895322,14.4296895457918,44.9035420325818,2.66928785805619,3.80451667877669
"117_6",3.09017321194761,98.5192661869529,49.3648752353233,4.59025212485831,3.89923914366881
"119_1",3.28223347292249,17.208276461571,43.980496954924,2.84539045771102,3.78374628462903
"124_6",4.49601002986681,150.566164326517,42.9449719985741,5.01440261765647,3.75991957518803
"123_5",3.41062191597819,15.3553570671215,44.3216490018385,2.73146440774951,3.79147324846706
"132_5",3.34149178170536,18.3893713890641,44.7780159760882,2.91177285581689,3.80171730416156
"139_1",2.79091493530375,18.1780611033741,43.9067063582192,2.9002154330824,3.78206707283796
"143_1",2.01295857457776,15.8935479352961,40.7535201810751,2.7659132366381,3.70754222076758
"142_1",2.30144625133826,14.2940277056328,42.4996972448344,2.65984180706601,3.74949695225404
"123_6",4.50828374486372,153.847937550343,45.8002347840132,5.03596469609056,3.8242892173955
"115_6",2.53488573907306,134.771563646414,42.8003498409449,4.90358122404673,3.7565462764082
"100_2",2.52664781828504,16.2387225960486,45.0080883775025,2.78739867376106,3.80684221534099
"107_3",2.47013197377102,15.6942029385369,42.082628470403,2.75329140458491,3.73963503012894
"103_4",1.96531224997534,17.072916534345,42.9608371772362,2.83749337952561,3.76028893737657
"108_5",3.74187255603609,16.5312632678297,44.4574755392764,2.80525333164908,3.79453312643087
"099_5",3.08057955291129,18.0533778339229,45.2136195214209,2.89333280488429,3.81139835829698
"098_4",2.89998412965527,16.3638480228835,43.6925767169099,2.79507451273996,3.77717821849388
"106_5",2.98691027637048,16.5382584802684,43.917644223472,2.80567639265349,3.78231615786362
"106_6",3.00905316621552,45.5846653138427,43.2068713721111,3.81957137298606,3.76599954214105
"096_6",2.86943316913391,92.767170114453,46.5977793280339,4.53009280688228,3.84155288609126
"087_6",3.25785331076045,52.8334421258136,49.2496995122179,3.96714436381077,3.89690326632472
"086_4",2.96998089925571,17.549475195546,41.3537241244955,2.86502404607707,3.7221624808845
"085_4",2.49370161111261,16.1199804958376,50.3050979089221,2.78005952714212,3.9181064220481
"092_6",3.00876160759313,54.5562553007835,46.7545800340474,3.99923237666332,3.84491221957881
"091_3",1.97077408293039,14.1478570486963,43.8354617226923,2.64956316729843,3.78044311818212
"101_6",4.20901922589505,54.1782807874251,47.0014094195504,3.99228010465525,3.85017758891045
"108_6",3.73119560552631,48.0846303386805,45.0110762160138,3.87296259047098,3.80690859761694
"097_2",1.98984210572046,17.8531985565973,78.8122431311034,2.88218268301868,4.36706835447927
"093_4",3.39618707162387,19.8106972079083,46.2529107774947,2.98622205483664,3.83412439770768
"125_6",4.41014495063987,139.249020174541,49.7695099825583,4.9362638423341,3.90740254718322
"081_1",3.94304731825278,16.4055761049536,47.2062900996768,2.79762128344069,3.8545271485362
"081_5",3.70844532991196,19.1605329925985,47.9264665125599,2.95285259014111,3.86966788862128
"079_3",3.05597127618849,15.6228129463869,45.6510526408792,2.74873221439431,3.821026665721
"073_2",3.00590552124349,17.2445974829711,45.5912695668634,2.84749890503035,3.8197162413231
"072_1",2.81036587632406,16.57205385714,48.3074536477094,2.80771777409764,3.8775858685808
"067_6",3.48819333765782,54.6360231506041,53.3949788029109,4.00069342986492,3.97771671163703
"056_1",1.78656977237314,15.538344774556,45.7097169249839,2.74331082540266,3.82231089947792
"101_5",4.25757354175726,17.3970488542118,47.1862001425964,2.85630058575596,3.85410147998286
"097_5",2.24715813601912,16.2693476013393,80.5523217359439,2.7892828221688,4.38890693274507
"005_3",2.82747720577528,15.5965457105024,44.7320300321844,2.74704946092256,3.80068980054603
"016_5",2.32897062811284,15.8684016021789,47.823327521011,2.76432981126671,3.86751354390481
"022_4",2.90482631617048,16.5261663992639,46.2610307243365,2.80494496716597,3.83429993766913
"022_3",2.10003780029456,14.435666529849,45.6253478316181,2.66970198661411,3.82046343558029
"021_3",2.77182236659694,15.6047416653633,45.713601609049,2.74757482097907,3.82239588182443
"037_5",2.27403648521012,16.0411903281068,45.1890851857029,2.77515980966666,3.81085557948522
"044_4",2.628979929522,16.5155140995065,49.8716117279883,2.80430018760478,3.90945193762389
"013_1",3.12388174899268,17.4635624251657,97.5740194621076,2.86011656311409,4.58061126394734
"013_2",2.83502614025531,53.8787361814098,98.448445801362,3.98673589509427,4.5895330182806
"046_3",2.75378232368906,16.9111498617226,46.030178745611,2.8279731595178,3.82929724106321
"026_4",2.40457719025843,136.760412665304,44.7684052601505,4.91823058220808,3.80150265089364
"009_4",2.18001735221848,52.39048355956,47.2765538243613,3.95872496337486,3.85601448178569
"058_1",2.82947763637361,15.5532053384821,48.270798217026,2.74426674847524,3.87682678603922
"057_5",3.20939174499426,18.6960482362227,47.7573879839582,2.92831217726226,3.86613377713563
"065_2",2.52303830044535,16.1058931133482,47.2853782736529,2.77918523690207,3.85620112030125
"017_4",2.70909939693832,15.6736711311551,46.610338772175,2.75198230660342,3.84182237858769
"016_6",2.52017534412102,119.601591784403,46.5906953722062,4.7841661506621,3.84140085107054
"015_5",2.62280233164433,19.0663963415856,45.8095746868758,2.94792743172827,3.82449312356993
"022_6",3.13322261374189,100.02683675921,44.6524249618307,4.60543851757605,3.79890861630308
"023_5",3.23399405019267,14.9973226373278,46.6238020469695,2.70787169432601,3.84211118427132
"021_6",2.49914587681683,103.538970844174,46.0246746587905,4.63994807173123,3.8291776583009
"036_6",3.24019098410696,104.818188337066,44.0985524559958,4.65222730966299,3.786426957787
"035_5",2.86977654004223,16.1732890414919,43.4542017093436,2.78336105683177,3.77170754920736
"042_3",2.4150141678783,16.4842926620566,46.7609421241336,2.8024079676296,3.84504828447903
"002_3",1.68078510224601,16.4415879018857,46.8852653857813,2.79981397266969,3.84770345521136
"010_3",1.93838061615381,17.5864733403866,48.2179523582651,2.86713004634499,3.87573140727786
"014_3",2.27339482978152,18.9603599952217,46.9208549194879,2.94235048373637,3.84846224440973
"014_4",2.32164063932213,17.2257002019045,46.7713612579438,2.84640246640179,3.84527107667973
"009_5",2.51453907803344,17.5178174692611,47.407715683718,2.86321850407599,3.85878499359162
"070_2",2.99198119828153,18.6191670211838,88.9633831221074,2.92419153514384,4.48822485947911
"002_4",1.923465284546,17.66105335759,47.7953593992398,2.87136183991968,3.86692855108657
"007_5",2.25513695257655,17.1489408200543,48.0852995118439,2.84193641194114,3.87297650694496
"023_6",3.59633493104677,105.278924404152,46.0936286480411,4.6566132509989,3.83067473325026
"031_1",2.37916813374767,16.1054128657159,44.7757459220568,2.7791554183264,3.80166660715043
"035_6",3.07373443919853,204.265613162828,45.0707721647171,5.31942117225229,3.80823396912107
"043_5",2.96969206969677,16.9089607283298,48.4623371495895,2.82784370202298,3.88078694265278
"042_2",2.55415862938626,16.2135339453357,47.743689247817,2.78584632218643,3.86584689584314
"051_4",1.51831853350862,16.6355184462813,47.5188177764617,2.81154007497705,3.86112579630345
"049_1",2.03356454084095,16.4863566829348,45.964084016391,2.80253317116195,3.82786030926751
"050_2",2.94347773977645,16.6184191234557,49.6878182090062,2.81051166597756,3.90575979660046
"058_6",3.84907095260148,51.2300750683981,49.1791186544222,3.9363267632711,3.89546911581458
"056_3",2.20083588030733,15.7117063154675,46.5468959200863,2.75440605970292,3.84046031879477
"067_2",3.17681576911659,19.2008198201128,48.1374806555888,2.95495297708637,3.87406109728353
"065_5",2.83426783942546,17.1070229544955,47.7866953688596,2.83948907828813,3.86674726119016
"066_2",2.85092174610996,15.5302437431085,49.2571315771671,2.74278933202188,3.89705416073237
"079_6",3.6983230677177,49.3655355341194,48.1326328329622,3.89925251946237,3.87396038435291
"073_3",2.99968853864933,15.7704240267375,44.6863939590281,2.75813628880227,3.79966906958072
"072_6",3.11693422159819,77.6241301524787,46.0129826509698,4.35187833442569,3.82892358821209
"093_2",3.4054070466518,16.5016325145017,43.5445392893183,2.8034593162851,3.77378430598351
"093_3",3.02715753383251,18.8805604305803,42.4107507829286,2.93813284409991,3.74740188629912
"091_2",2.19284958528065,15.5844505081623,42.8849528403032,2.74627365486031,3.75852101476364
"087_1",2.90036583765752,15.9719050622504,45.7844061605464,2.77083124517194,3.82394355630077
"086_6",3.09919080391621,53.8392378977584,43.0483117987234,3.98600253029124,3.76232301520873
"081_3",3.55003216836952,15.4673689632014,46.1707330229691,2.73873257663677,3.83234611300038
"080_1",3.51773566513034,15.8199178950276,46.7349200705125,2.76126977237835,3.84449163836268
"079_5",3.51773566513034,15.7250016304379,48.2318594228898,2.75525190627094,3.87601978658031
"074_2",3.03878129729066,15.6465923803861,43.6558576365062,2.75025315400507,3.77633746884934
"071_3",2.61925565697427,18.3840317488689,45.2555566837687,2.91148244808864,3.81232546224797
"064_1",1.91421387905177,15.354766007944,49.5890809665912,2.73142591495831,3.90377066769352
"056_4",1.96775014064426,16.4342806802667,46.8118030804668,2.79936943860537,3.84613537369996
"050_5",2.42416070574484,16.5214753527923,46.3960409141701,2.80466107117495,3.83721413046617
"051_3",2.55826731225448,16.7256724235934,47.457686432391,2.81694480990526,3.85983850208218
"049_6",2.42179821138609,54.5795338705682,46.8690978017619,3.99965897494633,3.84735856280038
"144_4",2.18358527734495,13.1317648023689,44.4740427467858,2.57503408921159,3.79490570992028
"142_2",2.35504990078188,15.3454835360013,37.4140401358515,2.7308211985561,3.62204603867568
"125_4",2.83679824738448,17.0567894079862,51.4775675111546,2.83654833021365,3.94114613046848
"118_6",3.54742242483183,56.2477128742201,44.5588458304015,4.02976538024402,3.79681069381144
"117_2",2.9824856322249,15.1919070820306,44.2581935283167,2.7207628572479,3.79004051879485
"112_6",2.58180139210383,48.7733504303535,44.7332572965301,3.88718406595477,3.80071723608852
"130_5",2.59072400056663,15.9631284447226,42.3499041476926,2.77028159065244,3.74596615775884
"131_4",3.38985553890872,20.0753291047833,46.19620608483,2.999491653461,3.83289767533974
"111_3",2.99654252664176,15.5999157787065,41.5860152154302,2.74726551544005,3.7277639380425
"110_5",2.83859571497956,17.5119999577533,41.7499969161845,2.86288635780812,3.73169937743302
"064_2",2.02128040258823,15.353287089856,46.0724594245801,2.73132959376957,3.83021536203736
"074_5",2.46928084060133,16.0433026433035,44.7849271507056,2.77529148169911,3.80187163528088
"074_6",3.09493690131732,64.9099565056868,45.32384033462,4.17300102497408,3.8138331707564
"087_5",2.9650058060978,17.1017814268289,47.7697865018944,2.83918263509011,3.86639335809932
"091_1",2.15203110899461,21.8830593627491,43.2980491218732,3.08571279240213,3.76810757907134
"101_3",3.02452587528463,17.167285084361,46.4406454194997,2.84300554268443,3.83817505465516
"099_6",3.74459013729615,51.4537890506734,46.5216219950952,3.94068410486815,3.83991719366119
"098_5",2.97609318263006,16.6573266725329,44.4143955778391,2.81285016002944,3.79356364161481
"109_6",3.21734748955916,52.6005618735022,45.4978456805768,3.96272680169236,3.81766497715634
"107_2",2.71806735923496,13.9068934514544,41.2650915900933,2.63238464896245,3.72001690260097
"106_4",2.37791089112055,16.8555695709798,44.3479923345189,2.82468114051969,3.79206743906168
"105_4",2.72694410919011,17.0510327896432,96.780245975887,2.8362107760676,4.57244290296028
"104_4",2.23275029864361,17.2660660581292,41.4977399524605,2.84874307571411,3.72563896677685
"097_3",2.56229347030793,16.0434489525675,78.7995652089617,2.77530060130497,4.36690747919584
"095_2",2.13378974727257,14.4494306696345,47.393820876883,2.67065501375695,3.85849185895607
"103_6",2.4058150784597,48.4391189430995,43.2195401050352,3.88030772989643,3.76629271023164
"109_5",3.44577202758037,16.4644547710168,46.4068723812864,2.80120380085651,3.83744755993041
"108_2",3.03665511538756,17.7861589808707,46.0695546166056,2.8784205694774,3.83015231136486
"097_1",1.61602865313837,17.1928289627144,79.4564601916947,2.84449237611136,4.37520920108927
"095_1",2.12701875474502,18.5379146679915,48.0898462350414,2.91981807635703,3.87307105784303
"116_4",2.93543440894557,14.202205669916,124.490915700873,2.65339728141226,4.82423274698455
"116_6",2.91481792867659,140.991387599332,164.378166057862,4.94869880765685,5.10216966393505
"119_3",3.23590128526243,15.3716599150853,43.1496570147739,2.73252554879701,3.76467446882517
"131_3",3.48658730234348,15.3304063026465,47.3500231462467,2.72983819629287,3.85756730846505
"130_4",2.8069456880447,17.8565128896846,41.1297697292005,2.88236830944703,3.71673218361738
"124_1",3.43813670874001,14.6110159135616,40.1548669037894,2.68177575883873,3.69274365107359
"139_4",3.44917240379858,19.7851808479335,47.5240422212762,2.98493321545437,3.86123573501573
"142_3",2.4130697621908,14.6981257994384,43.1951460789189,2.68771998901946,3.765728129653
"132_6",2.78035267104444,67.2958647993841,44.1030492626073,4.20909879047441,3.78652892433926
"106_3",3.18756449264537,15.8859949711797,41.5735536336279,2.76543790165415,3.72746423514437
"143_5",1.85466678057128,14.4090626951607,46.0201638100443,2.66785736245249,3.82907964414118
"108_1",2.66613054185815,15.1618429236868,46.4620796845757,2.71878193771281,3.83863648924564
"107_1",2.3075400483852,18.4137073938151,41.1734914100229,2.91309535431989,3.71779463689882
"101_1",3.2851501753291,14.4811493827332,50.3435772409251,2.67284776106794,3.91887104878204
"099_2",2.51372842407406,16.5635778459482,46.6944734319982,2.8072061791202,3.84362581574466
"098_6",2.92874392916188,49.1364649210994,41.9858129134066,3.89460142557774,3.73733177344419
"144_6",2.66556491209543,48.6818320994291,43.9214363831604,3.88530590297869,3.78240250120111
"139_3",2.98905069036565,18.392535240119,43.7800705464481,2.91194488882728,3.77917870347871
"137_6",1.99636443952747,34.4752272290625,45.2584043143266,3.54024101478346,3.81238838360347
"132_2",2.5894140717929,17.4315721514597,44.2595089328668,2.85828305348267,3.79007023950638
"130_6",1.97340736609078,68.7885455413979,43.7163113060716,4.23103724185456,3.77772128889054
"125_1",3.09208036687763,17.6886734339867,52.5868653326801,2.87292451576044,3.96246638005712
"118_5",4.08722086674432,15.5364645274686,47.6347737133394,2.74318981117075,3.86356303471898
"117_1",2.54690444232664,18.2553986832502,43.9282222916343,2.90446085454319,3.78255699032696
"112_3",2.5160004356547,17.2746873186559,42.3447243727434,2.8492422692674,3.74584384126614
"111_5",2.59627278855014,17.6126428939535,41.2224683368955,2.86861699040429,3.71898345569021
"110_6",2.86190745606881,43.3491216515037,42.9877710853832,3.76928644123359,3.76091568188292
"116_1",2.26984060697965,15.3749514912937,116.895071873892,2.7327396586498,4.76127671082201
"139_6",3.0330107963259,39.6100332684896,46.2054353190725,3.67908245153475,3.83309743876673
"130_3",2.89023225027735,16.3003426349564,40.3019044518617,2.79118612814126,3.69639872470608
"132_1",2.82759120410249,17.1580966922362,45.7461931042934,2.8424701725374,3.8231085774242
"131_6",3.23832098861649,62.3685828838115,45.6638349779454,4.13306166916096,3.82130662745524
"124_5",3.78410855361116,20.3995711411002,42.2741565856164,3.01551387813411,3.74417594392014
"123_2",3.63905127599241,16.7531411721502,46.8681157525246,2.8185857733547,3.84733760955887
"123_1",3.2582521890224,17.7690248959315,47.2510744666062,2.87745676704989,3.85547539371519
"119_6",3.8848130062596,60.5133831028253,42.0775666034156,4.10286454888501,3.73951473889176
"081_2",3.17280391891804,15.7101399354554,45.953915943809,2.75430635964068,3.8276390670162
"093_1",2.92279323382215,15.7937165308556,45.6200893168645,2.75961217301358,3.82034817469879
"092_1",2.41390943627242,17.3435040106346,45.0454937680173,2.85321802767551,3.80767295170427
"086_1",2.16197821513418,16.2631044720729,45.5468752985595,2.78889901283719,3.81874202197992
"106_2",1.54428508568848,17.1084633593727,41.7723888888952,2.83957327436618,3.73223556837228
"087_2",2.8215860708685,16.6855167496814,46.372788300507,2.81454108263663,3.83671282815704
"085_6",3.72662908205305,50.2509204137983,46.5851530780872,3.91702886346394,3.84128188689221
"131_5",3.26904323056004,14.8066271638994,45.2690881442632,2.69507486189047,3.81262441863982
"125_2",3.31751370325011,19.0876586315626,50.9493788416822,2.94904198126661,3.93083256806708
"124_4",3.53083862841012,17.7167406731562,42.9644884524007,2.87450999333537,3.76037392454746
"119_5",2.92008201912656,14.9013040861647,42.286179289987,2.70144873168292,3.74446030193095
"113_6",3.62544960990886,49.222408696146,68.0573887052719,3.89634898111103,4.22035130079736
"104_5",1.91223205978818,16.784817005345,42.8771747968601,2.82047472809941,3.7583396283247
"069_2",2.77576253977986,237.572368646819,99.2149600592263,5.47047228715188,4.59728880996924
"070_3",2.48426629820226,17.1677447385847,45.4482460839223,2.84303231733563,3.81657422986616
"080_4",3.65566848114819,17.1005401648481,47.6888934502579,2.83911005159731,3.86469852906878
"080_5",3.70684898652749,15.6264383055531,44.5733404048685,2.74896424294138,3.79713593153323
"079_1",2.80848572562436,17.1846888959993,50.5665985456065,2.84401880690833,3.92329125053201
"073_4",3.01466562685007,16.4785907682391,43.4848636879977,2.80206200918902,3.77241291634664
"072_5",2.6001986073173,16.4875718782539,46.5967990470888,2.80260687759444,3.8415318487957
"071_4",2.53841764379699,16.0881610611907,44.9602079658283,2.77808366368271,3.80577783114921
"077_1",2.92510634403012,17.4050193636625,119.333594020233,2.85675863379726,4.78192288225729
"076_2",3.28131937246811,116.413244842146,90.3373262810069,4.75714631612771,4.50355073360746
"067_5",3.17734206707421,14.8808973248391,52.8966729477662,2.70007833167538,3.96834044364946
"066_6",3.06491787867319,55.0432595987273,44.9436500707133,4.00811941423211,3.80540948443609
"065_6",2.93228451827186,52.6885530898064,47.8934442208843,3.96439822303196,3.86897863118553
"064_6",2.64366178003198,54.7457252672053,46.1420337760877,4.0026992883371,3.83172433014626
"057_2",2.61417021913587,15.7436025424188,45.4469818155106,2.7564340949721,3.81654641171903
"017_2",2.62686061370545,16.0258851249695,47.2118698274752,2.77420523528885,3.85464534037153
"017_5",2.81928022300352,15.970442556614,45.9259807835669,2.77073967359086,3.82703098707493
"016_4",2.20269612361954,15.7215673023262,45.970583138655,2.75503348319702,3.82800169493792
"031_2",2.70629835444204,15.7858355373096,44.1893183481522,2.75911305296953,3.78848309354624
"037_3",2.78750848331689,15.4515046363433,45.8771848800794,2.73770638606749,3.82596793205433
"036_3",2.26181620290078,15.5011786943474,44.6604219212863,2.74091606583055,3.79908769377639
"044_1",2.77463121454881,16.285851983514,48.0071138476488,2.79029675443149,3.87134920508594
"069_3",3.23699369002418,17.1523164206479,45.9317252503134,2.84213323275041,3.82715606023432
"070_4",2.27783609895756,17.1538832363433,45.8972512347582,2.84222457575617,3.82640522932028
"066_4",3.0627586100011,16.1710627387477,48.1309157112093,2.78322339429564,3.87392470892271
"058_3",3.11822881279659,16.7581602771491,54.3465574589543,2.8188853203624,3.99538127133951
"051_1",2.61020543124354,16.7423190099493,47.7040270311799,2.81793958652708,3.86501581846453
"050_3",2.75806702365188,16.4258094617158,49.4526058870825,2.79885384545259,3.90101475409346
"049_5",2.03039268495428,16.855959302669,47.6144943599226,2.82470426208684,3.86313721824536
"011_2",1.82951391604305,70.8195816310311,63.5313896109439,4.26013553916887,4.15153410834229
"007_3",2.72005512094257,17.2440870486328,47.944841035085,2.84746930492555,3.870051205032
"010_4",2.20366638323229,18.2921183405923,48.0375146515955,2.90647027530212,3.8719822608942
"013_4",3.1041429647624,52.4510367632814,46.6171747170805,3.9598801013444,3.84196902939199
"014_6",1.88137654813182,16.419586919692,45.7548169007813,2.79847494656362,3.82329707362797
"009_6",3.32301911454584,53.1011631144463,47.0227549012085,3.97219883223486,3.85063163138302
"056_2",2.34152178471105,15.7475651996948,46.2916054716975,2.75668576282573,3.83496063734728
"058_4",3.48944127858961,15.1424216795861,48.9078431455464,2.7175001876348,3.88993777514395
"051_5",3.31345915490012,17.2627111830562,48.5641046215359,2.84854875229164,3.88288466998169
"005_5",2.95184088536465,15.5677444960809,46.5227341342402,2.74520111318672,3.83994109923035
"004_2",2.40821879752104,17.350467001545,47.318599159465,2.85361942254619,3.85690343511039
"015_4",1.91894041366395,15.2282890098915,45.2370974038453,2.72315481718777,3.81191748923921
"022_2",2.3037728183795,16.1598442912576,47.2887083593287,2.78252941760455,3.85627154309454
"031_4",2.47098616857784,15.1104669046901,46.6427356878181,2.71538767618382,3.84251719572126
"037_2",2.79188593397057,15.9974982357477,45.2728792032619,2.77243234974847,3.81270816011599
"043_3",2.74107194473613,17.4021442026693,49.0790412156806,2.85659342866675,3.89343208451907
"047_1",2.41693664875553,16.4427501488319,120.506379767927,2.79988465962984,4.79170269566139
"014_5",1.57665092858396,19.0322240766023,47.1448929536606,2.94613354660738,3.85322568833834
"013_3",3.13437698100291,16.5141224293026,47.5568043111813,2.80421591963511,3.8619248767808
"010_1",2.91913119502842,18.144034474104,96.1274551892952,2.89834182757131,4.56567496913078
"010_5",2.64555288315614,17.8470696337988,46.0435301190134,2.88183932857517,3.82958725595803
"011_3",2.27893299310188,18.7867765027193,48.1981417598048,2.93315324483495,3.87532046761223
"009_1",2.75603759283562,17.5971633454498,106.858380195043,2.86773771550027,4.6715044082175
"002_5",1.92199327802667,17.4469288059516,46.8479839962123,2.85916363349975,3.84690797672788
"007_1",2.07697632269085,16.5353608608756,60.6067814883653,2.80550117025825,4.10440679256289
"005_1",2.83765593934305,15.3870928481353,44.8650954753541,2.73352903125053,3.80366010880647
"005_4",2.83765593934305,14.4046466150029,45.1836530848522,2.66755083612887,3.8107353640096
"003_5",1.41408008980801,16.7881506575449,44.9419457058467,2.82067331955217,3.80537156145517
"017_6",2.84222465462432,125.116934627737,45.0220809474775,4.82924877703826,3.80715305714419
"023_1",2.97500759189087,15.9181382545876,44.2791539177723,2.76745922977046,3.79051400010983
"022_1",2.29471949510524,15.7146682075376,45.8157169963074,2.75459455692054,3.82462719811044
"021_5",2.68657854630439,16.0393768008213,46.1441508525552,2.77504674886695,3.83177021082659
"031_6",2.93519623549402,91.5773634693832,45.2537258203742,4.5171841174433,3.81228500532811
"037_4",2.56088073513535,15.6089242004623,45.3459636202427,2.74784281482138,3.81432116753365
"044_5",2.52664781828504,18.2399761278526,50.4582213525661,2.90361567586532,3.92114569393067
"043_6",3.75829977807338,74.1346274599975,49.6175670822384,4.30588273030052,3.90434494607084
"042_6",3.05830669742521,69.7943160803932,47.7714179464869,4.24555257493961,3.86642750974315
"041_4",1.90417166949196,17.4466625934618,44.7201249486177,2.85914837496778,3.80042362286391
"003_4",1.32853059272514,15.743207579694,44.7869459986917,2.75640900746891,3.80191671300261
"043_2",1.98810909146245,17.7024704046408,47.3898069969916,2.87370420072434,3.85840716331857
"042_1",2.40981013646349,16.8926029115234,41.9699295247201,2.8268758285685,3.73695339816182
"069_4",2.50082288120427,348.544999674401,45.017871085888,5.85376734575118,3.80705954617495
"008_2",2.10653642572958,17.3356756850871,59.0236595681009,2.85276655646141,4.07793837315168
"002_6",2.02714981203308,16.5390786382231,46.3072401998237,2.80572598297885,3.83529832467289
"050_4",2.96319650513877,16.0134536884457,47.1721876742878,2.77342922444668,3.85380447473011
"050_6",2.8949152886488,56.7890367035672,47.470681339924,4.0393432913149,3.86011228552371
"051_6",3.73692470642111,56.3695782083432,48.8195907611608,4.03192961950993,3.88813168232339
"055_6",3.2810622672938,47.0109606442107,45.5249624089449,3.85038077971793,3.81826079988999
"057_3",3.25259917571993,16.4840804937492,41.7122101737023,2.80239509660886,3.73079389586522
"058_5",3.02715753383251,19.9577041955962,49.815808778393,2.99361524400727,3.90833237900475
"067_4",3.74187544834048,16.0419362621813,49.4070162542455,2.77520630975278,3.90009244354682
"065_1",2.21917338861871,15.6974900606686,44.8412448075339,2.75350083082667,3.80312835891439
"064_5",2.13123776419307,17.0346299199037,46.2611942611369,2.83524832618682,3.83430347275058
"071_1",2.03817942248668,15.672679440003,45.0065294994642,2.7519190334546,3.80680757923243
"072_4",2.48553394288455,16.1726746792734,47.6174494490035,2.78332306988391,3.86319927912459
"073_5",2.61671448975537,15.8660877769939,44.3441773104693,2.76418398726044,3.79198141063173
"074_3",3.11550249783946,16.0571609183315,44.4820153862713,2.77615491321077,3.79508495885901
"076_1",2.41204013750785,17.1383855502234,97.8982367997173,2.84132071679767,4.58392853915689
"101_2",3.35299565090438,16.3757700806667,45.6867612711438,2.79580280824251,3.82180856821142
"099_4",2.45186501471282,15.5914910152358,46.8379470416449,2.74672531770346,3.8466937085983
"096_2",1.98571980477176,16.2104997928433,47.1892805333996,2.78565916765003,3.8541667594555
"092_4",2.9677218373824,18.8875326961666,46.4034876549822,2.93850205869817,3.83737462138553
"091_6",3.08140982482953,56.5484362831819,42.1267572818628,4.03509755024668,3.74068310369236
"086_5",2.77957542957261,14.5048311184031,42.2787962143568,2.67448177451373,3.74428568884545
"074_1",2.25483501138691,15.7753888937035,44.6450193618429,2.75845106065612,3.79874275265355
"071_2",1.98571980477176,17.0949666977703,46.6128732125291,2.83878407502094,3.84187675217772
"077_2",2.53988097732371,16.7415518684539,107.340430938809,2.81789376497328,4.67600538144911
"076_3",2.57497626788209,17.5810799332048,46.2217853664788,2.86682332001791,3.83345123167439
"080_6",3.68719715383334,49.9760762542038,46.9618609129382,3.91154441600657,3.84933580235262
"079_2",2.5430219727405,17.5075436872648,46.6495318664072,2.86263185589012,3.84266289222494
"066_5",2.33240105811241,15.8796305812611,44.9133891032481,2.76503719240363,3.80473594858654
"118_4",3.58633257845441,15.7344625988324,47.7641812698837,2.75585337669719,3.86627601277916
"112_2",2.66371555018896,18.6565078202684,44.0523922610362,2.92619503000926,3.7853796587631
"111_2",2.50309526687669,18.2064670540062,42.1675161047606,2.90177686360476,3.74165016407349
"110_1",2.18959379340667,18.260162731992,44.7400151359173,2.90472178706534,3.80086829437032
"088_6",4.34773232993629,54.4861222293386,74.9092839301156,3.99794603124965,4.31627783384476
"093_6",3.71273940857621,51.8402856870001,45.6525818245675,3.94816756296634,3.82106016238731
"101_4",3.48604633128657,16.1611148822117,46.3659835968884,2.78260804094911,3.83656607823807
"108_4",2.94042433369577,15.3982599940049,43.6943175735259,2.73425451563375,3.77721806100414
"109_4",3.5460171740466,14.700995272976,46.5130860835008,2.68791519713739,3.83973369415236
"107_6",2.98945960887254,47.9066743420452,43.0839252394316,3.86925483379244,3.7631499632589
"106_1",2.2079777516264,16.1313222034769,41.6206432110619,2.78076286047489,3.72859627522046
"099_1",2.46336014043355,15.7520105960107,44.8110018839947,2.75696801401376,3.8024536870394
"097_6",2.01067448964373,91.6621942733777,79.10204360838,4.51811001806323,4.37073871019689
"105_5",2.70818179710825,16.5909201796076,90.3605387754035,2.80885556858386,4.50380765412523
"100_3",2.54936859840194,16.4258544496108,44.7805182138991,2.7988565843029,3.80177318354445
"098_2",2.12158769878283,16.0169091117677,43.4391237571632,2.77364498368468,3.77136050408621
"109_3",3.5511338297024,17.0358663088429,47.415926859865,2.83532090446284,3.85895818196421
"108_3",2.99913050396743,16.7339998405192,44.0525492184766,2.81744256834306,3.78538322172876
"105_6",2.77555691700254,49.7347146197135,87.5228548646282,3.90670317257069,4.47189995771009
"104_1",1.58355813167757,16.1291922717681,42.1354757445207,2.78063081473746,3.7408900401187
"087_3",3.04154217996679,16.834291917499,43.8210889120124,2.82341799158587,3.78011518351655
"085_5",1.88314727536601,16.9689240810433,49.1877312447818,2.83138367600127,3.89564422745819
"085_1",2.64444768589271,15.0503336451663,45.7972085687909,2.71140016006319,3.82422314098304
"100_4",2.59066865860897,17.8967757044235,44.9999612721928,2.88462056837717,3.80666162915201
"096_3",2.3062734222558,16.062656878716,48.246062018092,2.77649712937605,3.87631420824886
"095_6",2.84239137837305,103.449140250158,50.6386238317967,4.63908009338039,3.92471460194922
"069_1",2.66088797031671,16.3242548338153,93.2882255931817,2.7926520284126,4.53569390045949
"081_6",4.02466513044363,52.9489792065117,47.4536304163265,3.96932879341988,3.85975303248378
"067_1",3.16834929300531,15.8359080573465,46.820658443262,2.76228002330044,3.84632452525439
"064_4",2.45118011590971,17.0068300213313,47.533157648749,2.83361502933055,3.86142752327613
"066_1",2.67954216748319,14.3593357769187,48.6860604721232,2.66440030746105,3.8853927565109
"057_4",2.92677860443533,14.7001855691241,44.2635145656937,2.68786011745495,3.79016073873859
"049_4",2.41474222390229,17.0987437693164,47.6661188428236,2.83900499702735,3.86422084871786
"055_5",2.60447488200353,19.9948295337409,46.7921424731901,2.99547371681812,3.8457152929555
"095_5",2.89781214847282,15.9279628900664,49.6973340537762,2.76807623690398,3.90595129089478
"073_6",2.38052323907919,69.6571750772955,43.9918140176388,4.24358571110516,3.78400357155607
"001_1",2.87967329804685,17.0782759548538,107.383452461051,2.83780724385433,4.67640609628471
"042_5",2.50852851998361,16.459274623114,46.6376067154391,2.80088912520823,3.84240722673419
