"direction","distance_threshold_m","predictor","slope","p_value","r_squared","adj_r_squared","AIC","sample_size","conf_low","conf_high","relationship_sign","status"
"NE",10,"idw_neighbour_DGR",NA,NA,NA,NA,NA,0,NA,NA,NA,"Skipped: sample size < 10"
"NE",20,"idw_neighbour_DGR",0.85542051285671,0.00000000000000000000000000000000000000000000000000000000000000000000000000000000000000000000000000000000000000000000000000000000000000000000000000000000000000000000000000432039184843995,0.761390465291185,0.760951037050469,66.1177033752188,545,0.81505252377183,0.895788501941589,"positive","OK"
"NE",30,"idw_neighbour_DGR",0.857559860229921,0.00000000000000000000000000000000000000000000000000000000000000000000000000000000000000000000000000000000000000000000000000000000000000000000000000000000000000000000000000000613786837870032,0.76396121164268,0.7635304839267,60.6553521549499,550,0.817561836094423,0.897557884365418,"positive","OK"
"NE",40,"idw_neighbour_DGR",0.869530720633187,0.0000000000000000000000000000000000000000000000000000000000000000000000000000000000000000000000000000000000000000000000000000000000000000000000000000000000000000000000000000012072917671196,0.762877448669001,0.762447878829634,65.6461629550011,554,0.8290007951301,0.910060646136274,"positive","OK"
"NE",50,"idw_neighbour_DGR",0.836836487895813,0.00000000000000000000000000000000000000000000000000000000000000000000000000000000000000000000000000000000000000000000000000000000000000000000000000000000000000000200755122911943,0.725486726975389,0.725005968178498,148.484785711358,573,0.794524920626401,0.879148055165225,"positive","OK"
"NE",60,"idw_neighbour_DGR",0.807740645755049,0.0000000000000000000000000000000000000000000000000000000000000000000000000000000000000000000000000000000000000000000000000000000000000000000000000115108424135754,0.66417743909976,0.663626910311399,282.617813762088,612,0.762070695258169,0.853410596251929,"positive","OK"
"NE",70,"idw_neighbour_DGR",0.801343217415267,0.00000000000000000000000000000000000000000000000000000000000000000000000000000000000000000000000000000000000000000000000000000000000000000000173023052198563,0.643047657422212,0.642474700211011,324.178689677655,625,0.754369956456936,0.848316478373598,"positive","OK"
"NE",80,"idw_neighbour_DGR",0.801161916976592,0.00000000000000000000000000000000000000000000000000000000000000000000000000000000000000000000000000000000000000000000000000000000000000000000171753293170793,0.638360397927829,0.637787276529933,335.20383318398,633,0.754021594000385,0.8483022399528,"positive","OK"
"NE",90,"idw_neighbour_DGR",0.80153888078281,0.0000000000000000000000000000000000000000000000000000000000000000000000000000000000000000000000000000000000000000000000000000000000000000000956334910730027,0.629666401026831,0.629085940840352,352.930659932697,640,0.753749840519437,0.849327921046183,"positive","OK"
"NE",100,"idw_neighbour_DGR",0.810136020728283,0.0000000000000000000000000000000000000000000000000000000000000000000000000000000000000000000000000000000000000000000000000000000000000000000301019736055362,0.628131066985259,0.627552732719295,360.047558403103,645,0.76186476398217,0.858407277474395,"positive","OK"
"NE",110,"idw_neighbour_DGR",0.803210124708162,0.0000000000000000000000000000000000000000000000000000000000000000000000000000000000000000000000000000000000000000000000000000000000000000597083609778376,0.615836341137272,0.615244409459518,382.18441205931,651,0.754312127084147,0.852108122332176,"positive","OK"
"NE",120,"idw_neighbour_DGR",0.815792532787928,0.000000000000000000000000000000000000000000000000000000000000000000000000000000000000000000000000000000000000000000000000000000000000000285581186095269,0.610598079422169,0.610003572673195,396.361285515697,657,0.765808448846447,0.865776616729409,"positive","OK"
"NE",130,"idw_neighbour_DGR",0.817224694645245,0.0000000000000000000000000000000000000000000000000000000000000000000000000000000000000000000000000000000000000000000000000000000000000204364341257386,0.603257140401581,0.602655102678366,409.761366828576,661,0.766531629413775,0.867917759876716,"positive","OK"
"NE",140,"idw_neighbour_DGR",0.820661939744216,0.00000000000000000000000000000000000000000000000000000000000000000000000000000000000000000000000000000000000000000000000000000000113486870825795,0.586582765555643,0.585961085503847,452.289443937236,667,0.768202656387228,0.873121223101205,"positive","OK"
"NE",150,"idw_neighbour_DGR",0.830203608857423,0.00000000000000000000000000000000000000000000000000000000000000000000000000000000000000000000000000000000000000000000000000000000210993313580246,0.584167921180163,0.583545418068157,459.787908543247,670,0.776990060874881,0.883417156839964,"positive","OK"
"NE",160,"idw_neighbour_DGR",0.830326579355663,0.0000000000000000000000000000000000000000000000000000000000000000000000000000000000000000000000000000000000000000000000000000000115338625294826,0.580959464784872,0.580334031150223,465.669498482471,672,0.77683320720445,0.883819951506875,"positive","OK"
"NE",170,"idw_neighbour_DGR",0.842838124877814,0.0000000000000000000000000000000000000000000000000000000000000000000000000000000000000000000000000000000000000000000000000000000481163626737975,0.578627391266773,0.577999414204578,474.295889876001,673,0.788319018071898,0.89735723168373,"positive","OK"
"NE",180,"idw_neighbour_DGR",0.855440262205967,0.00000000000000000000000000000000000000000000000000000000000000000000000000000000000000000000000000000000000000000000000000000069469129321705,0.575264481253892,0.574631492403302,479.645679773653,673,0.799723470490206,0.911157053921728,"positive","OK"
"NE",190,"idw_neighbour_DGR",0.862443730076738,0.0000000000000000000000000000000000000000000000000000000000000000000000000000000000000000000000000000000000000000000000000011030242016746,0.565841494602463,0.56519446255269,494.413332810186,673,0.805180158268807,0.91970730188467,"positive","OK"
"NE",200,"idw_neighbour_DGR",0.870581005099318,0.0000000000000000000000000000000000000000000000000000000000000000000000000000000000000000000000000000000000000000000000000175686189419592,0.562248765373657,0.561596379032932,499.959596017225,673,0.812353319882736,0.928808690315901,"positive","OK"
"NE",210,"idw_neighbour_DGR",0.875835150428297,0.00000000000000000000000000000000000000000000000000000000000000000000000000000000000000000000000000000000000000000000000055053652327861,0.557198633977928,0.556539703373728,510.292366408335,674,0.816696939089031,0.934973361767563,"positive","OK"
"NE",220,"idw_neighbour_DGR",0.882645086532083,0.0000000000000000000000000000000000000000000000000000000000000000000000000000000000000000000000000000000000000000000000545640092061543,0.55057220477348,0.549904407157987,522.070842857988,675,0.822287588299646,0.943002584764519,"positive","OK"
"NE",230,"idw_neighbour_DGR",0.897427215066264,0.000000000000000000000000000000000000000000000000000000000000000000000000000000000000000000000000000000000000000000000847751689306379,0.546365050033483,0.545692001146292,541.783157075643,676,0.835581479885964,0.959272950246565,"positive","OK"
"NE",240,"idw_neighbour_DGR",0.905277159921025,0.0000000000000000000000000000000000000000000000000000000000000000000000000000000000000000000000000000000000000000000281192481491381,0.54110246078021,0.540422612573958,549.384644871201,677,0.842272118673292,0.968282201168757,"positive","OK"
"NE",250,"idw_neighbour_DGR",0.911486944328992,0.000000000000000000000000000000000000000000000000000000000000000000000000000000000000000000000000000000000000000000421334827371363,0.53741166336734,0.536726347313069,554.807806040525,677,0.847576788730423,0.975397099927561,"positive","OK"
"NE",260,"idw_neighbour_DGR",0.913864686371681,0.0000000000000000000000000000000000000000000000000000000000000000000000000000000000000000000000000000000000000000314469012060348,0.530944277518781,0.530250408106826,564.33345828745,678,0.848997859435375,0.978731513307986,"positive","OK"
"NE",270,"idw_neighbour_DGR",0.91920784443139,0.00000000000000000000000000000000000000000000000000000000000000000000000000000000000000000000000000000000000000015644525760117,0.52819107626268,0.527494165001621,568.30698172646,679,0.853648871363101,0.984766817499678,"positive","OK"
"NE",280,"idw_neighbour_DGR",0.924475278302512,0.000000000000000000000000000000000000000000000000000000000000000000000000000000000000000000000000000000000000012162811162066,0.522092130071496,0.521386210027288,577.027984494193,679,0.857729362801582,0.991221193803441,"positive","OK"
"NE",290,"idw_neighbour_DGR",0.931523296767122,0.000000000000000000000000000000000000000000000000000000000000000000000000000000000000000000000000000000000000483695205583447,0.516870961846518,0.516157329589275,584.405865770467,679,0.8635614613816,0.999485132152644,"positive","OK"
"NE",300,"idw_neighbour_DGR",0.936046357733524,0.000000000000000000000000000000000000000000000000000000000000000000000000000000000000000000000000000000000020284279974403,0.511516426867121,0.510794885400159,591.889848617544,679,0.867018654789947,1.0050740606771,"positive","OK"
"NE",310,"idw_neighbour_DGR",0.939330775440142,0.00000000000000000000000000000000000000000000000000000000000000000000000000000000000000000000000000000000115844971693164,0.505652522957814,0.504922319889805,599.992234066651,679,0.869243448346148,1.00941810253414,"positive","OK"
"NE",320,"idw_neighbour_DGR",0.946214774905546,0.0000000000000000000000000000000000000000000000000000000000000000000000000000000000000000000000000000000262828157906208,0.501078948310772,0.500341989593358,606.245284562386,679,0.874965010011457,1.01746453979964,"positive","OK"
"NE",330,"idw_neighbour_DGR",0.954146550223247,0.00000000000000000000000000000000000000000000000000000000000000000000000000000000000000000000000000000117096155785819,0.495459832321592,0.494714573580561,613.849802930233,679,0.881487518360932,1.02680558208556,"positive","OK"
"NE",340,"idw_neighbour_DGR",0.961357435599646,0.0000000000000000000000000000000000000000000000000000000000000000000000000000000000000000000000000000344190983648382,0.490403139070733,0.489650411063452,620.621122930728,679,0.887404994274013,1.03530987692528,"positive","OK"
"NE",350,"idw_neighbour_DGR",0.965896566859648,0.00000000000000000000000000000000000000000000000000000000000000000000000000000000000000000000000000168214189009645,0.484523466134811,0.483762053233976,628.410500212164,679,0.89071549052011,1.04107764319919,"positive","OK"
"NE",360,"idw_neighbour_DGR",0.971763838570857,0.0000000000000000000000000000000000000000000000000000000000000000000000000000000000000000000000000729268908984984,0.478760420543212,0.477990495019642,635.959622319128,679,0.895248028325716,1.048279648816,"positive","OK"
"NE",370,"idw_neighbour_DGR",0.976861257342502,0.00000000000000000000000000000000000000000000000000000000000000000000000000000000000000000000000162037326836979,0.473971237991639,0.473194238343178,642.169831283217,679,0.899202129010032,1.05452038567497,"positive","OK"
"NE",380,"idw_neighbour_DGR",0.982857029528797,0.0000000000000000000000000000000000000000000000000000000000000000000000000000000000000000000000383892013353273,0.469037732471972,0.46825344551846,648.508342170593,679,0.903943919154726,1.06177013990287,"positive","OK"
"NE",390,"idw_neighbour_DGR",0.989715318953935,0.000000000000000000000000000000000000000000000000000000000000000000000000000000000000000000000998736247103497,0.463910164505266,0.463118303596116,655.034069336993,679,0.909428729575578,1.07000190833229,"positive","OK"
"NE",400,"idw_neighbour_DGR",0.992601784417099,0.0000000000000000000000000000000000000000000000000000000000000000000000000000000000000000000262523498444985,0.458716810408171,0.457917278370369,661.580204542934,679,0.911235240787174,1.07396832804702,"positive","OK"
"NE",410,"idw_neighbour_DGR",0.996411988099208,0.000000000000000000000000000000000000000000000000000000000000000000000000000000000000000000457216162193482,0.454136344056042,0.453330046189065,667.301887992774,679,0.91397563351727,1.07884834268115,"positive","OK"
"NE",420,"idw_neighbour_DGR",0.999075986295392,0.0000000000000000000000000000000000000000000000000000000000000000000000000000000000000000156615305321371,0.448418150718555,0.447603406480326,674.377753527395,679,0.915459331966533,1.08269264062425,"positive","OK"
"NE",430,"idw_neighbour_DGR",1.00239318410929,0.000000000000000000000000000000000000000000000000000000000000000000000000000000000000000225343380279314,0.444064055788289,0.443242880095214,679.716621591808,679,0.917756518354929,1.08702984986365,"positive","OK"
"NE",440,"idw_neighbour_DGR",1.00557848193893,0.00000000000000000000000000000000000000000000000000000000000000000000000000000000000000297673997558661,0.439816913272621,0.438989464104633,684.884213233271,679,0.919938635680488,1.09121832819737,"positive","OK"
"NE",450,"idw_neighbour_DGR",1.00857165976197,0.0000000000000000000000000000000000000000000000000000000000000000000000000000000000000358488210682064,0.435691357424026,0.434857814377385,689.866490855769,679,0.921953986519596,1.09518933300435,"positive","OK"
"NE",460,"idw_neighbour_DGR",1.01201310798488,0.000000000000000000000000000000000000000000000000000000000000000000000000000000000000209489829471424,0.432746299964425,0.431908406759055,693.400893610157,679,0.924577366123458,1.0994488498463,"positive","OK"
"NE",470,"idw_neighbour_DGR",1.01371185868605,0.00000000000000000000000000000000000000000000000000000000000000000000000000000000000193701931710878,0.429013948421705,0.428170542141678,697.853867207255,679,0.925460287752609,1.10196342961948,"positive","OK"
"NE",480,"idw_neighbour_DGR",1.01727982056249,0.00000000000000000000000000000000000000000000000000000000000000000000000000000000000474120238403148,0.427504975420438,0.426659340229036,699.645927056735,679,0.928444315520734,1.10611532560425,"positive","OK"
"NE",490,"idw_neighbour_DGR",1.02071613578875,0.0000000000000000000000000000000000000000000000000000000000000000000000000000000000110007582197665,0.426082512985207,0.425234776667608,701.330926966314,679,0.931321032936656,1.11011123864084,"positive","OK"
"NE",500,"idw_neighbour_DGR",1.02316150116099,0.000000000000000000000000000000000000000000000000000000000000000000000000000000000042822700431597,0.42377814090853,0.422927000791704,704.051763774519,679,0.933128722498641,1.11319427982335,"positive","OK"
"NE",10,"mean_neighbour_DGR",NA,NA,NA,NA,NA,0,NA,NA,NA,"Skipped: sample size < 10"
"NE",20,"mean_neighbour_DGR",0.85542051285671,0.00000000000000000000000000000000000000000000000000000000000000000000000000000000000000000000000000000000000000000000000000000000000000000000000000000000000000000000000000432039184843995,0.761390465291185,0.760951037050469,66.1177033752191,545,0.81505252377183,0.895788501941589,"positive","OK"
"NE",30,"mean_neighbour_DGR",0.856058089213712,0.0000000000000000000000000000000000000000000000000000000000000000000000000000000000000000000000000000000000000000000000000000000000000000000000000000000000000000000000000000109590659145382,0.763461587353741,0.763029947914606,61.8183090674521,550,0.816074798156331,0.896041380271093,"positive","OK"
"NE",40,"mean_neighbour_DGR",0.860826537114621,0.000000000000000000000000000000000000000000000000000000000000000000000000000000000000000000000000000000000000000000000000000000000000000000000000000000000000000000000000356986737430322,0.751810559360174,0.75136094080829,90.9169983795778,554,0.819475641496736,0.902177432732506,"positive","OK"
"NE",50,"mean_neighbour_DGR",0.820882389722699,0.0000000000000000000000000000000000000000000000000000000000000000000000000000000000000000000000000000000000000000000000000000000000000000000000000000000000131843781443568,0.709981447549013,0.709473534147172,179.968432104359,573,0.7777581059725,0.864006673472898,"positive","OK"
"NE",60,"mean_neighbour_DGR",0.790370641460098,0.000000000000000000000000000000000000000000000000000000000000000000000000000000000000000000000000000000000000000000000000000000000000000000879487904591582,0.643603129770518,0.643018872606207,319.00854920661,612,0.743604192383346,0.83713709053685,"positive","OK"
"NE",70,"mean_neighbour_DGR",0.773728863560536,0.00000000000000000000000000000000000000000000000000000000000000000000000000000000000000000000000000000000000000000000000000000000109252702212405,0.610545668761752,0.609920541424291,378.643895951804,625,0.725109799159953,0.822347927961119,"positive","OK"
"NE",80,"mean_neighbour_DGR",0.765279170800284,0.0000000000000000000000000000000000000000000000000000000000000000000000000000000000000000000000000000000000000000000000000000587943394214483,0.592026967840809,0.591380417869083,411.513839801099,633,0.715616266935918,0.814942074664649,"positive","OK"
"NE",90,"mean_neighbour_DGR",0.757488776601999,0.0000000000000000000000000000000000000000000000000000000000000000000000000000000000000000000000000000000000000000000000112288380238307,0.572001181059668,0.571330336515874,445.549039338927,640,0.706548483197838,0.80842907000616,"positive","OK"
"NE",100,"mean_neighbour_DGR",0.763309064631854,0.000000000000000000000000000000000000000000000000000000000000000000000000000000000000000000000000000000000000000000000287519948894459,0.564803144866246,0.564126322385478,461.478328354033,645,0.711422419347828,0.815195709915881,"positive","OK"
"NE",110,"mean_neighbour_DGR",0.757087087076296,0.000000000000000000000000000000000000000000000000000000000000000000000000000000000000000000000000000000000000000000037219695894001,0.554826577358623,0.554140639881518,478.138728468206,651,0.704815192288806,0.809358981863787,"positive","OK"
"NE",120,"mean_neighbour_DGR",0.767890918547572,0.0000000000000000000000000000000000000000000000000000000000000000000000000000000000000000000000000000000000000000665988209711604,0.541150436979492,0.540449903295491,504.181806395034,657,0.713640090700599,0.822141746394544,"positive","OK"
"NE",130,"mean_neighbour_DGR",0.758747046331443,0.00000000000000000000000000000000000000000000000000000000000000000000000000000000000000000000000000000000000716014999549286,0.522498321586896,0.521773736338924,532.230992657303,661,0.70326585710594,0.814228235556946,"positive","OK"
"NE",140,"mean_neighbour_DGR",0.75318903428488,0.00000000000000000000000000000000000000000000000000000000000000000000000000000000000000000000000000000809927667774598,0.498751419528141,0.497997662264273,580.783532707159,667,0.695695776824963,0.810682291744797,"positive","OK"
"NE",150,"mean_neighbour_DGR",0.757639381387771,0.0000000000000000000000000000000000000000000000000000000000000000000000000000000000000000000000000563924251490095,0.483715995301506,0.482943115054952,604.759485961842,670,0.698174698332804,0.817104064442737,"positive","OK"
"NE",160,"mean_neighbour_DGR",0.754558928142292,0.00000000000000000000000000000000000000000000000000000000000000000000000000000000000000000000000546626943577769,0.475595385847501,0.474812692393542,616.396338423183,672,0.694454906558326,0.814662949726258,"positive","OK"
"NE",170,"mean_neighbour_DGR",0.760122282195872,0.00000000000000000000000000000000000000000000000000000000000000000000000000000000000000000012260550518551,0.459207249062148,0.458401298613657,642.221922269083,673,0.697595593409687,0.822648970982057,"positive","OK"
"NE",180,"mean_neighbour_DGR",0.765322353562746,0.00000000000000000000000000000000000000000000000000000000000000000000000000000000000000182967306299575,0.443520413399121,0.44269108465605,661.465931916501,673,0.700341843760535,0.830302863364956,"positive","OK"
"NE",190,"mean_neighbour_DGR",0.759588832429436,0.000000000000000000000000000000000000000000000000000000000000000000000000000000000934804557765695,0.421330367995037,0.42046796913959,687.78106824567,673,0.692112193905517,0.827065470953354,"positive","OK"
"NE",200,"mean_neighbour_DGR",0.76743581925215,0.000000000000000000000000000000000000000000000000000000000000000000000000000000112915234077306,0.41301953784881,0.41214475325544,697.377916379859,673,0.698086932467112,0.836784706037188,"positive","OK"
"NE",210,"mean_neighbour_DGR",0.766679627966242,0.0000000000000000000000000000000000000000000000000000000000000000000000000000209294784980911,0.403371815286885,0.4024839757263,711.260852075148,674,0.696054476714166,0.837304779218318,"positive","OK"
"NE",220,"mean_neighbour_DGR",0.767333804163598,0.0000000000000000000000000000000000000000000000000000000000000000000000000291417446782386,0.389959237769227,0.389052787899642,728.317478140609,675,0.694693701093563,0.839973907233632,"positive","OK"
"NE",230,"mean_neighbour_DGR",0.785470449970772,0.000000000000000000000000000000000000000000000000000000000000000000000000574928337713475,0.384098017545645,0.383184216384733,748.500598602418,676,0.710245251555218,0.860695648386326,"positive","OK"
"NE",240,"mean_neighbour_DGR",0.792488816264044,0.000000000000000000000000000000000000000000000000000000000000000000000087642769122776,0.374429069458322,0.373502297709372,759.144810141132,677,0.715074324040383,0.869903308487706,"positive","OK"
"NE",250,"mean_neighbour_DGR",0.793522042696116,0.000000000000000000000000000000000000000000000000000000000000000000014836347080301,0.364868955080566,0.363928020199204,769.412615893819,677,0.714399937052295,0.872644148339937,"positive","OK"
"NE",260,"mean_neighbour_DGR",0.791647895375739,0.00000000000000000000000000000000000000000000000000000000000000000167986285858628,0.355510099297454,0.354556711870379,779.759537279516,678,0.711153218793022,0.872142571958457,"positive","OK"
"NE",270,"mean_neighbour_DGR",0.791364828068537,0.0000000000000000000000000000000000000000000000000000000000000000638017886073407,0.348143659353736,0.347180799175529,787.793813331775,679,0.709649350912295,0.87308030522478,"positive","OK"
"NE",280,"mean_neighbour_DGR",0.78770220673513,0.0000000000000000000000000000000000000000000000000000000000000323359068799513,0.33607327392635,0.335092584522992,800.251826854556,679,0.704154213302962,0.871250200167299,"positive","OK"
"NE",290,"mean_neighbour_DGR",0.786174602288151,0.00000000000000000000000000000000000000000000000000000000000741887688430205,0.325357942822565,0.324361425751402,811.122938340585,679,0.700745492028166,0.871603712548136,"positive","OK"
"NE",300,"mean_neighbour_DGR",0.777887755985875,0.00000000000000000000000000000000000000000000000000000000212263225021637,0.314025455446774,0.313012199103268,822.433893766576,679,0.691127787988282,0.864647723983468,"positive","OK"
"NE",310,"mean_neighbour_DGR",0.76847996831407,0.000000000000000000000000000000000000000000000000000000606172551480945,0.302508415144356,0.30147814692448,833.73919550836,679,0.680422908214118,0.856537028414022,"positive","OK"
"NE",320,"mean_neighbour_DGR",0.763756406321003,0.0000000000000000000000000000000000000000000000000000972702082142217,0.292002565252112,0.29095677879015,843.89026014085,679,0.67401182221702,0.853500990424986,"positive","OK"
"NE",330,"mean_neighbour_DGR",0.756489447883185,0.000000000000000000000000000000000000000000000000071701082783947,0.278108282194662,0.27704197241947,857.086409121633,679,0.664515925915825,0.848462969850545,"positive","OK"
"NE",340,"mean_neighbour_DGR",0.753776358336293,0.00000000000000000000000000000000000000000000000782782339112894,0.268069668120904,0.26698853025993,866.463522765354,679,0.65978575861115,0.847766958061435,"positive","OK"
"NE",350,"mean_neighbour_DGR",0.747229122901476,0.00000000000000000000000000000000000000000000143234980249663,0.25676519628046,0.255667360529028,876.870339535847,679,0.651293564978634,0.843164680824318,"positive","OK"
"NE",360,"mean_neighbour_DGR",0.740815828266132,0.000000000000000000000000000000000000000000354469487598099,0.244618582808594,0.243502805235195,887.877468707276,679,0.642577819062124,0.839053837470141,"positive","OK"
"NE",370,"mean_neighbour_DGR",0.733190681612932,0.0000000000000000000000000000000000000000319895107990306,0.234550741961567,0.233420093131377,896.867508045749,679,0.633239574517849,0.833141788708014,"positive","OK"
"NE",380,"mean_neighbour_DGR",0.723909135439131,0.00000000000000000000000000000000000000398737589360202,0.223614817003448,0.222468014665196,906.499693412521,679,0.62211956948269,0.825698701395572,"positive","OK"
"NE",390,"mean_neighbour_DGR",0.71349697530212,0.000000000000000000000000000000000000767197502764681,0.211521044226973,0.210356378118002,916.994962623017,679,0.609542958958311,0.81745099164593,"positive","OK"
"NE",400,"mean_neighbour_DGR",0.699722339041375,0.0000000000000000000000000000000000690746762267483,0.20102781167037,0.199847645956442,925.971627770849,679,0.594454823708187,0.804989854374563,"positive","OK"
"NE",410,"mean_neighbour_DGR",0.688927849784454,0.00000000000000000000000000000000295435017290401,0.192166419475493,0.190973164555959,933.460954007729,679,0.582335308136492,0.795520391432417,"positive","OK"
"NE",420,"mean_neighbour_DGR",0.67271735972099,0.000000000000000000000000000000306573878535646,0.181082264026464,0.179872636646887,942.714068416538,679,0.564761631789871,0.780673087652109,"positive","OK"
"NE",430,"mean_neighbour_DGR",0.660418311520949,0.0000000000000000000000000000115745109749842,0.172310149134227,0.171087564420983,949.948727613723,679,0.551191723681735,0.769644899360163,"positive","OK"
"NE",440,"mean_neighbour_DGR",0.64787957060115,0.000000000000000000000000000363042640729221,0.16390250086881,0.162667497177331,956.81119326029,679,0.537456242530536,0.758302898671764,"positive","OK"
"NE",450,"mean_neighbour_DGR",0.634145102237696,0.000000000000000000000000011729440641793,0.155339931526509,0.154092280022117,963.729543644976,679,0.522556729604357,0.745733474871035,"positive","OK"
"NE",460,"mean_neighbour_DGR",0.625824089206861,0.000000000000000000000000109831445491388,0.149784729265175,0.148528872144444,968.180603561537,679,0.513308206500847,0.738339971912875,"positive","OK"
"NE",470,"mean_neighbour_DGR",0.615165778644921,0.00000000000000000000000137935981028108,0.143458746577749,0.142193545317155,973.213965793877,679,0.501734280330073,0.72859727695977,"positive","OK"
"NE",480,"mean_neighbour_DGR",0.612225100055237,0.00000000000000000000000337637057422327,0.141210220938878,0.139941698370102,974.994088410859,679,0.498291355120223,0.726158844990251,"positive","OK"
"NE",490,"mean_neighbour_DGR",0.610609387615873,0.00000000000000000000000697688433722697,0.139383078343342,0.138111856893332,976.437179552521,679,0.49611234586116,0.725106429370586,"positive","OK"
"NE",500,"mean_neighbour_DGR",0.606261535355941,0.0000000000000000000000230696564417118,0.136364513256443,0.13508883306923,978.81456673538,679,0.491127044231007,0.721396026480875,"positive","OK"
"NE",10,"n_neighbours",NA,NA,NA,NA,NA,683,NA,NA,NA,"Skipped: predictor has insufficient variation"
"NE",20,"n_neighbours",0.204494681772635,0.0000584249157779818,0.0234574609155611,0.0220234777450994,1076.48633029785,683,0.105220987222083,0.303768376323187,"positive","OK"
"NE",30,"n_neighbours",0.152887565096624,0.000731694195806031,0.0166228850782499,0.0151788658199213,1081.2498257902,683,0.06441143961339,0.241363690579858,"positive","OK"
"NE",40,"n_neighbours",0.149354632336737,0.00000000629178370779647,0.0483751576141337,0.0469777643066654,1058.83253685206,683,0.0995135493535421,0.199195715319933,"positive","OK"
"NE",50,"n_neighbours",0.112212971681131,0.00000000759614093433826,0.0478625820941656,0.0464644361060513,1059.20032341438,683,0.0745563025559981,0.149869640806264,"positive","OK"
"NE",60,"n_neighbours",0.0769787595347212,0.000000250627877390379,0.038330503856889,0.0369183606907464,1066.00400170003,683,0.0479680300739824,0.10598948899546,"positive","OK"
"NE",70,"n_neighbours",0.0553950655150685,0.000000438925168745292,0.0368003794090307,0.03538598936411,1067.0898679638,683,0.0340719741365435,0.0767181568935935,"positive","OK"
"NE",80,"n_neighbours",0.0409660635254528,0.000022044419690944,0.0261100115469196,0.0246799234581485,1074.62859549024,683,0.0221415944055203,0.0597905326453853,"positive","OK"
"NE",90,"n_neighbours",0.0378033245588424,0.000014389979504496,0.0272724698245956,0.0258440887230165,1073.81286349314,683,0.0208165685767781,0.0547900805409067,"positive","OK"
"NE",100,"n_neighbours",0.0307164309368387,0.0000906542888868568,0.0222641811668321,0.0208284457500434,1077.32040817255,683,0.0154011405571239,0.0460317213165534,"positive","OK"
"NE",110,"n_neighbours",0.0221063642960635,0.0019459352002756,0.0140079961557105,0.0125601371192284,1083.06357433194,683,0.00815190232339107,0.036060826268736,"positive","OK"
"NE",120,"n_neighbours",0.0120287480230226,0.046790064407559,0.0057920064864876,0.00433208285430919,1088.73123734808,683,0.000171289413617321,0.023886206632428,"positive","OK"
"NE",130,"n_neighbours",0.00598250229981074,0.250612306634352,0.00193770380357734,0.00047212040240785,1091.37394303948,683,-0.0042331261176581,0.0161981307172796,"positive","OK"
"NE",140,"n_neighbours",0.00424619164217059,0.338904298380255,0.00134306706497769,-0.000123389517893147,1091.78074725967,683,-0.00446557004309874,0.0129579533274399,"positive","OK"
"NE",150,"n_neighbours",0.00304910538136246,0.441879951669846,0.00086868260803074,-0.000598470574630028,1092.10511055506,683,-0.00473126445681634,0.0108294752195413,"positive","OK"
"NE",160,"n_neighbours",0.00323422996550458,0.359386978442609,0.00123367476631223,-0.00023294245135852,1091.85555858447,683,-0.00368965088433315,0.0101581108153423,"positive","OK"
"NE",170,"n_neighbours",0.00339286117532956,0.290141470110802,0.00164297562129755,0.00017695943278262,1091.57560343005,683,-0.0028998899184828,0.00968561226914192,"positive","OK"
"NE",180,"n_neighbours",0.00368347233610279,0.212632515154363,0.0022801457753845,0.000815065225862277,1091.13956087609,683,-0.00211385065862268,0.00948079533082827,"positive","OK"
"NE",190,"n_neighbours",0.00415773076667781,0.128506000625989,0.00338948013252906,0.00192602856150481,1090.37973145774,683,-0.00120640343791099,0.00952186497126662,"positive","OK"
"NE",200,"n_neighbours",0.00470874935790713,0.0678649637924668,0.00488723618057825,0.00342598395764226,1089.35251288574,683,-0.000346669488609441,0.0097641682044237,"positive","OK"
"NE",210,"n_neighbours",0.00473457882442567,0.0514776843482538,0.00555784200245623,0.00409757451640991,1088.89208448674,683,-0.0000304452719082386,0.00949960292075957,"positive","OK"
"NE",220,"n_neighbours",0.00482673260931346,0.0377188258305927,0.00632474003251128,0.00486559868160452,1088.36516250942,683,0.000274743400645107,0.00937872181798182,"positive","OK"
"NE",230,"n_neighbours",0.00418946920172483,0.0594812007953405,0.00520578449521056,0.00374500003778799,1089.13384085432,683,-0.000167952774293234,0.0085468911777429,"positive","OK"
"NE",240,"n_neighbours",0.00326070521486831,0.126826766550492,0.00341944603632342,0.00195603846809478,1090.35919482925,683,-0.000927586759326699,0.00744899718906333,"positive","OK"
"NE",250,"n_neighbours",0.0027263387521496,0.180712421491322,0.00262953406779735,0.00116496657009946,1090.90034142447,683,-0.0012686517583147,0.0067213292626139,"positive","OK"
"NE",260,"n_neighbours",0.0021657455964124,0.259539515532023,0.00186631074547452,0.000400622508683668,1091.42279741957,683,-0.00160265360663867,0.00593414479946347,"positive","OK"
"NE",270,"n_neighbours",0.00177573102376727,0.328278321399559,0.00140338937464251,-0.0000629786292127843,1091.73949046716,683,-0.00178820761864634,0.00533966966618088,"positive","OK"
"NE",280,"n_neighbours",0.00140263895615234,0.410556059496416,0.000994640449500258,-0.000472327773040959,1092.01900112438,683,-0.00194195831921263,0.00474723623151731,"positive","OK"
"NE",290,"n_neighbours",0.00123865059165352,0.441204654995563,0.00087125447556632,-0.00059589493049006,1092.10335244003,683,-0.0019173284818217,0.00439462966512873,"positive","OK"
"NE",300,"n_neighbours",0.00132201289311481,0.389269179388868,0.00108864051407763,-0.00037818967606329,1091.95473213504,683,-0.00169102091464524,0.00433504670087485,"positive","OK"
"NE",310,"n_neighbours",0.00143560993603541,0.327620491610727,0.00140720900003258,-0.0000591533949747536,1091.73687799171,683,-0.00144177821655997,0.00431299808863078,"positive","OK"
"NE",320,"n_neighbours",0.00147952878031764,0.29608885082753,0.00160301463681092,0.000136939768436206,1091.60294115144,683,-0.00129860649288637,0.00425766405352165,"positive","OK"
"NE",330,"n_neighbours",0.00158263309097369,0.248449107668723,0.00195547420373411,0.000489916897131626,1091.36178218399,683,-0.00110751531613407,0.00427278149808145,"positive","OK"
"NE",340,"n_neighbours",0.00142185937156742,0.284384012916965,0.00168266622914686,0.000216708323462766,1091.54844959291,683,-0.00118392842475808,0.00402764716789292,"positive","OK"
"NE",350,"n_neighbours",0.00129596201214738,0.315565939306394,0.00147904555114817,0.0000127886430001389,1091.68774271883,683,-0.00123757453047912,0.00382949855477388,"positive","OK"
"NE",360,"n_neighbours",0.00122722383373638,0.328775899998417,0.0014005069642519,-0.0000658652722176356,1091.74146191733,683,-0.00123838342366147,0.00369283109113423,"positive","OK"
"NE",370,"n_neighbours",0.00115704200164782,0.344993922506472,0.001309626849008,-0.00015687883843829,1091.80361726073,683,-0.00124697677627515,0.0035610607795708,"positive","OK"
"NE",380,"n_neighbours",0.000900858938075842,0.451761163789604,0.000831732090599893,-0.00063547535126407,1092.13036923358,683,-0.0014484031150184,0.00325012099117009,"positive","OK"
"NE",390,"n_neighbours",0.000758010975881681,0.515037350709318,0.000622611823532057,-0.000844902696550909,1092.27330231344,683,-0.00152694931013454,0.0030429712618979,"positive","OK"
"NE",400,"n_neighbours",0.000600568863603965,0.592541824660787,0.000420766873969493,-0.00104704404104661,1092.41123437214,683,-0.00160183894717844,0.00280297667438637,"positive","OK"
"NE",410,"n_neighbours",0.000626920036626446,0.561946269604145,0.000494140115194336,-0.000973563056442694,1092.36109751308,683,-0.00149450090144456,0.00274834097469745,"positive","OK"
"NE",420,"n_neighbours",0.000731326212138971,0.483011540409504,0.00072281870071122,-0.000744548672709122,1092.20481494377,683,-0.00131458376003806,0.002777236184316,"positive","OK"
"NE",430,"n_neighbours",0.000850051504790142,0.397139524354376,0.0010530381249948,-0.000413844344718806,1091.97907463369,683,-0.00111983630470218,0.00281993931428246,"positive","OK"
"NE",440,"n_neighbours",0.00100762391216743,0.301044422862729,0.00157049437114122,0.000104371749072407,1091.62518779286,683,-0.000903927843053984,0.00291917566738884,"positive","OK"
"NE",450,"n_neighbours",0.00115381905864361,0.223881447700243,0.00217150542045965,0.000706265340313483,1091.2139277663,683,-0.000707120571850016,0.00301475868913724,"positive","OK"
"NE",460,"n_neighbours",0.0012274710679307,0.182974832158002,0.00260247711257418,0.0011378698836646,1090.91886979521,683,-0.000580531454462705,0.0030354735903241,"positive","OK"
"NE",470,"n_neighbours",0.00127401491200088,0.156928781978695,0.00293993635075866,0.00147582465670681,1090.68774463774,683,-0.000491263834111191,0.00303929365811296,"positive","OK"
"NE",480,"n_neighbours",0.00130570343078164,0.137619419553144,0.00323410749220572,0.00177042776752467,1090.48620358502,683,-0.000418986345008056,0.00303039320657133,"positive","OK"
"NE",490,"n_neighbours",0.00122211816550291,0.153446834467028,0.0029898582665899,0.00152581987931621,1090.65354657548,683,-0.000457013575640963,0.00290124990664679,"positive","OK"
"NE",500,"n_neighbours",0.00118835147839573,0.156376791696555,0.00294776623186387,0.00148366603543493,1090.68238103931,683,-0.000456037021561457,0.00283273997835291,"positive","OK"
"NW",10,"idw_neighbour_DGR",NA,NA,NA,NA,NA,0,NA,NA,NA,"Skipped: sample size < 10"
"NW",20,"idw_neighbour_DGR",NA,NA,NA,NA,NA,0,NA,NA,NA,"Skipped: sample size < 10"
"NW",30,"idw_neighbour_DGR",NA,NA,NA,NA,NA,0,NA,NA,NA,"Skipped: sample size < 10"
"NW",40,"idw_neighbour_DGR",NA,NA,NA,NA,NA,3,NA,NA,NA,"Skipped: sample size < 10"
"NW",50,"idw_neighbour_DGR",0.892357468801234,0.000000000000000000000000000000000000000000000000000000000000000000000000000000000000141714920796259,0.555866078625986,0.554929087230682,353.683028939341,476,0.820366169189081,0.964348768413388,"positive","OK"
"NW",60,"idw_neighbour_DGR",0.94199310157528,0.000000000000000000000000000000000000000000000000000000000000000000000000000000000000000000000000247450006257477,0.586383195194731,0.585550968223292,328.138253734168,499,0.872268691436059,1.0117175117145,"positive","OK"
"NW",70,"idw_neighbour_DGR",0.955536217178017,0.00000000000000000000000000000000000000000000000000000000000000000000000000000000000000000000000397655382681405,0.578091604925914,0.577251149955647,341.717985673601,504,0.88395443974277,1.02711799461326,"positive","OK"
"NW",80,"idw_neighbour_DGR",0.97316710543449,0.000000000000000000000000000000000000000000000000000000000000000000000000000000000000000000000000310683634545745,0.577299754408826,0.576469302059924,342.011172126319,511,0.900652399304542,1.04568181156444,"positive","OK"
"NW",90,"idw_neighbour_DGR",0.976869758291408,0.0000000000000000000000000000000000000000000000000000000000000000000000000000000000000000000202269014971823,0.551496522754472,0.550632354204866,374.805815095756,521,0.900902481477167,1.05283703510565,"positive","OK"
"NW",100,"idw_neighbour_DGR",0.914298144679892,0.0000000000000000000000000000000000000000000000000000000000000000000000820831212192534,0.44627467427055,0.445241604632995,504.680773061044,538,0.827884688270597,1.00071160108919,"positive","OK"
"NW",110,"idw_neighbour_DGR",0.885663418880818,0.0000000000000000000000000000000000000000000000000000000000000000479837411427652,0.410134271606285,0.409061788463751,551.88168615535,552,0.796701169188059,0.974625668573577,"positive","OK"
"NW",120,"idw_neighbour_DGR",0.872608365237261,0.00000000000000000000000000000000000000000000000000000000000000136189251518224,0.397950594285723,0.396873582826485,570.402287493179,561,0.783441319395634,0.961775411078889,"positive","OK"
"NW",130,"idw_neighbour_DGR",0.855531971449785,0.00000000000000000000000000000000000000000000000000000000000369990139506673,0.375481967706612,0.374384396472353,603.342311021681,571,0.764680718321419,0.94638322457815,"positive","OK"
"NW",140,"idw_neighbour_DGR",0.857477843835036,0.000000000000000000000000000000000000000000000000000000000193450698290731,0.361740753604436,0.360638406028623,634.384029471824,581,0.764508377516556,0.950447310153516,"positive","OK"
"NW",150,"idw_neighbour_DGR",0.893213629109,0.000000000000000000000000000000000000000000000000000000000000565990686407889,0.371418296555036,0.370343797916668,636.046019719338,587,0.798856618484517,0.987570639733484,"positive","OK"
"NW",160,"idw_neighbour_DGR",0.917267339847519,0.0000000000000000000000000000000000000000000000000000000000000178418927840879,0.377271122541575,0.376212059824809,636.371346494582,590,0.821817997890537,1.0127166818045,"positive","OK"
"NW",170,"idw_neighbour_DGR",0.914630759627719,0.0000000000000000000000000000000000000000000000000000000000000640302924725711,0.370610862246905,0.369554840203695,646.749770807808,598,0.818744991823482,1.01051652743196,"positive","OK"
"NW",180,"idw_neighbour_DGR",0.919464521850429,0.00000000000000000000000000000000000000000000000000000000000000394522164240215,0.372536998194327,0.371498152164847,650.538389550185,606,0.824109167146157,1.0148198765547,"positive","OK"
"NW",190,"idw_neighbour_DGR",0.815684119628977,0.00000000000000000000000000000000000000000000000000605279543526782,0.307858818215018,0.306729713513901,723.478477561603,615,0.718673397605035,0.912694841652919,"positive","OK"
"NW",200,"idw_neighbour_DGR",0.847229317378905,0.000000000000000000000000000000000000000000000000000170331200375242,0.315846746052045,0.314730672228313,716.339553426593,615,0.748324907931676,0.946133726826134,"positive","OK"
"NW",210,"idw_neighbour_DGR",0.873510037185511,0.000000000000000000000000000000000000000000000000000000674890870891798,0.3267375362149,0.325644577669794,713.593700362563,618,0.774296149813568,0.972723924557454,"positive","OK"
"NW",220,"idw_neighbour_DGR",0.861742218837263,0.00000000000000000000000000000000000000000000000000000154914305270025,0.323637051444933,0.322544381091855,720.751897008055,621,0.763411112445802,0.960073325228724,"positive","OK"
"NW",230,"idw_neighbour_DGR",0.883386179021343,0.00000000000000000000000000000000000000000000000000000210327820664567,0.32254431347399,0.321451643011851,725.005735566551,622,0.782415046400413,0.984357311642273,"positive","OK"
"NW",240,"idw_neighbour_DGR",0.886638517718933,0.00000000000000000000000000000000000000000000000000000442263042633727,0.320499933703696,0.319405730698388,728.212876991072,623,0.784901986288595,0.988375049149271,"positive","OK"
"NW",250,"idw_neighbour_DGR",0.886592288480454,0.0000000000000000000000000000000000000000000000000000102098987378079,0.318252046762375,0.317155988959742,731.048645249213,624,0.784416248808287,0.988768328152622,"positive","OK"
"NW",260,"idw_neighbour_DGR",0.892892256261674,0.0000000000000000000000000000000000000000000000000000159306191464601,0.316443124513116,0.3153476808024,733.34497852484,626,0.789726032655798,0.996058479867549,"positive","OK"
"NW",270,"idw_neighbour_DGR",0.901771441600625,0.0000000000000000000000000000000000000000000000000000194480319524966,0.315591296168893,0.314496242242763,734.908785283406,627,0.797457670114508,1.00608521308674,"positive","OK"
"NW",280,"idw_neighbour_DGR",0.906863656298492,0.000000000000000000000000000000000000000000000000000128974756472067,0.311038851446355,0.309938274531732,739.374528572339,628,0.800930123348419,1.01279718924857,"positive","OK"
"NW",290,"idw_neighbour_DGR",0.907373005069327,0.000000000000000000000000000000000000000000000000000281257053121661,0.308511472842011,0.307410376461186,743.524302840484,630,0.800922245931986,1.01382376420667,"positive","OK"
"NW",300,"idw_neighbour_DGR",0.910782664759066,0.000000000000000000000000000000000000000000000000000540385178246435,0.306268983285408,0.305167822941417,747.580011376125,632,0.80353897021133,1.0180263593068,"positive","OK"
"NW",310,"idw_neighbour_DGR",0.912087957967239,0.00000000000000000000000000000000000000000000000000238507381217751,0.303003212258245,0.301896868150718,750.548199797061,632,0.803859503355801,1.02031641257868,"positive","OK"
"NW",320,"idw_neighbour_DGR",0.917851720698396,0.00000000000000000000000000000000000000000000000000814927423761,0.30028906619038,0.299178413914492,753.004465267045,632,0.808235440514514,1.02746800088228,"positive","OK"
"NW",330,"idw_neighbour_DGR",0.924548199108133,0.0000000000000000000000000000000000000000000000000179943401978177,0.298533753412101,0.297420314925454,754.587931329325,632,0.813669227596416,1.03542717061985,"positive","OK"
"NW",340,"idw_neighbour_DGR",0.923887523888957,0.0000000000000000000000000000000000000000000000000770437241680967,0.29529973958742,0.294181167745496,757.494984414047,632,0.812226205869229,1.03554884190869,"positive","OK"
"NW",350,"idw_neighbour_DGR",0.92745115318781,0.000000000000000000000000000000000000000000000000175604110671684,0.293461166817116,0.292339676605714,759.14173393157,632,0.814861959916913,1.04004034645871,"positive","OK"
"NW",360,"idw_neighbour_DGR",0.930389535140968,0.000000000000000000000000000000000000000000000000353327398399181,0.291897158756024,0.290773185992145,760.539195232498,632,0.817016175911195,1.04376289437074,"positive","OK"
"NW",370,"idw_neighbour_DGR",0.932084020423702,0.000000000000000000000000000000000000000000000000807773644359377,0.290043024893975,0.288916109060473,762.191894582807,632,0.817992641743524,1.04617539910388,"positive","OK"
"NW",380,"idw_neighbour_DGR",0.933279533188191,0.00000000000000000000000000000000000000000000000130411994706842,0.288966764890604,0.28783814070789,763.149250161061,632,0.818742558483042,1.04781650789334,"positive","OK"
"NW",390,"idw_neighbour_DGR",0.933054639001045,0.00000000000000000000000000000000000000000000000302328151101311,0.287073660582689,0.285942031472503,764.829694815391,632,0.818015480468627,1.04809379753346,"positive","OK"
"NW",400,"idw_neighbour_DGR",0.933209407841348,0.00000000000000000000000000000000000000000000000545962392592476,0.285739957632296,0.284606211533299,766.010900747245,632,0.817775137715356,1.04864367796734,"positive","OK"
"NW",410,"idw_neighbour_DGR",0.93265447878483,0.00000000000000000000000000000000000000000000000953290066026804,0.28447997326328,0.283344227189094,767.124792798982,632,0.81693171663212,1.04837724093754,"positive","OK"
"NW",420,"idw_neighbour_DGR",0.932407430155286,0.0000000000000000000000000000000000000000000000139625915114363,0.283615993257311,0.28247887578629,767.887463225589,632,0.816469305497882,1.04834555481269,"positive","OK"
"NW",430,"idw_neighbour_DGR",0.932669029066476,0.0000000000000000000000000000000000000000000000193354499733542,0.2828781467648,0.281739858108871,768.538062623146,632,0.816487443700961,1.04885061443199,"positive","OK"
"NW",440,"idw_neighbour_DGR",0.932696561991005,0.0000000000000000000000000000000000000000000000270567831131241,0.282115855352568,0.28097635671027,769.209513778831,632,0.816292865310388,1.04910025867162,"positive","OK"
"NW",450,"idw_neighbour_DGR",0.932938811731607,0.0000000000000000000000000000000000000000000000361853766602866,0.281455648304787,0.280315101714794,769.790469788324,632,0.816314812562876,1.04956281090034,"positive","OK"
"NW",460,"idw_neighbour_DGR",0.93361975062811,0.0000000000000000000000000000000000000000000000432288879776607,0.281051454368065,0.279910266200395,770.145881039698,632,0.816793892377325,1.05044560887889,"positive","OK"
"NW",470,"idw_neighbour_DGR",0.934454339487684,0.0000000000000000000000000000000000000000000000477476519933734,0.280825410951712,0.279683863984968,770.344555877571,632,0.817458608851289,1.05145007012408,"positive","OK"
"NW",480,"idw_neighbour_DGR",0.934697697874849,0.000000000000000000000000000000000000000000000060764354281297,0.280277015366285,0.279134597930359,770.826294165423,632,0.817512412899508,1.05188298285019,"positive","OK"
"NW",490,"idw_neighbour_DGR",0.935167362566417,0.0000000000000000000000000000000000000000000000757644633212419,0.27977477247222,0.27863155782535,771.267167690235,632,0.817777067570307,1.05255765756253,"positive","OK"
"NW",500,"idw_neighbour_DGR",0.935590704489199,0.0000000000000000000000000000000000000000000000822932185708932,0.279586514110223,0.278443000640556,771.432343433954,632,0.818092381267531,1.05308902771087,"positive","OK"
"NW",10,"mean_neighbour_DGR",NA,NA,NA,NA,NA,0,NA,NA,NA,"Skipped: sample size < 10"
"NW",20,"mean_neighbour_DGR",NA,NA,NA,NA,NA,0,NA,NA,NA,"Skipped: sample size < 10"
"NW",30,"mean_neighbour_DGR",NA,NA,NA,NA,NA,0,NA,NA,NA,"Skipped: sample size < 10"
"NW",40,"mean_neighbour_DGR",NA,NA,NA,NA,NA,3,NA,NA,NA,"Skipped: sample size < 10"
"NW",50,"mean_neighbour_DGR",0.89196232959523,0.000000000000000000000000000000000000000000000000000000000000000000000000000000000000195861182572849,0.555260280214002,0.554322010762977,354.331850268714,476,0.819914577886459,0.964010081304001,"positive","OK"
"NW",60,"mean_neighbour_DGR",0.943844361316533,0.000000000000000000000000000000000000000000000000000000000000000000000000000000000000000000000000266317065623425,0.586261046937555,0.585428574194975,328.285595383015,499,0.873965331257761,1.01372339137531,"positive","OK"
"NW",70,"mean_neighbour_DGR",0.955208868288512,0.0000000000000000000000000000000000000000000000000000000000000000000000000000000000000000000000711517963064313,0.57322236514918,0.572372210498083,347.501334731169,504,0.882934853213555,1.02748288336347,"positive","OK"
"NW",80,"mean_neighbour_DGR",0.971184311261908,0.0000000000000000000000000000000000000000000000000000000000000000000000000000000000000000000000547055349774514,0.568636191058521,0.567788717956475,352.378621044599,511,0.89752470905283,1.04484391347099,"positive","OK"
"NW",90,"mean_neighbour_DGR",0.969710870948296,0.00000000000000000000000000000000000000000000000000000000000000000000000000000000000000435762467779189,0.529797691803276,0.528891714330836,399.421299185667,521,0.890932320146566,1.04848942175003,"positive","OK"
"NW",100,"mean_neighbour_DGR",0.900432319292779,0.000000000000000000000000000000000000000000000000000000000000000663135146044967,0.412504069127194,0.411407994629297,536.530673241328,538,0.809254992919589,0.991609645665969,"positive","OK"
"NW",110,"mean_neighbour_DGR",0.869485663617979,0.000000000000000000000000000000000000000000000000000000000723642613860733,0.373698066021422,0.37255933523237,584.96726645113,552,0.775206140911015,0.963765186324943,"positive","OK"
"NW",120,"mean_neighbour_DGR",0.853653605101413,0.0000000000000000000000000000000000000000000000000000000486738238686518,0.359413859288289,0.358267909126014,605.209022460931,561,0.758973973984577,0.948333236218248,"positive","OK"
"NW",130,"mean_neighbour_DGR",0.831600354678758,0.000000000000000000000000000000000000000000000000000362760669872228,0.33389048681462,0.332719819831869,640.156900679601,571,0.734883494164272,0.928317215193244,"positive","OK"
"NW",140,"mean_neighbour_DGR",0.826300912132591,0.00000000000000000000000000000000000000000000000132387460608378,0.309989334051535,0.308797605785648,679.680249086316,581,0.725674879247619,0.926926945017564,"positive","OK"
"NW",150,"mean_neighbour_DGR",0.848111298727248,0.0000000000000000000000000000000000000000000000017127605481539,0.306748481349818,0.305563436018792,693.529085371483,587,0.744578807440693,0.951643790013802,"positive","OK"
"NW",160,"mean_neighbour_DGR",0.865614689497147,0.000000000000000000000000000000000000000000000000720657703774004,0.307484803916667,0.306307056984553,699.040524769257,590,0.760398703205841,0.970830675788453,"positive","OK"
"NW",170,"mean_neighbour_DGR",0.857330422657767,0.00000000000000000000000000000000000000000000000958646582092435,0.298011525578788,0.296833692568014,712.03179187177,598,0.751477100388277,0.963183744927257,"positive","OK"
"NW",180,"mean_neighbour_DGR",0.865521368328305,0.00000000000000000000000000000000000000000000000079298242638066,0.300485625705578,0.299327489324296,716.41158052808,606,0.759994021598931,0.971048715057679,"positive","OK"
"NW",190,"mean_neighbour_DGR",0.753497270889948,0.0000000000000000000000000000000000000202433828572104,0.23987957318073,0.238639572484451,781.095934800526,615,0.647106872455577,0.859887669324318,"positive","OK"
"NW",200,"mean_neighbour_DGR",0.77980049604994,0.00000000000000000000000000000000000000423631041377912,0.243729365162467,0.242495644714119,777.973221648967,615,0.670846194539189,0.888754797560692,"positive","OK"
"NW",210,"mean_neighbour_DGR",0.805807874938662,0.0000000000000000000000000000000000000000656067311433102,0.25282856212035,0.251615621474442,777.964219614175,618,0.696200329696045,0.915415420181279,"positive","OK"
"NW",220,"mean_neighbour_DGR",0.792105447649067,0.000000000000000000000000000000000000000415456957580684,0.247317615703646,0.246101650624007,787.145180698612,621,0.683033236024032,0.901177659274102,"positive","OK"
"NW",230,"mean_neighbour_DGR",0.813303470647918,0.00000000000000000000000000000000000000992036130314582,0.239263667232979,0.238036673147871,797.122082445988,622,0.698928181869015,0.927678759426821,"positive","OK"
"NW",240,"mean_neighbour_DGR",0.80088762910319,0.00000000000000000000000000000000000030638992341517,0.230517541605809,0.229278439418379,805.689671434995,623,0.68557722061755,0.91619803758883,"positive","OK"
"NW",250,"mean_neighbour_DGR",0.795294933227197,0.00000000000000000000000000000000000192947645207176,0.225649189098831,0.224404252103813,810.524402417004,624,0.679289320303889,0.911300546150505,"positive","OK"
"NW",260,"mean_neighbour_DGR",0.800373209499313,0.0000000000000000000000000000000000107980619351073,0.220747867429156,0.219499065934652,815.366497386647,626,0.682155574805483,0.918590844193142,"positive","OK"
"NW",270,"mean_neighbour_DGR",0.807628136947889,0.0000000000000000000000000000000000748970459726708,0.215617515595917,0.214362503620871,820.394908758542,627,0.686628718642197,0.928627555253581,"positive","OK"
"NW",280,"mean_neighbour_DGR",0.802396599182087,0.0000000000000000000000000000000081512574193762,0.203537595512131,0.202265291351607,830.431417513227,628,0.677815886023268,0.926977312340906,"positive","OK"
"NW",290,"mean_neighbour_DGR",0.796460373861303,0.0000000000000000000000000000000658331982320162,0.197672743788601,0.19639515261629,837.186412320581,630,0.67072061316402,0.922200134558586,"positive","OK"
"NW",300,"mean_neighbour_DGR",0.792696382220731,0.000000000000000000000000000000704699437731152,0.191085165622381,0.189801173821782,844.661112622381,632,0.665094302474554,0.920298461966909,"positive","OK"
"NW",310,"mean_neighbour_DGR",0.785088935261169,0.0000000000000000000000000000110992196234534,0.184022510920973,0.182727308557355,850.155170064229,632,0.655748168037912,0.914429702484426,"positive","OK"
"NW",320,"mean_neighbour_DGR",0.783894014105509,0.000000000000000000000000000101507251747232,0.178309534514289,0.177005263934153,854.56463014493,632,0.652239076313177,0.915548951897841,"positive","OK"
"NW",330,"mean_neighbour_DGR",0.784537455278865,0.000000000000000000000000000930730497113397,0.172551412621303,0.171238002165147,858.978021263944,632,0.650125500949768,0.918949409607963,"positive","OK"
"NW",340,"mean_neighbour_DGR",0.773673542909618,0.000000000000000000000000011845163054717,0.165893662211846,0.164569683897897,864.04282016316,632,0.637946457781339,0.909400628037897,"positive","OK"
"NW",350,"mean_neighbour_DGR",0.771937476470492,0.0000000000000000000000000758531727743273,0.161001327169776,0.159669583244648,867.738899655466,632,0.634070262922822,0.909804690018161,"positive","OK"
"NW",360,"mean_neighbour_DGR",0.769101291512512,0.000000000000000000000000323372011711527,0.157162029507638,0.155824191459238,870.624364598784,632,0.629755217857234,0.908447365167789,"positive","OK"
"NW",370,"mean_neighbour_DGR",0.765887995323278,0.00000000000000000000000129288899677097,0.153477083203025,0.152133396033506,873.381489823599,632,0.625161517806994,0.906614472839561,"positive","OK"
"NW",380,"mean_neighbour_DGR",0.763382693373137,0.00000000000000000000000357555148238916,0.150762535178605,0.149414539202698,875.404883972258,632,0.62163267302693,0.905132713719344,"positive","OK"
"NW",390,"mean_neighbour_DGR",0.758950516838068,0.0000000000000000000000130434893329997,0.147297121803893,0.145943625171836,877.978586732793,632,0.616084755969628,0.901816277706508,"positive","OK"
"NW",400,"mean_neighbour_DGR",0.756542254292284,0.0000000000000000000000307132428189544,0.144996606559758,0.143639458316202,879.681369626972,632,0.612811020822994,0.900273487761574,"positive","OK"
"NW",410,"mean_neighbour_DGR",0.755140587901237,0.0000000000000000000000494349532937677,0.143715532379585,0.14235635068495,880.627603222774,632,0.610929731406044,0.89935144439643,"positive","OK"
"NW",420,"mean_neighbour_DGR",0.754436686708427,0.0000000000000000000000726247121430891,0.142678925036149,0.141318097933032,881.39223184317,632,0.609750324309347,0.899123049107507,"positive","OK"
"NW",430,"mean_neighbour_DGR",0.752701159774478,0.000000000000000000000120650966276918,0.141309177494918,0.139946176189354,882.401176631013,632,0.607533867937249,0.897868451611707,"positive","OK"
"NW",440,"mean_neighbour_DGR",0.750674996541722,0.000000000000000000000207410552116503,0.139844879027164,0.138479553438319,883.477988498893,632,0.605018446290909,0.896331546792536,"positive","OK"
"NW",450,"mean_neighbour_DGR",0.749476163380441,0.0000000000000000000003127393672338,0.138733423487485,0.137366333683497,884.294104619324,632,0.603376561166995,0.895575765593887,"positive","OK"
"NW",460,"mean_neighbour_DGR",0.748688719128875,0.000000000000000000000437397933946057,0.13782449007756,0.136455957522128,884.960730986236,632,0.602184916633414,0.895192521624336,"positive","OK"
"NW",470,"mean_neighbour_DGR",0.748875908670612,0.000000000000000000000522170318928892,0.137344157046107,0.135974862057291,885.312731178278,632,0.602038567180308,0.895713250160916,"positive","OK"
"NW",480,"mean_neighbour_DGR",0.746731469284375,0.00000000000000000000081895462522857,0.136122793563243,0.134751559902232,886.206895179602,632,0.599555129364178,0.893907809204571,"positive","OK"
"NW",490,"mean_neighbour_DGR",0.745748104184912,0.00000000000000000000119479506104026,0.135096497758492,0.133723635056521,886.957272623707,632,0.598120727002098,0.893375481367725,"positive","OK"
"NW",500,"mean_neighbour_DGR",0.745153294526187,0.00000000000000000000142625731010061,0.134614945935759,0.133241318865816,887.309052977008,632,0.5973389288926,0.892967660159774,"positive","OK"
"NW",10,"n_neighbours",NA,NA,NA,NA,NA,683,NA,NA,NA,"Skipped: predictor has insufficient variation"
"NW",20,"n_neighbours",NA,NA,NA,NA,NA,683,NA,NA,NA,"Skipped: predictor has insufficient variation"
"NW",30,"n_neighbours",NA,NA,NA,NA,NA,683,NA,NA,NA,"Skipped: predictor has insufficient variation"
"NW",40,"n_neighbours",-1.22820029387339,0.0000703837137471807,0.02295143996395,0.021516713737759,1076.84015287397,683,-1.8311337551583,-0.625266832588483,"negative","OK"
"NW",50,"n_neighbours",0.114492975372541,0.0000000000551052624097686,0.0612156106042976,0.0598370725875638,1049.55394878472,683,0.0807582046475619,0.148227746097521,"positive","OK"
"NW",60,"n_neighbours",0.109696428798973,0.000000000000000000266710772753812,0.111787822022339,0.11048354569638,1011.73269949892,683,0.0864315557041958,0.132961301893751,"positive","OK"
"NW",70,"n_neighbours",0.107327051980334,0.0000000000000000000000178330065416815,0.136267405084541,0.134999075282903,992.644605259476,683,0.0869964636512207,0.127657640309447,"positive","OK"
"NW",80,"n_neighbours",0.106270575996899,0.0000000000000000000000000140342525429683,0.154059257298614,0.152817053564838,978.428703903292,683,0.0875341742456439,0.125006977748154,"positive","OK"
"NW",90,"n_neighbours",0.0837244249245706,0.0000000000000000000000142352453201676,0.136833653506395,0.135566155200237,992.196695220604,683,0.0679028378435187,0.0995460120056225,"positive","OK"
"NW",100,"n_neighbours",0.069241798891731,0.00000000000000000000000000000000000389650734511848,0.206662160474634,0.205497200357857,934.579998031765,683,0.0590344248699497,0.0794491729135123,"positive","OK"
"NW",110,"n_neighbours",0.0649110928553236,0.000000000000000000000000000000000000000118832939465612,0.230400947351198,0.229270845952301,913.830806587002,683,0.0559851081684211,0.0738370775422261,"positive","OK"
"NW",120,"n_neighbours",0.0629620082903083,0.00000000000000000000000000000000000000000895144830344756,0.23619595679248,0.235074364952234,908.668419342295,683,0.0544431694256699,0.0714808471549467,"positive","OK"
"NW",130,"n_neighbours",0.0618219413429155,0.0000000000000000000000000000000000000000000833201003682217,0.24656835589489,0.245461995184016,899.329779321907,683,0.0536909596774133,0.0699529230084178,"positive","OK"
"NW",140,"n_neighbours",0.0549903364111153,0.000000000000000000000000000000000000000000000000905275011006512,0.271338610787797,0.270268623432126,876.49766394057,683,0.0482101670670083,0.0617705057552224,"positive","OK"
"NW",150,"n_neighbours",0.0480185056722141,0.000000000000000000000000000000000000000000000000000160190958770213,0.289527614091178,0.288484335991459,859.232068448039,683,0.0423589240090368,0.0536780873353915,"positive","OK"
"NW",160,"n_neighbours",0.0436926160958362,0.000000000000000000000000000000000000000000000000000287186531884791,0.288312860338189,0.287267798459097,860.39885318653,683,0.0385276475034729,0.0488575846881994,"positive","OK"
"NW",170,"n_neighbours",0.0412304567807756,0.000000000000000000000000000000000000000000000000000126339738872755,0.290021015625677,0.288978462050972,858.757580875052,683,0.0363767532801868,0.0460841602813644,"positive","OK"
"NW",180,"n_neighbours",0.0391219795147116,0.00000000000000000000000000000000000000000000000000426549477528903,0.282671528973037,0.281618183200604,865.791445554933,683,0.0344329182613691,0.0438110407680542,"positive","OK"
"NW",190,"n_neighbours",0.0370981386043455,0.00000000000000000000000000000000000000000000000000476260890403623,0.282440109335722,0.281386423740033,866.011754838744,683,0.0326491110455567,0.0415471661631343,"positive","OK"
"NW",200,"n_neighbours",0.0329030954787353,0.00000000000000000000000000000000000000000000000410696291324763,0.268108079308457,0.267033348147382,879.519062178688,683,0.0288128217957542,0.0369933691617164,"positive","OK"
"NW",210,"n_neighbours",0.030316407733299,0.000000000000000000000000000000000000000000000443365665168764,0.258016764031168,0.256927214492301,888.87192494685,683,0.0264483058171963,0.0341845096494017,"positive","OK"
"NW",220,"n_neighbours",0.0289634588915739,0.0000000000000000000000000000000000000000000000304782395301045,0.263804449317365,0.262723398582148,883.523438976455,683,0.0253230258644419,0.032603891918706,"positive","OK"
"NW",230,"n_neighbours",0.0274280068614981,0.000000000000000000000000000000000000000000000023309728996595,0.264381636456389,0.263301433279379,882.987747837308,683,0.02398568106274,0.0308703326602561,"positive","OK"
"NW",240,"n_neighbours",0.0256231379781533,0.0000000000000000000000000000000000000000000000566376369053035,0.26246889696223,0.261385885063496,884.761365298777,683,0.0223914408925185,0.0288548350637881,"positive","OK"
"NW",250,"n_neighbours",0.0240637172337609,0.000000000000000000000000000000000000000000000212060008976771,0.259615524604114,0.258528322731286,887.398668498618,683,0.0210061703690374,0.0271212640984843,"positive","OK"
"NW",260,"n_neighbours",0.0234267932773085,0.0000000000000000000000000000000000000000000000161273251260153,0.265173811012678,0.264094771087586,882.251840763005,683,0.0204926120946438,0.0263609744599732,"positive","OK"
"NW",270,"n_neighbours",0.0222885881732204,0.00000000000000000000000000000000000000000000000180394616990706,0.269867385377459,0.268795237632051,877.875305051381,683,0.0195302004081534,0.0250469759382874,"positive","OK"
"NW",280,"n_neighbours",0.0211416533217223,0.00000000000000000000000000000000000000000000000441203918676943,0.267954656016596,0.266879699564344,879.662221467345,683,0.0185124488096538,0.0237708578337908,"positive","OK"
"NW",290,"n_neighbours",0.0201092324570379,0.00000000000000000000000000000000000000000000000835688251164268,0.266585571083916,0.265508604227945,880.938387894236,683,0.0175996643642177,0.0226188005498581,"positive","OK"
"NW",300,"n_neighbours",0.0193816536847351,0.00000000000000000000000000000000000000000000000222635977738803,0.269417874282882,0.268345066462446,878.29566924544,683,0.0169802828463936,0.0217830245230765,"positive","OK"
"NW",310,"n_neighbours",0.018802506857036,0.000000000000000000000000000000000000000000000000289110605704394,0.273767747077225,0.272701326735194,874.216945159063,683,0.0164983636628833,0.0211066500511888,"positive","OK"
"NW",320,"n_neighbours",0.0177193706939691,0.0000000000000000000000000000000000000000000000000679633217098391,0.276837488415944,0.275775575770447,871.323825188365,683,0.0155646008936183,0.0198741404943199,"positive","OK"
"NW",330,"n_neighbours",0.017084590116103,0.0000000000000000000000000000000000000000000000000225867841603467,0.279164551894226,0.278106056375715,869.122456798727,683,0.015019021717918,0.0191501585142881,"positive","OK"
"NW",340,"n_neighbours",0.0165758516805735,0.00000000000000000000000000000000000000000000000000805049456334574,0.281337104336373,0.280281799056397,867.060829633878,683,0.0145825545510416,0.0185691488101054,"positive","OK"
"NW",350,"n_neighbours",0.0160948952960558,0.00000000000000000000000000000000000000000000000000271183423850773,0.283621590776364,0.282569640102027,864.886250336034,683,0.0141703114332019,0.0180194791589097,"positive","OK"
"NW",360,"n_neighbours",0.0155009592351406,0.00000000000000000000000000000000000000000000000000224209567142594,0.284020209384787,0.282968844053487,864.506098895407,683,0.0136492132192323,0.0173527052510489,"positive","OK"
"NW",370,"n_neighbours",0.0149339250473432,0.00000000000000000000000000000000000000000000000000342408428578785,0.283132572487006,0.282079903724138,865.352324607497,683,0.0131460154398587,0.0167218346548278,"positive","OK"
"NW",380,"n_neighbours",0.0146150623374917,0.00000000000000000000000000000000000000000000000000354934379820599,0.283057203961055,0.282004424524874,865.424128675325,683,0.0128650024809724,0.016365122194011,"positive","OK"
"NW",390,"n_neighbours",0.0142932321264237,0.00000000000000000000000000000000000000000000000000225893944737809,0.284004528918721,0.282953140561773,864.521056916834,683,0.0125856954683628,0.0160007687844846,"positive","OK"
"NW",400,"n_neighbours",0.0140135553834266,0.0000000000000000000000000000000000000000000000000022745034188906,0.283990143156623,0.282938733675209,864.534779596941,683,0.0123393710028184,0.0156877397640347,"positive","OK"
"NW",410,"n_neighbours",0.013580492247373,0.00000000000000000000000000000000000000000000000000452582219812499,0.282547174294932,0.28149364591651,865.909838853692,683,0.0119522696141573,0.0152087148805887,"positive","OK"
"NW",420,"n_neighbours",0.0132855768595813,0.0000000000000000000000000000000000000000000000000105172234599914,0.280774848558561,0.279718717646019,867.59497513511,683,0.0116857210858731,0.0148854326332895,"positive","OK"
"NW",430,"n_neighbours",0.0131006695007388,0.00000000000000000000000000000000000000000000000000686125410140007,0.281673145792417,0.280618333965387,866.741389194331,683,0.0115265818773971,0.0146747571240805,"positive","OK"
"NW",440,"n_neighbours",0.0129208459463548,0.0000000000000000000000000000000000000000000000000055297186267785,0.282126481968351,0.281072335833209,866.310211728525,683,0.0113701020782707,0.014471589814439,"positive","OK"
"NW",450,"n_neighbours",0.0127154554338436,0.00000000000000000000000000000000000000000000000000431778548422548,0.282645953936882,0.28159257060933,865.815796238081,683,0.011191317072386,0.0142395937953012,"positive","OK"
"NW",460,"n_neighbours",0.0124956602444059,0.00000000000000000000000000000000000000000000000000661059841200605,0.281751363528312,0.280696666558456,866.667014107167,683,0.0109945565820357,0.013996763906776,"positive","OK"
"NW",470,"n_neighbours",0.0123618464634843,0.00000000000000000000000000000000000000000000000000565937096724204,0.28207779898502,0.281023581362384,866.356528174781,683,0.0108780146833662,0.0138456782436024,"positive","OK"
"NW",480,"n_neighbours",0.0122532687864263,0.00000000000000000000000000000000000000000000000000287693437499269,0.283497694406399,0.282445561799067,865.004363756114,683,0.0107876093275452,0.0137189282453073,"positive","OK"
"NW",490,"n_neighbours",0.0121515402008014,0.00000000000000000000000000000000000000000000000000115190281106855,0.285414165029607,0.284364846622896,863.175056139022,683,0.0107048756076322,0.0135982047939706,"positive","OK"
"NW",500,"n_neighbours",0.0120531124273576,0.00000000000000000000000000000000000000000000000000087353683112008,0.285992354110043,0.284943884732818,862.622200244339,683,0.0106201971539176,0.0134860277007977,"positive","OK"
"SE",10,"idw_neighbour_DGR",NA,NA,NA,NA,NA,0,NA,NA,NA,"Skipped: sample size < 10"
"SE",20,"idw_neighbour_DGR",NA,NA,NA,NA,NA,0,NA,NA,NA,"Skipped: sample size < 10"
"SE",30,"idw_neighbour_DGR",NA,NA,NA,NA,NA,0,NA,NA,NA,"Skipped: sample size < 10"
"SE",40,"idw_neighbour_DGR",NA,NA,NA,NA,NA,2,NA,NA,NA,"Skipped: sample size < 10"
"SE",50,"idw_neighbour_DGR",0.670991011649737,0.00000000000000000000000000000000000000000000000000000000000000000000000000000000210655761282957,0.539793970959971,0.538816888095767,244.798407192583,473,0.614894752233974,0.7270872710655,"positive","OK"
"SE",60,"idw_neighbour_DGR",0.710923042402487,0.0000000000000000000000000000000000000000000000000000000000000000000000000000000000000000677720443086649,0.554253826877542,0.553353329558102,249.970562303298,497,0.654621443668756,0.767224641136218,"positive","OK"
"SE",70,"idw_neighbour_DGR",0.71914646124769,0.00000000000000000000000000000000000000000000000000000000000000000000000000000000000000198576983242893,0.544532184872908,0.543621249242654,265.666034816052,502,0.661356813727646,0.776936108767733,"positive","OK"
"SE",80,"idw_neighbour_DGR",0.733720246489308,0.00000000000000000000000000000000000000000000000000000000000000000000000000000000000000345874750484978,0.538548162506986,0.537638001091812,278.503455417357,509,0.674459990858466,0.79298050212015,"positive","OK"
"SE",90,"idw_neighbour_DGR",0.724863437581894,0.00000000000000000000000000000000000000000000000000000000000000000000000000000000000410493075216227,0.521344259380106,0.520411207254141,296.91153465918,515,0.66461846971998,0.785108405443807,"positive","OK"
"SE",100,"idw_neighbour_DGR",0.684261285616393,0.0000000000000000000000000000000000000000000000000000000000000000000185570464037265,0.436801346206622,0.43574468831958,413.648046249358,535,0.618148938371593,0.750373632861193,"positive","OK"
"SE",110,"idw_neighbour_DGR",0.682149609193139,0.00000000000000000000000000000000000000000000000000000000000000000201493607342981,0.423266989397352,0.422196983811819,433.733419843757,541,0.614775994687214,0.749523223699064,"positive","OK"
"SE",120,"idw_neighbour_DGR",0.683177495471682,0.00000000000000000000000000000000000000000000000000000000000000000139739997377857,0.421700114206616,0.420635105208838,435.275225741615,545,0.615736259443406,0.750618731499959,"positive","OK"
"SE",130,"idw_neighbour_DGR",0.669082097984288,0.000000000000000000000000000000000000000000000000000000000000000472046898298326,0.403542674217603,0.402464089541686,454.087344007598,555,0.601136481045401,0.737027714923175,"positive","OK"
"SE",140,"idw_neighbour_DGR",0.672892152507593,0.00000000000000000000000000000000000000000000000000000000000000565294714921824,0.396524508441656,0.395439120866911,466.351369841127,558,0.603741325862429,0.742042979152758,"positive","OK"
"SE",150,"idw_neighbour_DGR",0.68482712195704,0.000000000000000000000000000000000000000000000000000000000000276084027838505,0.3880476470718,0.386947013343512,474.134909377099,558,0.613187325883912,0.756466918030169,"positive","OK"
"SE",160,"idw_neighbour_DGR",0.688535136186515,0.00000000000000000000000000000000000000000000000000000000000372355815152498,0.382310058416432,0.381199105284088,479.342273696523,558,0.6156295809664,0.76144069140663,"positive","OK"
"SE",170,"idw_neighbour_DGR",0.68364698107152,0.000000000000000000000000000000000000000000000000000000000133771673779958,0.372746605246362,0.371624506150201,487.81019383782,561,0.609970295343875,0.757323666799165,"positive","OK"
"SE",180,"idw_neighbour_DGR",0.696919489154692,0.0000000000000000000000000000000000000000000000000000000000693934288987315,0.374213483735413,0.37309400875104,486.496717385808,561,0.622047475511199,0.771791502798186,"positive","OK"
"SE",190,"idw_neighbour_DGR",0.661957449793754,0.00000000000000000000000000000000000000000000000385703831678822,0.313726509227822,0.312511865881322,568.953821860898,567,0.581055633910264,0.742859265677244,"positive","OK"
"SE",200,"idw_neighbour_DGR",0.678498216596534,0.000000000000000000000000000000000000000000000000592654280185999,0.318244554232288,0.31703790742562,565.208665946599,567,0.596437043633342,0.760559389559726,"positive","OK"
"SE",210,"idw_neighbour_DGR",0.693648813274859,0.0000000000000000000000000000000000000000000000000589777303401995,0.323770052051099,0.322573184886587,560.594515356218,567,0.610811939081378,0.776485687468339,"positive","OK"
"SE",220,"idw_neighbour_DGR",0.709747051462635,0.00000000000000000000000000000000000000000000000000708129872540932,0.328806924738863,0.327618972393268,556.355430722087,567,0.625953220684376,0.793540882240894,"positive","OK"
"SE",230,"idw_neighbour_DGR",0.720693618015415,0.0000000000000000000000000000000000000000000000000054507398461534,0.329426215514654,0.328239359258927,555.832034437171,567,0.635726658874284,0.805660577156547,"positive","OK"
"SE",240,"idw_neighbour_DGR",0.736813024266403,0.000000000000000000000000000000000000000000000000000612286178014889,0.334577765545526,0.333400027077465,551.459351730367,567,0.650948730451969,0.822677318080838,"positive","OK"
"SE",250,"idw_neighbour_DGR",0.751938843828505,0.0000000000000000000000000000000000000000000000000000446133221557036,0.340697708365011,0.339530801654152,546.220477992108,567,0.665502696875156,0.838374990781855,"positive","OK"
"SE",260,"idw_neighbour_DGR",0.761937081721135,0.0000000000000000000000000000000000000000000000000000152114730303404,0.3431956688685,0.342033183326674,544.068151908924,567,0.674836429430637,0.849037734011634,"positive","OK"
"SE",270,"idw_neighbour_DGR",0.7781904603233,0.000000000000000000000000000000000000000000000000000002249184405554,0.34761019912236,0.346455526908417,540.244352092944,567,0.690096036134614,0.866284884511987,"positive","OK"
"SE",280,"idw_neighbour_DGR",0.783192560017984,0.00000000000000000000000000000000000000000000000000000640520724719701,0.345196880528414,0.344037936954128,542.337927075025,567,0.694058090466595,0.872327029569373,"positive","OK"
"SE",290,"idw_neighbour_DGR",0.789950672079893,0.00000000000000000000000000000000000000000000000000000560362493258268,0.345505677766529,0.344347280736027,542.07047365813,567,0.700108444229716,0.87979289993007,"positive","OK"
"SE",300,"idw_neighbour_DGR",0.795485926469462,0.0000000000000000000000000000000000000000000000000000071839909900691,0.344931745257477,0.343772332417225,542.567463659507,567,0.704899237314417,0.886072615624508,"positive","OK"
"SE",310,"idw_neighbour_DGR",0.801814602055571,0.00000000000000000000000000000000000000000000000000000780655342506031,0.344739642394327,0.343579889549007,542.733715580071,567,0.710468401652722,0.893160802458421,"positive","OK"
"SE",320,"idw_neighbour_DGR",0.815037423437764,0.00000000000000000000000000000000000000000000000000000291595782765174,0.347012316504056,0.345856586090789,540.763741269394,567,0.722650013279121,0.907424833596407,"positive","OK"
"SE",330,"idw_neighbour_DGR",0.818690479257722,0.00000000000000000000000000000000000000000000000000000466026749574742,0.345931207648047,0.344773563767778,541.701709708365,567,0.725667172218055,0.91171378629739,"positive","OK"
"SE",340,"idw_neighbour_DGR",0.822576097994111,0.00000000000000000000000000000000000000000000000000000593475654845026,0.345373091987485,0.344214460291888,542.18532342947,567,0.728995900949622,0.9161562950386,"positive","OK"
"SE",350,"idw_neighbour_DGR",0.826003321912172,0.00000000000000000000000000000000000000000000000000000998617375253505,0.344170142880531,0.34300938207147,543.226292278462,567,0.731782696538756,0.920223947285587,"positive","OK"
"SE",360,"idw_neighbour_DGR",0.831677103759075,0.00000000000000000000000000000000000000000000000000000822263892552081,0.344619584855581,0.343459619519042,542.837592441031,567,0.73690365384186,0.92645055367629,"positive","OK"
"SE",370,"idw_neighbour_DGR",0.83595709647902,0.00000000000000000000000000000000000000000000000000000773336959512502,0.344761416676818,0.343601702370051,542.714873873622,567,0.740725824672245,0.931188368285795,"positive","OK"
"SE",380,"idw_neighbour_DGR",0.837560118206019,0.0000000000000000000000000000000000000000000000000000103409289865902,0.344089367482462,0.342928463708095,543.29612263153,567,0.742004133777176,0.933116102634863,"positive","OK"
"SE",390,"idw_neighbour_DGR",0.839742097561236,0.0000000000000000000000000000000000000000000000000000139804161085038,0.343391194346854,0.342229054867822,543.899335343989,567,0.743788802695328,0.935695392427143,"positive","OK"
"SE",400,"idw_neighbour_DGR",0.841677734793978,0.0000000000000000000000000000000000000000000000000000167912265971441,0.342966674597154,0.341803783755733,544.265801523428,567,0.745412656376648,0.937942813211307,"positive","OK"
"SE",410,"idw_neighbour_DGR",0.846355457538595,0.0000000000000000000000000000000000000000000000000000109135671983365,0.343964633817682,0.342803509275766,543.403938026697,567,0.749769337112989,0.942941577964201,"positive","OK"
"SE",420,"idw_neighbour_DGR",0.848742504695643,0.00000000000000000000000000000000000000000000000000000912248869400615,0.344379413220626,0.343219022801548,543.045338000863,567,0.751972927245085,0.945512082146202,"positive","OK"
"SE",430,"idw_neighbour_DGR",0.850507549487956,0.00000000000000000000000000000000000000000000000000000891910531740147,0.344431563874471,0.343271265757435,543.000234785035,567,0.753547928035682,0.94746717094023,"positive","OK"
"SE",440,"idw_neighbour_DGR",0.852409261203435,0.00000000000000000000000000000000000000000000000000000863910985091832,0.344505331695111,0.34334516414059,542.936429535378,567,0.75524871222841,0.949569810178461,"positive","OK"
"SE",450,"idw_neighbour_DGR",0.854734653348961,0.00000000000000000000000000000000000000000000000000000750134547107253,0.344831833511341,0.34367224383614,542.653936542188,567,0.757379437853913,0.95208986884401,"positive","OK"
"SE",460,"idw_neighbour_DGR",0.856611971862871,0.00000000000000000000000000000000000000000000000000000646211294332974,0.345176446291024,0.344017466549946,542.355620991678,567,0.759117295545182,0.95410664818056,"positive","OK"
"SE",470,"idw_neighbour_DGR",0.858331166882109,0.00000000000000000000000000000000000000000000000000000519289861364926,0.345681429180134,0.344523343214081,541.918196655601,567,0.760749850206183,0.955912483558034,"positive","OK"
"SE",480,"idw_neighbour_DGR",0.859249687839253,0.00000000000000000000000000000000000000000000000000000548275048837501,0.345556030601189,0.344397722690749,542.026850429367,567,0.761536862219833,0.956962513458672,"positive","OK"
"SE",490,"idw_neighbour_DGR",0.860364180879187,0.00000000000000000000000000000000000000000000000000000609227492173701,0.345312588143447,0.344153849361399,542.23772594134,567,0.762471932434763,0.958256429323611,"positive","OK"
"SE",500,"idw_neighbour_DGR",0.861800915243381,0.00000000000000000000000000000000000000000000000000000516792531675644,0.34569255780736,0.344534491537993,541.908553057545,567,0.763827542609342,0.95977428787742,"positive","OK"
"SE",10,"mean_neighbour_DGR",NA,NA,NA,NA,NA,0,NA,NA,NA,"Skipped: sample size < 10"
"SE",20,"mean_neighbour_DGR",NA,NA,NA,NA,NA,0,NA,NA,NA,"Skipped: sample size < 10"
"SE",30,"mean_neighbour_DGR",NA,NA,NA,NA,NA,0,NA,NA,NA,"Skipped: sample size < 10"
"SE",40,"mean_neighbour_DGR",NA,NA,NA,NA,NA,2,NA,NA,NA,"Skipped: sample size < 10"
"SE",50,"mean_neighbour_DGR",0.670830326830334,0.00000000000000000000000000000000000000000000000000000000000000000000000000000000273098874146372,0.539287284525884,0.538309125894304,245.318893302642,473,0.61469028135394,0.726970372306728,"positive","OK"
"SE",60,"mean_neighbour_DGR",0.71177595988905,0.000000000000000000000000000000000000000000000000000000000000000000000000000000000000000142264926260564,0.55291847541524,0.552015280416079,251.457232516002,497,0.655254313804238,0.768297605973863,"positive","OK"
"SE",70,"mean_neighbour_DGR",0.719544642313916,0.0000000000000000000000000000000000000000000000000000000000000000000000000000000000000355879191152814,0.539252711881848,0.538331217305612,271.451411559784,502,0.661104859028977,0.777984425598856,"positive","OK"
"SE",80,"mean_neighbour_DGR",0.734618611778485,0.000000000000000000000000000000000000000000000000000000000000000000000000000000000000682097046119282,0.528844910637767,0.527915610658748,289.095556523662,509,0.674117715635813,0.795119507921158,"positive","OK"
"SE",90,"mean_neighbour_DGR",0.717469078013661,0.0000000000000000000000000000000000000000000000000000000000000000000000000000000564813743120897,0.503260723012347,0.502292420328161,316.009619655241,515,0.655640940410965,0.779297215616358,"positive","OK"
"SE",100,"mean_neighbour_DGR",0.66841970266385,0.00000000000000000000000000000000000000000000000000000000000000217949655251254,0.411647613884698,0.410543763254088,437.024148971298,535,0.6004247009787,0.736414704348999,"positive","OK"
"SE",110,"mean_neighbour_DGR",0.663818441978056,0.000000000000000000000000000000000000000000000000000000000000848147763200621,0.394953744567532,0.393831209770811,459.661099586836,541,0.59429992612829,0.733336957827821,"positive","OK"
"SE",120,"mean_neighbour_DGR",0.663903818895571,0.00000000000000000000000000000000000000000000000000000000000129982415869204,0.391755233520952,0.390635077413256,462.789447040355,545,0.594168269115329,0.733639368675812,"positive","OK"
"SE",130,"mean_neighbour_DGR",0.649061012163326,0.00000000000000000000000000000000000000000000000000000000074450869959178,0.37204051258802,0.370904961977872,482.652059552441,555,0.578625236681319,0.719496787645334,"positive","OK"
"SE",140,"mean_neighbour_DGR",0.649291755305443,0.00000000000000000000000000000000000000000000000000000017955170559449,0.357954569520612,0.356799811552124,500.921498711308,558,0.576853843152083,0.721729667458804,"positive","OK"
"SE",150,"mean_neighbour_DGR",0.654711657263689,0.00000000000000000000000000000000000000000000000000047917836527233,0.339535073568611,0.338347187010282,516.704504068558,558,0.578645803561804,0.730777510965573,"positive","OK"
"SE",160,"mean_neighbour_DGR",0.651016359942996,0.000000000000000000000000000000000000000000000000070173937716643,0.327623740564378,0.326414430745249,526.678236633082,558,0.573325931329064,0.728706788556927,"positive","OK"
"SE",170,"mean_neighbour_DGR",0.640689790468512,0.0000000000000000000000000000000000000000000000101485085242482,0.314135594403225,0.312908645556003,537.923959947801,561,0.562041030299535,0.71933855063749,"positive","OK"
"SE",180,"mean_neighbour_DGR",0.654561562909666,0.0000000000000000000000000000000000000000000000117295820500024,0.313781577978826,0.31255399582852,538.21345153606,561,0.574143893359784,0.734979232459548,"positive","OK"
"SE",190,"mean_neighbour_DGR",0.619755172680348,0.0000000000000000000000000000000000000167784286838216,0.257892217002258,0.256578751899607,613.303580866772,567,0.532881190778817,0.706629154581879,"positive","OK"
"SE",200,"mean_neighbour_DGR",0.635933998030049,0.00000000000000000000000000000000000000515768498829872,0.260969191728767,0.259661172599083,610.947761917703,567,0.547503130095346,0.724364865964752,"positive","OK"
"SE",210,"mean_neighbour_DGR",0.650873635583312,0.00000000000000000000000000000000000000107059713722574,0.265050965373616,0.263750170622065,607.807459038024,567,0.561313284075956,0.740433987090667,"positive","OK"
"SE",220,"mean_neighbour_DGR",0.667671468626252,0.000000000000000000000000000000000000000333936872753895,0.268061187101302,0.266765720175818,605.480358001152,567,0.576504307604767,0.758838629647737,"positive","OK"
"SE",230,"mean_neighbour_DGR",0.674867754912591,0.000000000000000000000000000000000000000925366274956891,0.265428307405692,0.264128180516144,607.516271669345,567,0.58209566378358,0.767639846041602,"positive","OK"
"SE",240,"mean_neighbour_DGR",0.694115565785576,0.000000000000000000000000000000000000000113236128517404,0.270844704007534,0.269554163660645,603.319982450269,567,0.600005339119536,0.788225792451615,"positive","OK"
"SE",250,"mean_neighbour_DGR",0.716234198485242,0.00000000000000000000000000000000000000000487513645502669,0.278881169597898,0.277604853083912,597.036035784621,567,0.621063322058827,0.811405074911657,"positive","OK"
"SE",260,"mean_neighbour_DGR",0.728527237391351,0.00000000000000000000000000000000000000000245654478723445,0.28062078406764,0.279347546517317,595.666562377334,567,0.632139893665373,0.824914581117329,"positive","OK"
"SE",270,"mean_neighbour_DGR",0.750613461043331,0.000000000000000000000000000000000000000000418728925928377,0.285092391647541,0.283827068446917,592.13113324361,567,0.65239261134949,0.848834310737173,"positive","OK"
"SE",280,"mean_neighbour_DGR",0.751926025933424,0.00000000000000000000000000000000000000000307678802044199,0.280049829924163,0.278775581835534,596.116398279357,567,0.652302049540642,0.851550002326206,"positive","OK"
"SE",290,"mean_neighbour_DGR",0.764853308532595,0.00000000000000000000000000000000000000000154969600013824,0.281787770931805,0.280516598844958,594.746020314256,567,0.663951565367953,0.865755051697237,"positive","OK"
"SE",300,"mean_neighbour_DGR",0.776823941947177,0.00000000000000000000000000000000000000000104166728686564,0.282792509509705,0.281523115721227,593.952263813706,567,0.674596792227079,0.879051091667275,"positive","OK"
"SE",310,"mean_neighbour_DGR",0.785534451922405,0.00000000000000000000000000000000000000000131642241905003,0.282200574797204,0.280930133336668,594.420034383107,567,0.682009977196655,0.889058926648155,"positive","OK"
"SE",320,"mean_neighbour_DGR",0.802898748527524,0.000000000000000000000000000000000000000000555283916767698,0.284380871759143,0.283114289231283,592.69516577746,567,0.697652468825167,0.90814502822988,"positive","OK"
"SE",330,"mean_neighbour_DGR",0.806327586922071,0.00000000000000000000000000000000000000000123768762934117,0.282356568086471,0.281086402720252,594.296799668574,567,0.700103716643917,0.912551457200225,"positive","OK"
"SE",340,"mean_neighbour_DGR",0.814159731487728,0.00000000000000000000000000000000000000000113680607746503,0.282571565357749,0.281301780517675,594.126907893022,567,0.706960943597965,0.921358519377492,"positive","OK"
"SE",350,"mean_neighbour_DGR",0.818864190869931,0.00000000000000000000000000000000000000000225742894948428,0.280835044011099,0.279562185681915,595.497661913642,567,0.710582337571736,0.927146044168125,"positive","OK"
"SE",360,"mean_neighbour_DGR",0.82908314478614,0.00000000000000000000000000000000000000000129301476374472,0.282245958182313,0.280975597046352,594.384184266819,567,0.719831688130203,0.938334601442078,"positive","OK"
"SE",370,"mean_neighbour_DGR",0.83458416356803,0.00000000000000000000000000000000000000000133223305694861,0.282170373488666,0.280899878574487,594.443890325452,567,0.724587296713704,0.944581030422356,"positive","OK"
"SE",380,"mean_neighbour_DGR",0.83590161926355,0.00000000000000000000000000000000000000000221354865607966,0.280884790951305,0.279612020669803,595.45843935354,567,0.725380446687639,0.946422791839461,"positive","OK"
"SE",390,"mean_neighbour_DGR",0.83900901091759,0.00000000000000000000000000000000000000000354736933915226,0.279688661277762,0.27841377395259,596.400766952061,567,0.727747612772499,0.950270409062682,"positive","OK"
"SE",400,"mean_neighbour_DGR",0.842340424188969,0.00000000000000000000000000000000000000000430657658268934,0.279196216312484,0.277920457403303,596.788267300699,567,0.730500567932694,0.954180280445243,"positive","OK"
"SE",410,"mean_neighbour_DGR",0.851182496001018,0.00000000000000000000000000000000000000000216288387304853,0.280943466684857,0.27967080025421,595.4121734731,567,0.738657261601188,0.963707730400847,"positive","OK"
"SE",420,"mean_neighbour_DGR",0.854545115684665,0.00000000000000000000000000000000000000000185224651733372,0.281336239793264,0.28006426853626,595.102374190152,567,0.741685069910333,0.967405161458996,"positive","OK"
"SE",430,"mean_neighbour_DGR",0.856835682561087,0.00000000000000000000000000000000000000000199060390274635,0.28115376912661,0.279881474912674,595.246318745933,567,0.743622035329092,0.970049329793082,"positive","OK"
"SE",440,"mean_neighbour_DGR",0.860242327729894,0.00000000000000000000000000000000000000000197997097844871,0.281167336851483,0.27989506665122,595.235616912532,567,0.746582375772772,0.973902279687017,"positive","OK"
"SE",450,"mean_neighbour_DGR",0.864695586088474,0.00000000000000000000000000000000000000000160473652195614,0.281699429352716,0.280428100909093,594.815758189778,567,0.750597448207321,0.978793723969628,"positive","OK"
"SE",460,"mean_neighbour_DGR",0.868121737987908,0.00000000000000000000000000000000000000000131770966992535,0.282198102423568,0.28092765658715,594.421987342928,567,0.753712503397768,0.982530972578048,"positive","OK"
"SE",470,"mean_neighbour_DGR",0.870823621811517,0.00000000000000000000000000000000000000000101751356733762,0.282851805691058,0.281582516851573,593.905384319027,567,0.756243212214666,0.985404031408368,"positive","OK"
"SE",480,"mean_neighbour_DGR",0.871400988344087,0.00000000000000000000000000000000000000000129162283783847,0.282248682616641,0.280978326302688,594.382032057139,567,0.756573919730829,0.986228056957346,"positive","OK"
"SE",490,"mean_neighbour_DGR",0.872700952345288,0.00000000000000000000000000000000000000000176537294110075,0.281457890407229,0.280186134461047,595.006388083035,567,0.757477723632286,0.98792418105829,"positive","OK"
"SE",500,"mean_neighbour_DGR",0.875858118518865,0.00000000000000000000000000000000000000000133521517904909,0.282164717129728,0.280894212204294,594.448358158436,567,0.760419798127077,0.991296438910653,"positive","OK"
"SE",10,"n_neighbours",NA,NA,NA,NA,NA,683,NA,NA,NA,"Skipped: predictor has insufficient variation"
"SE",20,"n_neighbours",NA,NA,NA,NA,NA,683,NA,NA,NA,"Skipped: predictor has insufficient variation"
"SE",30,"n_neighbours",NA,NA,NA,NA,NA,683,NA,NA,NA,"Skipped: predictor has insufficient variation"
"SE",40,"n_neighbours",-0.290863885121345,0.226284086237502,0.00214914452617087,0.000683871610643982,1091.22923332208,683,-0.762423811440685,0.180696041197995,"negative","OK"
"SE",50,"n_neighbours",-0.122333007993335,0.00000000000195908936449411,0.0701911983921256,0.0688258403868277,1042.99246323853,683,-0.155833118277692,-0.0888328977089792,"negative","OK"
"SE",60,"n_neighbours",-0.100453051012608,0.000000000000000374536525411169,0.0929198900720451,0.0915879075317692,1026.08943918187,683,-0.124067547758094,-0.0768385542671223,"negative","OK"
"SE",70,"n_neighbours",-0.100489374467006,0.0000000000000000000134740117489647,0.119457623458196,0.118164609689412,1005.80931436768,683,-0.12101684430686,-0.0799619046271521,"negative","OK"
"SE",80,"n_neighbours",-0.0992074049869586,0.0000000000000000000000365521996321846,0.134461554396415,0.133190572831652,994.071098202967,683,-0.118145456433904,-0.0802693535400133,"negative","OK"
"SE",90,"n_neighbours",-0.0849980134824192,0.00000000000000000000000135611707531335,0.142721177667694,0.141462324771465,987.522097305933,683,-0.100671755620243,-0.0693242713445956,"negative","OK"
"SE",100,"n_neighbours",-0.0591131729443768,0.0000000000000000000000000919769166015702,0.149413100880894,0.148164074597312,982.169677747169,683,-0.0697251514243595,-0.048501194464394,"negative","OK"
"SE",110,"n_neighbours",-0.0565208583132377,0.00000000000000000000000000000298823770543708,0.174655791938617,0.173443832749099,961.593579069461,683,-0.0657653256125996,-0.0472763910138758,"negative","OK"
"SE",120,"n_neighbours",-0.0563969562795632,0.00000000000000000000000000000000156532447618537,0.192650829151174,0.191465294392218,946.537343417123,683,-0.0650835200218316,-0.0477103925372948,"negative","OK"
"SE",130,"n_neighbours",-0.0559566069071118,0.00000000000000000000000000000000000190556522847788,0.208317858433113,0.20715532959087,933.153085903912,683,-0.064164101955614,-0.0477491118586096,"negative","OK"
"SE",140,"n_neighbours",-0.048191934551148,0.000000000000000000000000000000000000220154431286241,0.213293043429985,0.212137820292584,928.847350884915,683,-0.0551556271955142,-0.0412282419067819,"negative","OK"
"SE",150,"n_neighbours",-0.0424550540372008,0.0000000000000000000000000000000000000000836309503240885,0.231190742923809,0.230061801283462,913.129522772978,683,-0.0482801161965198,-0.0366299918778819,"negative","OK"
"SE",160,"n_neighbours",-0.0397028500078214,0.000000000000000000000000000000000000000000264333232443554,0.244020782102612,0.242910680461059,901.635307387379,683,-0.0449607253883981,-0.0344449746272446,"negative","OK"
"SE",170,"n_neighbours",-0.0379087449651702,0.00000000000000000000000000000000000000000000312542581554211,0.25376690215907,0.252671112000713,892.772787318813,683,-0.0427998417386227,-0.0330176481917176,"negative","OK"
"SE",180,"n_neighbours",-0.0376213096080579,0.0000000000000000000000000000000000000000000000000865373671891111,0.276326117189741,0.275263453632017,871.80662554284,683,-0.0422021111428542,-0.0330405080732616,"negative","OK"
"SE",190,"n_neighbours",-0.0373202869667056,0.00000000000000000000000000000000000000000000000000000000142568632499898,0.313304627999441,0.312296264751275,835.983223174121,683,-0.0414773892869022,-0.0331631846465089,"negative","OK"
"SE",200,"n_neighbours",-0.033937817631467,0.000000000000000000000000000000000000000000000000000000000206607532574555,0.317176879828855,0.316174202706724,832.120909430342,683,-0.0376843918791788,-0.0301912433837552,"negative","OK"
"SE",210,"n_neighbours",-0.032072070261194,0.00000000000000000000000000000000000000000000000000000000000618359577454434,0.324155971094598,0.323163542270948,825.104089655015,683,-0.0355564084967012,-0.0285877320256868,"negative","OK"
"SE",220,"n_neighbours",-0.0300386515637449,0.000000000000000000000000000000000000000000000000000000000000203652216440683,0.330876940914185,0.329894381356056,818.277958907443,683,-0.0332526618699875,-0.0268246412575023,"negative","OK"
"SE",230,"n_neighbours",-0.0282011415770934,0.000000000000000000000000000000000000000000000000000000000000000676403488393454,0.341967563412719,0.341001289643868,806.862459325782,683,-0.0311445123102729,-0.0252577708439138,"negative","OK"
"SE",240,"n_neighbours",-0.0260357380540805,0.00000000000000000000000000000000000000000000000000000000000000016827144351484,0.344643223255352,0.343680878502423,804.07961600388,683,-0.028737026764298,-0.0233344493438631,"negative","OK"
"SE",250,"n_neighbours",-0.0242805692021229,0.000000000000000000000000000000000000000000000000000000000000000709481692690684,0.341875545501304,0.340909136610704,806.957961972957,683,-0.0268152655782714,-0.0217458728259745,"negative","OK"
"SE",260,"n_neighbours",-0.0231618815388934,0.0000000000000000000000000000000000000000000000000000000000000000717257661842676,0.346277902841202,0.345317958498825,802.373856695239,683,-0.0255563279061597,-0.0207674351716271,"negative","OK"
"SE",270,"n_neighbours",-0.0214393718262652,0.0000000000000000000000000000000000000000000000000000000000000000690718019856375,0.346350086907645,0.345390248562429,802.298435595439,683,-0.0236553939618599,-0.0192233496906706,"negative","OK"
"SE",280,"n_neighbours",-0.0199908030592869,0.0000000000000000000000000000000000000000000000000000000000000000598699618017818,0.346623737236553,0.345664300727355,802.01243799137,683,-0.0220558496340564,-0.0179257564845174,"negative","OK"
"SE",290,"n_neighbours",-0.0186619436030504,0.00000000000000000000000000000000000000000000000000000000000000212552469529474,0.339757335891902,0.338787816561347,809.152704829788,683,-0.0206193063930333,-0.0167045808130675,"negative","OK"
"SE",300,"n_neighbours",-0.0175885293960427,0.0000000000000000000000000000000000000000000000000000000000000109833093966213,0.336574139460057,0.335599945832246,812.43770755307,683,-0.0194464726246401,-0.0157305861674454,"negative","OK"
"SE",310,"n_neighbours",-0.0166186395378971,0.0000000000000000000000000000000000000000000000000000000000000773308390364739,0.332771558092141,0.331791780644405,816.341306165123,683,-0.0183891835530406,-0.0148480955227536,"negative","OK"
"SE",320,"n_neighbours",-0.0151913517746561,0.0000000000000000000000000000000000000000000000000000000000199361600135122,0.321835518495292,0.32083968225226,827.445095143128,683,-0.0168505338179987,-0.0135321697313135,"negative","OK"
"SE",330,"n_neighbours",-0.0143406872065819,0.000000000000000000000000000000000000000000000000000000000264947569676885,0.316679504479272,0.315676096996863,832.618232515371,683,-0.0159256508070903,-0.0127557236060735,"negative","OK"
"SE",340,"n_neighbours",-0.0136647355829063,0.00000000000000000000000000000000000000000000000000000000473629134586289,0.310886837175836,0.309874923574039,838.383779342642,683,-0.0151954438305524,-0.0121340273352603,"negative","OK"
"SE",350,"n_neighbours",-0.0130698473431867,0.0000000000000000000000000000000000000000000000000000000165110140752745,0.308363097118365,0.30734747758403,840.880561956145,683,-0.0145425852953051,-0.0115971093910682,"negative","OK"
"SE",360,"n_neighbours",-0.012390225872598,0.000000000000000000000000000000000000000000000000000000304737970813147,0.302435442889947,0.301411119017539,846.709252071406,683,-0.0138060267214307,-0.0109744250237653,"negative","OK"
"SE",370,"n_neighbours",-0.011765462209601,0.00000000000000000000000000000000000000000000000000000761942758459781,0.295832173934748,0.294798153632156,853.144240821793,683,-0.0131312130113624,-0.0103997114078396,"negative","OK"
"SE",380,"n_neighbours",-0.0113904910298157,0.0000000000000000000000000000000000000000000000000000326432509908407,0.292827365700243,0.291788933050758,856.052521541717,683,-0.0127223137628647,-0.0100586682967667,"negative","OK"
"SE",390,"n_neighbours",-0.0110220707465919,0.000000000000000000000000000000000000000000000000000120695183806016,0.290115974091887,0.289073559956926,858.666224692029,683,-0.0123193042584092,-0.00972483723477467,"negative","OK"
"SE",400,"n_neighbours",-0.0107204332747605,0.000000000000000000000000000000000000000000000000000396148438559829,0.28764264980687,0.286596603771344,861.041745778649,683,-0.0119897842964572,-0.00945108225306376,"negative","OK"
"SE",410,"n_neighbours",-0.0103095079989621,0.00000000000000000000000000000000000000000000000000632785231407134,0.281843225891169,0.280788663814651,866.579654377866,683,-0.0115477081553174,-0.0090713078426069,"negative","OK"
"SE",420,"n_neighbours",-0.0100468750631654,0.0000000000000000000000000000000000000000000000000204220968357155,0.279377005117925,0.278318821571843,868.921125218836,683,-0.0112609257401292,-0.00883282438620159,"negative","OK"
"SE",430,"n_neighbours",-0.00982624394365043,0.0000000000000000000000000000000000000000000000000742952124932523,0.276648992798578,0.275586803360691,871.501829065575,683,-0.0110217303014728,-0.00863075758582807,"negative","OK"
"SE",440,"n_neighbours",-0.00963210437816602,0.000000000000000000000000000000000000000000000000209195293494504,0.274454838375368,0.273389426977975,873.570450197828,683,-0.0108104292480085,-0.00845377950832358,"negative","OK"
"SE",450,"n_neighbours",-0.00941182792301457,0.000000000000000000000000000000000000000000000000776348522521295,0.271666040244849,0.270596533696016,876.190683793942,683,-0.0105713223524848,-0.00825233349354437,"negative","OK"
"SE",460,"n_neighbours",-0.00922086918587237,0.00000000000000000000000000000000000000000000000243157158679996,0.269229413901928,0.268156329340844,878.471832658783,683,-0.0103638744264223,-0.00807786394532242,"negative","OK"
"SE",470,"n_neighbours",-0.00907573254446424,0.00000000000000000000000000000000000000000000000465016524977802,0.267842082393192,0.266766960634591,879.767244843475,683,-0.0102047268427951,-0.00794673824613338,"negative","OK"
"SE",480,"n_neighbours",-0.00890937710156108,0.0000000000000000000000000000000000000000000000139811614155672,0.265480695315268,0.264402106027919,881.9665409712,683,-0.0100243891489653,-0.00779436505415682,"negative","OK"
"SE",490,"n_neighbours",-0.00875339101743338,0.000000000000000000000000000000000000000000000035142930119795,0.263497723481874,0.262416222341612,883.807942348159,683,-0.00985447900958139,-0.00765230302528537,"negative","OK"
"SE",500,"n_neighbours",-0.00864605347569811,0.0000000000000000000000000000000000000000000000681013613943928,0.262071165133202,0.260987569193603,885.129590607819,683,-0.00973765120202578,-0.00755445574937043,"negative","OK"
"SW",10,"idw_neighbour_DGR",NA,NA,NA,NA,NA,0,NA,NA,NA,"Skipped: sample size < 10"
"SW",20,"idw_neighbour_DGR",0.890077399182876,0.00000000000000000000000000000000000000000000000000000000000000000000000000000000000000000000000000000000000000000000000000000000000000000000000000000000000000000000000000432039184843552,0.761390465291185,0.760951037050469,87.7625137462904,545,0.848073923471357,0.932080874894395,"positive","OK"
"SW",30,"idw_neighbour_DGR",0.891177796270262,0.00000000000000000000000000000000000000000000000000000000000000000000000000000000000000000000000000000000000000000000000000000000000000000000000000000000000000000000000000000194594359622001,0.764948169154958,0.764519242456335,78.6402757727465,550,0.849725534571916,0.932630057968609,"positive","OK"
"SW",40,"idw_neighbour_DGR",0.923190231587234,0.00000000000000000000000000000000000000000000000000000000000000000000000000000000000000000000000000000000000000000000000000000000000000000000000000000000000000000000000000000000228704773096154,0.768199675979011,0.767779747855784,71.7203995913312,554,0.880792463581888,0.965587999592581,"positive","OK"
"SW",50,"idw_neighbour_DGR",0.920019203366302,0.0000000000000000000000000000000000000000000000000000000000000000000000000000000000000000000000000000000000000000000000000000000000000000000000000000000000000000000109046997639558,0.73045276810174,0.729980706399641,166.629402968452,573,0.874081442057479,0.965956964675125,"positive","OK"
"SW",60,"idw_neighbour_DGR",0.894541119749238,0.00000000000000000000000000000000000000000000000000000000000000000000000000000000000000000000000000000000000000000000000000000000000000000000000000859190356051516,0.66630631096537,0.665756568479316,307.567497172664,609,0.844079880747063,0.945002358751413,"positive","OK"
"SW",70,"idw_neighbour_DGR",0.903135103837885,0.0000000000000000000000000000000000000000000000000000000000000000000000000000000000000000000000000000000000000000000000000000000000000000111608981297418,0.635233442090765,0.634644158475403,365.306318249284,621,0.84911613092367,0.957154076752101,"positive","OK"
"SW",80,"idw_neighbour_DGR",0.902088575674077,0.00000000000000000000000000000000000000000000000000000000000000000000000000000000000000000000000000000000000000000000000000000000000912656010743158,0.612952075154451,0.612336736641183,411.952735754157,631,0.845960837818788,0.958216313529366,"positive","OK"
"SW",90,"idw_neighbour_DGR",0.93149756578069,0.0000000000000000000000000000000000000000000000000000000000000000000000000000000000000000000000000000000000000000000000000000000000132214745946057,0.61016615990124,0.609550308653059,422.824587900718,635,0.873384357175863,0.989610774385517,"positive","OK"
"SW",100,"idw_neighbour_DGR",0.949791626440003,0.000000000000000000000000000000000000000000000000000000000000000000000000000000000000000000000000000000000000000000000000000000000139867688002204,0.603788835038274,0.603168786266816,436.361951733482,641,0.890023424907509,1.0095598279725,"positive","OK"
"SW",110,"idw_neighbour_DGR",0.972933206442828,0.000000000000000000000000000000000000000000000000000000000000000000000000000000000000000000000000000000000000000000000000000000136155567233182,0.591750357679228,0.591117412497335,466.511823451848,647,0.910450388283148,1.03541602460251,"positive","OK"
"SW",120,"idw_neighbour_DGR",0.999303482448164,0.0000000000000000000000000000000000000000000000000000000000000000000000000000000000000000000000000000000000000000000000000000000269515630211869,0.590404424205282,0.589775245133401,467.502585454919,653,0.935246569205772,1.06336039569056,"positive","OK"
"SW",130,"idw_neighbour_DGR",1.02617554892141,0.000000000000000000000000000000000000000000000000000000000000000000000000000000000000000000000000000000000000000000000000000000656198164149481,0.585251170841007,0.584616027151636,475.604820393945,655,0.959795081435488,1.09255601640734,"positive","OK"
"SW",140,"idw_neighbour_DGR",1.04768720070379,0.0000000000000000000000000000000000000000000000000000000000000000000000000000000000000000000000000000000000000000000000000000000205258003136806,0.586835813133876,0.586207904035295,474.571231232432,660,0.980394278225665,1.11498012318192,"positive","OK"
"SW",150,"idw_neighbour_DGR",1.07035676019095,0.00000000000000000000000000000000000000000000000000000000000000000000000000000000000000000000000000000000000000000000000000000000438261149735131,0.588213016637731,0.587588150198638,472.233980836563,661,1.00185506881684,1.13885845156506,"positive","OK"
"SW",160,"idw_neighbour_DGR",1.10022604264871,0.000000000000000000000000000000000000000000000000000000000000000000000000000000000000000000000000000000000000000000000000000000000740750394368816,0.589317989776509,0.588696685676322,476.651166866441,663,1.0300799931652,1.17037209213223,"positive","OK"
"SW",170,"idw_neighbour_DGR",1.13167227812923,0.000000000000000000000000000000000000000000000000000000000000000000000000000000000000000000000000000000000000000000000000000000000275026145490416,0.590546036405372,0.589926590166953,474.665653367617,663,1.05970424327114,1.20364031298733,"positive","OK"
"SW",180,"idw_neighbour_DGR",1.15387753835976,0.00000000000000000000000000000000000000000000000000000000000000000000000000000000000000000000000000000000000000000000000000000000112786920596815,0.588795786518735,0.588173692398491,477.493669871135,663,1.0802314885856,1.22752358813392,"positive","OK"
"SW",190,"idw_neighbour_DGR",1.16287573693732,0.00000000000000000000000000000000000000000000000000000000000000000000000000000000000000000000000000000000000000000000000000000211986527494101,0.578767650719836,0.578131348077419,493.286481282246,664,1.08716527762829,1.23858619624634,"positive","OK"
"SW",200,"idw_neighbour_DGR",1.18339731911505,0.000000000000000000000000000000000000000000000000000000000000000000000000000000000000000000000000000000000000000000000000000000584879877429622,0.580401425287114,0.579767590582109,490.706110729855,664,1.10660864192902,1.26018599630107,"positive","OK"
"SW",210,"idw_neighbour_DGR",1.1931828552305,0.000000000000000000000000000000000000000000000000000000000000000000000000000000000000000000000000000000000000000000000000000010667005561341,0.575610392481659,0.574971251506481,500.299395338674,666,1.11511334432772,1.27125236613327,"positive","OK"
"SW",220,"idw_neighbour_DGR",1.20139800464832,0.000000000000000000000000000000000000000000000000000000000000000000000000000000000000000000000000000000000000000000000000000432187504925802,0.570857424280025,0.570211125220205,507.716829864647,666,1.12202363699197,1.28077237230467,"positive","OK"
"SW",230,"idw_neighbour_DGR",1.21465891703013,0.00000000000000000000000000000000000000000000000000000000000000000000000000000000000000000000000000000000000000000000000000305107768358693,0.568326605849694,0.567676495316335,511.632951289041,666,1.13399312782622,1.29532470623405,"positive","OK"
"SW",240,"idw_neighbour_DGR",1.22654569795494,0.00000000000000000000000000000000000000000000000000000000000000000000000000000000000000000000000000000000000000000000000000361063906303638,0.567561882441088,0.566911599557541,513.349572757864,667,1.14502506761552,1.30806632829435,"positive","OK"
"SW",250,"idw_neighbour_DGR",1.24486053265297,0.00000000000000000000000000000000000000000000000000000000000000000000000000000000000000000000000000000000000000000000000000521049920723688,0.567085127756144,0.566434127948258,514.084522335155,667,1.1620422455585,1.32767881974744,"positive","OK"
"SW",260,"idw_neighbour_DGR",1.26267555354193,0.00000000000000000000000000000000000000000000000000000000000000000000000000000000000000000000000000000000000000000000000000376625346552599,0.56696205682482,0.566311849702935,518.914078896758,668,1.1787143430971,1.34663676398676,"positive","OK"
"SW",270,"idw_neighbour_DGR",1.27985884227647,0.00000000000000000000000000000000000000000000000000000000000000000000000000000000000000000000000000000000000000000000000000539070043968479,0.566496016582976,0.565845109700969,519.632601341001,668,1.19467423410198,1.36504345045096,"positive","OK"
"SW",280,"idw_neighbour_DGR",1.29618654549163,0.000000000000000000000000000000000000000000000000000000000000000000000000000000000000000000000000000000000000000000000000079661771841609,0.56297993171825,0.562323745429538,525.028793341797,668,1.20929596808781,1.38307712289546,"positive","OK"
"SW",290,"idw_neighbour_DGR",1.31068800954261,0.00000000000000000000000000000000000000000000000000000000000000000000000000000000000000000000000000000000000000000000000121105173811334,0.559397935386357,0.558736370724775,530.481679605256,668,1.22218396833369,1.39919205075153,"positive","OK"
"SW",300,"idw_neighbour_DGR",1.32746964711848,0.00000000000000000000000000000000000000000000000000000000000000000000000000000000000000000000000000000000000000000000000539208052877269,0.557419822175511,0.556755287373973,533.473999357463,668,1.23747217402318,1.41746712021378,"positive","OK"
"SW",310,"idw_neighbour_DGR",1.34079553956632,0.000000000000000000000000000000000000000000000000000000000000000000000000000000000000000000000000000000000000000000000123195128601119,0.55324679465317,0.552575994044541,539.742970919141,668,1.24912329127675,1.43246778785589,"positive","OK"
"SW",320,"idw_neighbour_DGR",1.35501111868977,0.0000000000000000000000000000000000000000000000000000000000000000000000000000000000000000000000000000000000000000000004913266104079,0.551389297532233,0.550715707888888,542.514603427543,668,1.26201829207802,1.44800394530153,"positive","OK"
"SW",330,"idw_neighbour_DGR",1.36845349036843,0.0000000000000000000000000000000000000000000000000000000000000000000000000000000000000000000000000000000000000000000109180743600736,0.547197253626595,0.546517369623031,548.727746842309,668,1.27373962650036,1.4631673542365,"positive","OK"
"SW",340,"idw_neighbour_DGR",1.38052984237504,0.000000000000000000000000000000000000000000000000000000000000000000000000000000000000000000000000000000000000000000268087156363213,0.542829268074737,0.542142825534308,555.140761789467,668,1.28413488369241,1.47692480105766,"positive","OK"
"SW",350,"idw_neighbour_DGR",1.39015119187791,0.00000000000000000000000000000000000000000000000000000000000000000000000000000000000000000000000000000000000000000462430988922331,0.538372003310486,0.537679907363425,562.612281183764,669,1.29228316655136,1.48801921720447,"positive","OK"
"SW",360,"idw_neighbour_DGR",1.40308842890262,0.00000000000000000000000000000000000000000000000000000000000000000000000000000000000000000000000000000000000000000909368158470584,0.53743618996902,0.536742691003456,563.967106740225,669,1.30412348836895,1.50205336943629,"positive","OK"
"SW",370,"idw_neighbour_DGR",1.41249623703386,0.000000000000000000000000000000000000000000000000000000000000000000000000000000000000000000000000000000000000000177315529199449,0.533303289263497,0.532603594045001,569.91792191156,669,1.31203662620609,1.51295584786164,"positive","OK"
"SW",380,"idw_neighbour_DGR",1.42501198411055,0.000000000000000000000000000000000000000000000000000000000000000000000000000000000000000000000000000000000000000670315788673442,0.531441082906961,0.530738595774888,572.582044236679,669,1.32328246039189,1.52674150782922,"positive","OK"
"SW",390,"idw_neighbour_DGR",1.43581976931604,0.0000000000000000000000000000000000000000000000000000000000000000000000000000000000000000000000000000000000000164067715639651,0.526932796784841,0.526223550603109,578.988124943794,669,1.33238711096375,1.53925242766833,"positive","OK"
"SW",400,"idw_neighbour_DGR",1.44621255437265,0.000000000000000000000000000000000000000000000000000000000000000000000000000000000000000000000000000000000000364988479214625,0.522517849557579,0.521801984264562,585.202680606476,669,1.34110496264185,1.55132014610346,"positive","OK"
"SW",410,"idw_neighbour_DGR",1.45232594346505,0.00000000000000000000000000000000000000000000000000000000000000000000000000000000000000000000000000000000000519416037516362,0.518178553583062,0.517457263992617,591.295235840196,670,1.34593249181489,1.55871939511522,"positive","OK"
"SW",420,"idw_neighbour_DGR",1.46559376577187,0.0000000000000000000000000000000000000000000000000000000000000000000000000000000000000000000000000000000000912749021628764,0.514031648328434,0.513304150795991,597.03706847942,670,1.35733324047824,1.5738542910655,"positive","OK"
"SW",430,"idw_neighbour_DGR",1.47792707406696,0.00000000000000000000000000000000000000000000000000000000000000000000000000000000000000000000000000000000119219630101414,0.510283695624551,0.509550587384468,602.184511657023,670,1.3679336054593,1.58792054267463,"positive","OK"
"SW",440,"idw_neighbour_DGR",1.48870274628883,0.0000000000000000000000000000000000000000000000000000000000000000000000000000000000000000000000000000000149110737067708,0.506570901578065,0.505832235263062,607.244971340198,670,1.37708128461633,1.60032420796134,"positive","OK"
"SW",450,"idw_neighbour_DGR",1.49840080842259,0.000000000000000000000000000000000000000000000000000000000000000000000000000000000000000000000000000000628636102244078,0.500501517677138,0.499754883174413,615.516811694203,671,1.38476535824467,1.61203625860052,"positive","OK"
"SW",460,"idw_neighbour_DGR",1.50613306671199,0.0000000000000000000000000000000000000000000000000000000000000000000000000000000000000000000000000000135994436679376,0.495380651865567,0.494627488659396,622.770442262845,672,1.39082180977779,1.6214443236462,"positive","OK"
"SW",470,"idw_neighbour_DGR",1.52299861676858,0.0000000000000000000000000000000000000000000000000000000000000000000000000000000000000000000000000000279889649155992,0.494293889083791,0.493539103843618,624.216124670378,672,1.40614237285145,1.63985486068571,"positive","OK"
"SW",480,"idw_neighbour_DGR",1.53623500631396,0.0000000000000000000000000000000000000000000000000000000000000000000000000000000000000000000000000000205921258577004,0.494241599587511,0.493487861285853,624.448189691371,673,1.41843902753947,1.65403098508845,"positive","OK"
"SW",490,"idw_neighbour_DGR",1.55306534400608,0.0000000000000000000000000000000000000000000000000000000000000000000000000000000000000000000000000000120004007528709,0.49505370698646,0.494301178978989,623.366670231396,673,1.43417212979872,1.67195855821344,"positive","OK"
"SW",500,"idw_neighbour_DGR",1.5732965185413,0.00000000000000000000000000000000000000000000000000000000000000000000000000000000000000000000000000000642667120319454,0.495991302429652,0.495240171732826,622.115867329798,673,1.4530801871954,1.69351284988721,"positive","OK"
"SW",10,"mean_neighbour_DGR",NA,NA,NA,NA,NA,0,NA,NA,NA,"Skipped: sample size < 10"
"SW",20,"mean_neighbour_DGR",0.890077399182876,0.00000000000000000000000000000000000000000000000000000000000000000000000000000000000000000000000000000000000000000000000000000000000000000000000000000000000000000000000000432039184843552,0.761390465291185,0.760951037050469,87.7625137462904,545,0.848073923471357,0.932080874894395,"positive","OK"
"SW",30,"mean_neighbour_DGR",0.891096377628137,0.00000000000000000000000000000000000000000000000000000000000000000000000000000000000000000000000000000000000000000000000000000000000000000000000000000000000000000000000000000134797014428587,0.765262741369385,0.764834388707651,77.9037122906684,550,0.849684161945193,0.93250859331108,"positive","OK"
"SW",40,"mean_neighbour_DGR",0.926739837393477,0.0000000000000000000000000000000000000000000000000000000000000000000000000000000000000000000000000000000000000000000000000000000000000000000000000000000000000000000000000000226240908511091,0.76034764369409,0.759913490874695,90.1758177046578,554,0.883241323888041,0.970238350898914,"positive","OK"
"SW",50,"mean_neighbour_DGR",0.924568116448551,0.000000000000000000000000000000000000000000000000000000000000000000000000000000000000000000000000000000000000000000000000000000000000000000000000000000000000051738105275628,0.715551595360338,0.715053437033473,197.461530276368,573,0.876653087733924,0.972483145163178,"positive","OK"
"SW",60,"mean_neighbour_DGR",0.888762431376216,0.0000000000000000000000000000000000000000000000000000000000000000000000000000000000000000000000000000000000000000000000000000000000000350425112865107,0.632834751444093,0.632229866355863,365.780919112499,609,0.834799953836373,0.94272490891606,"positive","OK"
"SW",70,"mean_neighbour_DGR",0.890130447392477,0.000000000000000000000000000000000000000000000000000000000000000000000000000000000000000000000000000000000000000000000495709087307992,0.577885283635548,0.577203353560645,455.984449621156,621,0.830082128356208,0.950178766428745,"positive","OK"
"SW",80,"mean_neighbour_DGR",0.880133188284601,0.000000000000000000000000000000000000000000000000000000000000000000000000000000000000000000000000000000000000148739044189426,0.544686603932756,0.543962735258563,514.450761808631,631,0.817126085666356,0.943140290902847,"positive","OK"
"SW",90,"mean_neighbour_DGR",0.906941625472032,0.000000000000000000000000000000000000000000000000000000000000000000000000000000000000000000000000000000000348105346555369,0.531076356783182,0.530335561138289,540.12137530457,635,0.840425133323887,0.973458117620178,"positive","OK"
"SW",100,"mean_neighbour_DGR",0.925057766258421,0.000000000000000000000000000000000000000000000000000000000000000000000000000000000000000000000000000000277667335618478,0.517761402348799,0.517006725357169,562.31312724244,641,0.8557062377892,0.994409294727642,"positive","OK"
"SW",110,"mean_neighbour_DGR",0.954322966012467,0.000000000000000000000000000000000000000000000000000000000000000000000000000000000000000000000000000255727320982605,0.504106711577947,0.503337884774192,592.341615045743,647,0.881139631799834,1.0275063002251,"positive","OK"
"SW",120,"mean_neighbour_DGR",0.988344497424983,0.00000000000000000000000000000000000000000000000000000000000000000000000000000000000000000000000000240256117325815,0.497446873039927,0.496674902030772,601.061385431681,653,0.911891984427645,1.06479701042232,"positive","OK"
"SW",130,"mean_neighbour_DGR",1.01958886208642,0.0000000000000000000000000000000000000000000000000000000000000000000000000000000000000000000000536264409799859,0.480726946420305,0.479931735005941,622.820493969713,655,0.938161390785707,1.10101633338714,"positive","OK"
"SW",140,"mean_neighbour_DGR",1.04415730144131,0.0000000000000000000000000000000000000000000000000000000000000000000000000000000000000000000000390861639482359,0.478633539926133,0.47784118968286,628.092585091743,660,0.960737215728854,1.12757738715377,"positive","OK"
"SW",150,"mean_neighbour_DGR",1.06486552237181,0.000000000000000000000000000000000000000000000000000000000000000000000000000000000000000000000516158928463026,0.474021050672547,0.473222903556724,634.017040250646,661,0.979066195649144,1.15066484909447,"positive","OK"
"SW",160,"mean_neighbour_DGR",1.08830077042589,0.0000000000000000000000000000000000000000000000000000000000000000000000000000000000000000000056001742793234,0.469187904635447,0.468384860618254,646.769588976483,663,0.999893243009143,1.17670829784264,"positive","OK"
"SW",170,"mean_neighbour_DGR",1.11744524743838,0.00000000000000000000000000000000000000000000000000000000000000000000000000000000000000000489694807808598,0.458215978449735,0.457396335451929,660.334137067562,663,1.02464534047728,1.21024515439948,"positive","OK"
"SW",180,"mean_neighbour_DGR",1.13016145363722,0.0000000000000000000000000000000000000000000000000000000000000000000000000000000000000105606454055156,0.445508528042502,0.444669660460116,675.705121890665,663,1.03386656796997,1.22645633930446,"positive","OK"
"SW",190,"mean_neighbour_DGR",1.11634606448092,0.0000000000000000000000000000000000000000000000000000000000000000000000000000000555193598299041,0.418504471798654,0.417626079762096,707.372499310367,664,1.01592245615767,1.21676967280417,"positive","OK"
"SW",200,"mean_neighbour_DGR",1.12737059770644,0.00000000000000000000000000000000000000000000000000000000000000000000000000000394093287092056,0.410983879999063,0.410094127551932,715.905078510711,664,1.02437189884599,1.23036929656689,"positive","OK"
"SW",210,"mean_neighbour_DGR",1.11793477437716,0.0000000000000000000000000000000000000000000000000000000000000000000000000210515479530883,0.394626883136562,0.393715176635262,736.857980659848,666,1.01242538865224,1.22344416010207,"positive","OK"
"SW",220,"mean_neighbour_DGR",1.10364066007332,0.0000000000000000000000000000000000000000000000000000000000000000000000778924122054991,0.379494868144715,0.37856037246421,753.300778138032,666,0.996104673300024,1.21117664684662,"positive","OK"
"SW",230,"mean_neighbour_DGR",1.10980849337086,0.00000000000000000000000000000000000000000000000000000000000000000000795751646757765,0.370809134450471,0.369861557845727,762.558696545357,666,0.999649379465573,1.21996760727615,"positive","OK"
"SW",240,"mean_neighbour_DGR",1.11518921637092,0.0000000000000000000000000000000000000000000000000000000000000000000668142730012649,0.366338480894712,0.365385606429891,768.19406131491,667,1.00351205153176,1.22686638121008,"positive","OK"
"SW",250,"mean_neighbour_DGR",1.12551322434758,0.000000000000000000000000000000000000000000000000000000000000000000899024528672592,0.361378260452531,0.360417927009603,773.394921697421,667,1.01158800811217,1.239438440583,"positive","OK"
"SW",260,"mean_neighbour_DGR",1.14532795292055,0.0000000000000000000000000000000000000000000000000000000000000000013985839772166,0.360101433139638,0.359140624480688,779.757605838354,668,1.02916331450804,1.26149259133307,"positive","OK"
"SW",270,"mean_neighbour_DGR",1.16695000674317,0.00000000000000000000000000000000000000000000000000000000000000000596226332000185,0.357316462802331,0.356351472506239,782.658571169518,668,1.04787372465088,1.28602628883546,"positive","OK"
"SW",280,"mean_neighbour_DGR",1.1776447669946,0.000000000000000000000000000000000000000000000000000000000000000746586350434525,0.347952387264016,0.346973336794443,792.321289996788,668,1.05498701758546,1.30030251640373,"positive","OK"
"SW",290,"mean_neighbour_DGR",1.18518040930803,0.0000000000000000000000000000000000000000000000000000000000000787619198563908,0.33879238491781,0.33779958069096,801.640089070577,668,1.05920449814757,1.31115632046849,"positive","OK"
"SW",300,"mean_neighbour_DGR",1.20129890264118,0.00000000000000000000000000000000000000000000000000000000000292390328868919,0.331598174400641,0.330594568055897,808.868947978287,668,1.0715317517933,1.33106605348906,"positive","OK"
"SW",310,"mean_neighbour_DGR",1.20015218619249,0.00000000000000000000000000000000000000000000000000000000143098779608912,0.31908974253606,0.31806735476209,821.254328581974,668,1.0667614166969,1.33354295568808,"positive","OK"
"SW",320,"mean_neighbour_DGR",1.2121163514208,0.0000000000000000000000000000000000000000000000000000000419672404319799,0.312168691174912,0.311135911431931,828.009879559089,668,1.07522010224537,1.34901260059622,"positive","OK"
"SW",330,"mean_neighbour_DGR",1.21549780561463,0.0000000000000000000000000000000000000000000000000000141481206676205,0.300081628077158,0.299030699590788,839.64650602306,668,1.07425734900561,1.35673826222366,"positive","OK"
"SW",340,"mean_neighbour_DGR",1.22247978491307,0.00000000000000000000000000000000000000000000000000109342159561828,0.290916622257049,0.289851932500678,848.336786549855,668,1.07726627883542,1.36769329099073,"positive","OK"
"SW",350,"mean_neighbour_DGR",1.22173811144926,0.000000000000000000000000000000000000000000000000202841828555798,0.279394152215218,0.278313783627835,860.540023850669,669,1.07256439496598,1.37091182793253,"positive","OK"
"SW",360,"mean_neighbour_DGR",1.22562807736889,0.00000000000000000000000000000000000000000000000489481306256139,0.272509423310548,0.271418732790774,866.901365903758,669,1.07337868140908,1.37787747332871,"positive","OK"
"SW",370,"mean_neighbour_DGR",1.22331143702369,0.000000000000000000000000000000000000000000000375559915536722,0.263018566320345,0.261913646629671,875.572712539236,669,1.06762669205397,1.37899618199341,"positive","OK"
"SW",380,"mean_neighbour_DGR",1.2288616760794,0.00000000000000000000000000000000000000000000598057236976183,0.256902519865217,0.255788430689603,881.101685797821,669,1.06996468784369,1.38775866431512,"positive","OK"
"SW",390,"mean_neighbour_DGR",1.22186287974902,0.000000000000000000000000000000000000000000912458160097616,0.245665202369554,0.244534265641472,891.142749616471,669,1.05908076994092,1.38464498955711,"positive","OK"
"SW",400,"mean_neighbour_DGR",1.2117622908883,0.000000000000000000000000000000000000000103238305030157,0.234943963970735,0.233796953421966,900.584201250384,669,1.04551450748466,1.37801007429193,"positive","OK"
"SW",410,"mean_neighbour_DGR",1.19881542808464,0.00000000000000000000000000000000000000578276417583845,0.225402441864219,0.224242864681381,909.391144117963,670,1.02998196301497,1.36764889315432,"positive","OK"
"SW",420,"mean_neighbour_DGR",1.1828701207339,0.0000000000000000000000000000000000015199776803837,0.212441632804939,0.21126265321333,920.509037266036,670,1.00984622818526,1.35589401328255,"positive","OK"
"SW",430,"mean_neighbour_DGR",1.16809798652156,0.000000000000000000000000000000000193129931521427,0.201000144084383,0.199804036515647,930.172635140079,670,0.991167815059915,1.3450281579832,"positive","OK"
"SW",440,"mean_neighbour_DGR",1.15466025107676,0.0000000000000000000000000000000121484233923807,0.191091200547122,0.189880259230576,938.430661732453,670,0.97417940928522,1.33514109286831,"positive","OK"
"SW",450,"mean_neighbour_DGR",1.1340205193226,0.00000000000000000000000000000275162014971858,0.177696173240504,0.176467019538323,950.013925701165,671,0.948829687704093,1.31921135094111,"positive","OK"
"SW",460,"mean_neighbour_DGR",1.1169699577727,0.000000000000000000000000000169831336686742,0.167342526318034,0.166099753969255,959.320126544538,672,0.927967497349633,1.30597241819577,"positive","OK"
"SW",470,"mean_neighbour_DGR",1.11412925094829,0.0000000000000000000000000038730447577676,0.159592303176888,0.158337963330883,965.546049235969,672,0.920187840489963,1.30807066140662,"positive","OK"
"SW",480,"mean_neighbour_DGR",1.12960735066068,0.00000000000000000000000000427621578725103,0.159128096620802,0.157874934320684,966.588096595143,673,0.932777981694714,1.32643671962665,"positive","OK"
"SW",490,"mean_neighbour_DGR",1.15813778805227,0.00000000000000000000000000272930372266277,0.160244148577719,0.158992649544303,965.694260258967,673,0.957174575232817,1.35910100087172,"positive","OK"
"SW",500,"mean_neighbour_DGR",1.17747424573735,0.00000000000000000000000000561208704170761,0.158451711632853,0.157197541307417,967.129230282967,673,0.971784153190875,1.38316433828383,"positive","OK"
"SW",10,"n_neighbours",NA,NA,NA,NA,NA,683,NA,NA,NA,"Skipped: predictor has insufficient variation"
"SW",20,"n_neighbours",-0.226675296216496,0.00000815291220221439,0.0288220819969538,0.0273959763904882,1072.72393672574,683,-0.325675936005177,-0.127674656427815,"negative","OK"
"SW",30,"n_neighbours",-0.210673025386223,0.00000298678920064638,0.0315631208570094,0.0301410402708964,1070.79352168616,683,-0.298474479209184,-0.122871571563263,"negative","OK"
"SW",40,"n_neighbours",-0.146425064671279,0.000000012549573750505,0.0464960273282689,0.0450958746518052,1060.17989603462,683,-0.196315332845132,-0.096534796497426,"negative","OK"
"SW",50,"n_neighbours",-0.109750460291612,0.0000000162940482950728,0.0457849450704442,0.0443837482203273,1060.68905823047,683,-0.14744819190167,-0.0720527286815534,"negative","OK"
"SW",60,"n_neighbours",-0.0610229294031489,0.000042623186370863,0.0243149684438415,0.0228822444621144,1075.88632065934,683,-0.0901071950382622,-0.0319386637680357,"negative","OK"
"SW",70,"n_neighbours",-0.0267906954864791,0.0148601559691453,0.00868064542910468,0.00722496355748803,1086.74391464343,683,-0.0483314968782409,-0.00524989409471729,"negative","OK"
"SW",80,"n_neighbours",-0.0104164099902998,0.283609016436395,0.00168808661554199,0.000222136669309259,1091.544741219,683,-0.0294754452490097,0.00864262526841018,"negative","OK"
"SW",90,"n_neighbours",0.00193987898618534,0.823665622931067,0.0000729649387490834,-0.00139535669863888,1092.64884175346,683,-0.0151464501166364,0.0190262080890071,"positive","OK"
"SW",100,"n_neighbours",0.00663956243896027,0.395176300864635,0.00106182355926981,-0.000405046009659404,1091.9730678303,683,-0.00868293899706075,0.0219620638749813,"positive","OK"
"SW",110,"n_neighbours",0.015102237670692,0.0303183472239579,0.00686996966073068,0.00541162894070246,1087.99029754682,683,0.00144024548237205,0.028764229859012,"positive","OK"
"SW",120,"n_neighbours",0.0203446950695883,0.000591824697267884,0.0171928837277786,0.0157497014718723,1080.85382110015,683,0.00877137264296042,0.0319180174962161,"positive","OK"
"SW",130,"n_neighbours",0.020907435205524,0.0000352381172377907,0.0248327033588624,0.0234007396339855,1075.52379916025,683,0.0110497395035656,0.0307651309074823,"positive","OK"
"SW",140,"n_neighbours",0.0199579021095848,0.00000317597370830191,0.0313954231767336,0.0299730963385203,1070.91178194906,683,0.0116172105664061,0.0282985936527635,"positive","OK"
"SW",150,"n_neighbours",0.0176189138549734,0.00000365717590646576,0.031010226783895,0.0295873343122121,1071.18334461105,683,0.0102086556290012,0.0250291720809456,"positive","OK"
"SW",160,"n_neighbours",0.017101501342781,0.000000450316764432542,0.0367304068397058,0.0353159140450505,1067.13948335815,683,0.0105121543254679,0.0236908483600942,"positive","OK"
"SW",170,"n_neighbours",0.016136515306103,0.000000165968306828252,0.0394557139304821,0.0380452230551964,1065.20438349403,683,0.0101460496584376,0.0221269809537684,"positive","OK"
"SW",180,"n_neighbours",0.0157196188710061,0.0000000247705259873149,0.0446438325029743,0.0432409600103209,1061.50534616695,683,0.0102483127119698,0.0211909250300423,"positive","OK"
"SW",190,"n_neighbours",0.0143751892052678,0.0000000240861158524496,0.0447201831913126,0.0433174228142073,1061.45075960981,683,0.00937629243982466,0.019374085970711,"positive","OK"
"SW",200,"n_neighbours",0.0142923464267546,0.00000000309126865498029,0.0503074801082115,0.0489129242787082,1057.44426076093,683,0.0096200988723792,0.0189645939811301,"positive","OK"
"SW",210,"n_neighbours",0.0136695268083359,0.0000000012780955891429,0.0527061392434886,0.0513151056740958,1055.71701055056,683,0.00930926743567518,0.0180297861809966,"positive","OK"
"SW",220,"n_neighbours",0.0133568717513873,0.00000000029267899692232,0.0567018087107089,0.055316642497362,1052.83003521772,683,0.00925787206552798,0.0174558714372466,"positive","OK"
"SW",230,"n_neighbours",0.013183877200915,0.000000000040253053332124,0.0620629761507136,0.0606856824299363,1048.93718094326,683,0.00932766633154125,0.0170400880702888,"positive","OK"
"SW",240,"n_neighbours",0.013070032399429,0.0000000000038400235405838,0.0683858817223413,0.0670178727380862,1044.31729023931,683,0.00944043417410528,0.0166996306247527,"positive","OK"
"SW",250,"n_neighbours",0.0126030962425311,0.000000000000913291159657927,0.0722352606110583,0.0708729041655531,1041.48932483974,683,0.00920474200787675,0.0160014504771854,"positive","OK"
"SW",260,"n_neighbours",0.0119192662230852,0.000000000000526314235322937,0.0737093240813523,0.0723491321930724,1040.40328873313,683,0.00874013073994087,0.0150984017062294,"positive","OK"
"SW",270,"n_neighbours",0.0111707711551041,0.000000000000614040485163842,0.0732971988169886,0.071936401752109,1040.70710152435,683,0.00818224687616249,0.0141592954340458,"positive","OK"
"SW",280,"n_neighbours",0.0103242459395598,0.00000000000064240144107475,0.0731764650047754,0.0718154906508911,1040.79607915823,683,0.00755973546533983,0.0130887564137797,"positive","OK"
"SW",290,"n_neighbours",0.00970723057500971,0.000000000000447591854040529,0.0741422939924203,0.0727827378896192,1040.08396393439,683,0.00712626897467348,0.0122881921753459,"positive","OK"
"SW",300,"n_neighbours",0.00904685537622541,0.000000000000914810416638191,0.0722308125872543,0.070868449610143,1041.4925993692,683,0.00660734059310325,0.0114863701593476,"positive","OK"
"SW",310,"n_neighbours",0.00859997129233258,0.000000000000951709570975877,0.072124985686391,0.0707624673100128,1041.57050199008,683,0.00627912725719139,0.0109208153274738,"positive","OK"
"SW",320,"n_neighbours",0.0082589127386254,0.00000000000084208676667494,0.0724524662471197,0.0710904287526222,1041.3294041059,683,0.00603554416498558,0.0104822813122652,"positive","OK"
"SW",330,"n_neighbours",0.00799866941787449,0.000000000000436855818429697,0.0742071620621478,0.0728477012134872,1040.03610944933,683,0.00587298480328676,0.0101243540324622,"positive","OK"
"SW",340,"n_neighbours",0.00793931145997135,0.0000000000000694247120037376,0.0791112710275395,0.07775901151363,1036.4085059064,683,0.00590126386561821,0.0099773590543245,"positive","OK"
"SW",350,"n_neighbours",0.00790007980337894,0.00000000000000996264403096181,0.0842648468080952,0.0829201549531878,1032.57549302826,683,0.00594060227136697,0.00985955733539091,"positive","OK"
"SW",360,"n_neighbours",0.00791967273361976,0.000000000000000819367784483566,0.0908610446289666,0.0895260388207859,1027.63792203487,683,0.00603480625554908,0.00980453921169045,"positive","OK"
"SW",370,"n_neighbours",0.00788657058979487,0.0000000000000000904690929155964,0.0966460067135529,0.0953194957101954,1023.27802367106,683,0.00607242429340396,0.00970071688618578,"positive","OK"
"SW",380,"n_neighbours",0.00782590442293229,0.00000000000000000842072126892891,0.102843581287396,0.101526170980917,1018.57606791071,683,0.00608679418168784,0.00956501466417674,"positive","OK"
"SW",390,"n_neighbours",0.0076747529792873,0.00000000000000000169139144370295,0.107012165660114,0.105700876622904,1015.39515300068,683,0.00600666986893149,0.00934283608964311,"positive","OK"
"SW",400,"n_neighbours",0.00742357881890252,0.000000000000000000765012535044886,0.109066297456472,0.107758024765512,1013.82224454259,683,0.00582719316147704,0.009019964476328,"positive","OK"
"SW",410,"n_neighbours",0.00713372609499865,0.000000000000000000599941515442102,0.109694727060917,0.108387377174075,1013.34031320878,683,0.00560461122561802,0.00866284096437928,"positive","OK"
"SW",420,"n_neighbours",0.00679764054828381,0.00000000000000000106594066847831,0.108207994935506,0.106898461888422,1014.47991236508,683,0.00532936558735786,0.00826591550920976,"positive","OK"
"SW",430,"n_neighbours",0.00648407844735837,0.00000000000000000239111678597864,0.106114514078458,0.10480190690383,1016.08137521341,683,0.00506812526826444,0.0079000316264523,"positive","OK"
"SW",440,"n_neighbours",0.00618684651386308,0.00000000000000000761008949632909,0.10310696131648,0.101789937764815,1018.37552877795,683,0.0048139343303774,0.00755975869734875,"positive","OK"
"SW",450,"n_neighbours",0.0059676814749866,0.0000000000000000129370200652064,0.101725512422952,0.100406460311973,1019.4267173347,683,0.00463341581563136,0.00730194713434183,"positive","OK"
"SW",460,"n_neighbours",0.00575853445053192,0.0000000000000000278633901070481,0.0997247648344611,0.0984027747681387,1020.94628740756,683,0.00445673166889377,0.00706033723217006,"positive","OK"
"SW",470,"n_neighbours",0.00565148962933502,0.0000000000000000196121720682823,0.100641008539549,0.0993203639118535,1020.2508188558,683,0.0043803622603316,0.00692261699833844,"positive","OK"
"SW",480,"n_neighbours",0.00557975666648002,0.00000000000000000991413828455455,0.102418611614722,0.101100577270544,1018.89951826731,683,0.00433693212231717,0.00682258121064286,"positive","OK"
"SW",490,"n_neighbours",0.00548031152768293,0.00000000000000000739675854724301,0.103180933018123,0.101864018088634,1018.31919568849,683,0.00426467141477459,0.00669595164059127,"positive","OK"
"SW",500,"n_neighbours",0.00543226398407054,0.00000000000000000346410395712114,0.105152488620245,0.103838468779746,1016.81604433653,683,0.00423994436381492,0.00662458360432615,"positive","OK"
