"plot_id","closest_SW_distance_m","closest_SE_distance_m","log_closest_SW","log_closest_SE","predicted_DGR_se_only","predicted_DGR_se_only_lwr","predicted_DGR_se_only_upr","predicted_DGR_sw_se","predicted_DGR_sw_se_lwr","predicted_DGR_sw_se_upr"
"001_1",17.0782759548538,107.383452461051,2.83780724385433,4.67640609628471,3.05267022731842,2.92827457521275,3.17706587942409,2.99418634430981,2.87154200124723,3.11683068737239
"001_3",18.2483795583253,47.0418903285409,2.90407628476168,3.85103848833867,3.12666891578824,3.08510169114181,3.16823614043466,3.10192283170323,3.05429658171832,3.14954908168815
"001_5",18.2379232740262,46.9239230481525,2.90350312257347,3.84852763171698,3.12596155740625,3.08476985629005,3.16715325852245,3.10123628799635,3.05397485252465,3.14849772346805
"002_1",17.9617674038406,110.410430588432,2.88824546581855,4.70420460934773,3.03983572744052,2.91357201515095,3.16609943973009,2.99664488709604,2.87119591998903,3.12209385420305
"002_2",16.665349827437,108.758169629804,2.81333170328477,4.68912679017988,3.04690608378755,2.9217666880957,3.1720454794794,2.98156832422581,2.85811322482645,3.10502342362517
"002_3",16.4415879018857,46.8852653857813,2.79981397266969,3.84770345521136,3.12572849458214,3.08465312060896,3.16680386855531,3.07080882388208,3.0276876081533,3.11393003961086
"002_4",17.66105335759,47.7953593992398,2.87136183991968,3.86692855108657,3.13104617040717,3.08645984141883,3.17563249939551,3.0955223472011,3.04780767562011,3.14323701878209
"002_5",17.4469288059516,46.8479839962123,2.85916363349975,3.84690797672788,3.1255031425831,3.08453670071643,3.16646958444978,3.0879258950724,3.04421076894897,3.13164102119583
"002_6",16.5390786382231,46.3072401998237,2.80572598297885,3.83529832467289,3.12217127630577,3.08238750753237,3.16195504507918,3.06989729776182,3.0282560501507,3.11153854537294
"003_1",14.7308355663666,44.910700030196,2.68994295434884,3.80467607437955,3.11306503928303,3.07193276824034,3.15419731032573,3.02949973321943,2.97372258859084,3.08527687784802
"003_2",17.0804642830794,46.6096180044465,2.83793537084106,3.8418069147803,3.12404885118158,3.08369931464091,3.16439838772225,3.08066156248511,3.03839801372761,3.1229251112426
"003_3",15.4166359736786,44.2540213401349,2.73544718439182,3.78994624506797,3.10856486892108,3.06422139984081,3.15290833800134,3.03922548434946,2.98848514898317,3.08996581971576
"003_4",15.743207579694,44.7869459986917,2.75640900746891,3.80191671300261,3.11222676281662,3.07061846058492,3.15383506504831,3.04809661788636,3.00197409557622,3.09421914019651
"003_5",16.7881506575449,44.9419457058467,2.82067331955217,3.80537156145517,3.1132759421809,3.07225428270586,3.15429760165593,3.06754879786791,3.02518546276429,3.10991213297153
"004_1",15.982204327073,46.2949187478679,2.77147587369554,3.83503220880327,3.12209400924319,3.08232772779909,3.16186029068728,3.05989933218466,3.0163777060351,3.10342095833423
"004_2",17.350467001545,47.318599159465,2.85361942254619,3.85690343511039,3.12830503016615,3.08574448850418,3.17086557182811,3.08835670977635,3.04343978652694,3.13327363302576
"004_3",13.4995832965303,47.4039677559257,2.60265881804431,3.85870593312864,3.12880316493068,3.08590705206234,3.17169927779902,3.01599196067574,2.93921425420446,3.09276966714703
"004_4",15.5794724842249,46.9010540221513,2.74595418134724,3.84804014901956,3.1258237574942,3.08470128419026,3.16694623079814,3.05526133463931,3.00771746096138,3.10280520831724
"004_5",16.1430425327189,45.4610647618009,2.7814891539188,3.81685624009909,3.11673414500212,3.07698981157448,3.15647847842977,3.05878659336032,3.01627078907226,3.10130239764839
"005_1",15.3870928481353,44.8650954753541,2.73352903125053,3.80366010880647,3.1127566736175,3.07145602792897,3.15405731930604,3.04187504087957,2.99319498551339,3.09055509624575
"005_2",15.9564716029222,42.5420378414101,2.76986449006929,3.75049271274814,3.09629379942326,3.03654122587184,3.15604637297468,3.03970562827591,2.97868915912497,3.10072209742685
"005_3",15.5965457105024,44.7320300321844,2.74704946092256,3.80068980054603,3.11185328107151,3.07001435319496,3.15369220894805,3.04510088093319,2.99775573959349,3.09244602227288
"005_4",14.4046466150029,45.1836530848522,2.66755083612887,3.8107353640096,3.1148970229817,3.07460084917775,3.15519319678565,3.02441580747888,2.96464083726846,3.08419077768929
"005_5",15.5677444960809,46.5227341342402,2.74520111318672,3.83994109923035,3.12351305671111,3.08335212302952,3.1636739903927,3.0533395572764,3.00661075897787,3.10006835557493
"007_1",16.5353608608756,60.6067814883653,2.80550117025825,4.10440679256289,3.16891597385292,3.05876961743662,3.27906233026923,3.09843472533621,2.98867681293946,3.20819263773295
"007_3",17.2440870486328,47.944841035085,2.84746930492555,3.870051205032,3.13188490410183,3.08659529017266,3.177174518031,3.0891477176965,3.0419285361147,3.1363668992783
"007_5",17.1489408200543,48.0852995118439,2.84193641194114,3.87297650694496,3.13266387003714,3.08668837078447,3.17863936928982,3.08809161991636,3.04039384892192,3.13578939091079
"008_1",17.4094344560157,53.3734834543157,2.85701226939353,3.97731405811123,3.15548224762593,3.07842369859287,3.23254079665899,3.10762377475327,3.03004367990345,3.18520386960309
"008_2",17.3356756850871,59.0236595681009,2.85276655646141,4.07793837315168,3.16744439779998,3.06299226351028,3.27189653208967,3.11208414753158,3.00812202462722,3.21604627043594
"008_3",17.4394949533526,47.1678848198963,2.85873745896475,3.85371325465192,3.12741793725446,3.08541711872578,3.16941875578313,3.08920427910618,3.04455827464398,3.13385028356838
"008_4",17.8210126937571,46.9554260810253,2.88037824948278,3.84919877045724,3.12615102610874,3.08486203328444,3.16744001893305,3.09460258568725,3.04921431168923,3.13999085968527
"008_5",17.6865108928584,51.1763178272155,2.87280225258798,3.93527688260251,3.14751703802923,3.08352956934309,3.21150450671536,3.10727987855178,3.04161780453185,3.17294195257171
"008_6",17.3485254323261,48.2412043573346,2.85350751328976,3.87621351805535,3.133518062285,3.08675555341937,3.18028057115063,3.09207555849577,3.04326201056102,3.14088910643052
"009_1",17.5971633454498,106.858380195043,2.86773771550027,4.6715044082175,3.05484344645203,2.93068552958215,3.17900136332191,3.00498365038768,2.88224236191212,3.12772493886324
"009_2",51.5016008934137,125.048015505734,3.94161289249556,4.82869778759142,2.9706107616454,2.82619953329357,3.11502198999722,3.19326382393149,3.02839444383015,3.35813320403283
"009_3",17.9232654063846,46.9840704706089,2.88609961228492,3.84980861810435,3.12632294259289,3.08494357528933,3.16770230989644,3.09640303718565,3.05049118102746,3.14231489334383
"009_4",52.39048355956,47.2765538243613,3.95872496337486,3.85601448178569,3.12805853463472,3.08565844464685,3.17045862462258,3.36595865476621,3.27421020550917,3.45770710402325
"009_5",17.5178174692611,47.407715683718,2.86321850407599,3.85878499359162,3.1288249621249,3.08591382366826,3.17173610058154,3.09153734132145,3.04581717638175,3.13725750626115
"009_6",53.1011631144463,47.0227549012085,3.97219883223486,3.85063163138302,3.12655457167959,3.08505031316311,3.16805883019606,3.36681742868591,3.27551832871118,3.45811652866063
"010_1",18.144034474104,96.1274551892952,2.89834182757131,4.56567496913078,3.09592841834761,2.97194282315983,3.2199140135354,3.05206793123422,2.92916809012429,3.17496777234415
"010_2",17.0219637593992,99.9072713975064,2.83450449600769,4.60424246976751,3.08216262290857,2.95892952429533,3.20539572152181,3.02081950629055,2.8994657638186,3.1421732487625
"010_3",17.5864733403866,48.2179523582651,2.86713004634499,3.87573140727786,3.13339136535963,3.08674784230173,3.18003488841753,3.09596366666699,3.04662378617129,3.14530354716269
"010_4",18.2921183405923,48.0375146515955,2.90647027530212,3.8719822608942,3.13239985845749,3.08666028062509,3.17813943628989,3.10677282210548,3.05543193625224,3.15811370795871
"010_5",17.8470696337988,46.0435301190134,2.88183932857517,3.82958725595803,3.12050492418932,3.08099299834769,3.16001685003094,3.09084890509579,3.04691557583693,3.13478223435466
"010_6",17.314504333353,47.0820694576256,2.85154455101397,3.85189223762029,3.12690850507453,3.08520655389741,3.16861045625165,3.08673248230102,3.04270557256184,3.1307593920402
"011_1",18.2926830031216,60.2712660411156,2.9065011439967,4.09885547343188,3.16866489177095,3.05965031797362,3.27767946556829,3.12794005533607,3.01842604298366,3.23745406768848
"011_2",70.8195816310311,63.5313896109439,4.26013553916887,4.15153410834229,3.16983312295883,3.05144121686762,3.28822502905005,3.42035039259762,3.27986493068289,3.56083585451234
"011_3",18.7867765027193,48.1981417598048,2.93315324483495,3.87532046761223,3.13328322649916,3.08674064541797,3.17982580758035,3.11523481679923,3.06079324084669,3.16967639275178
"011_4",70.1682116719279,47.3726765695423,4.25089538328927,3.85804561881295,3.12862094381565,3.08584932678746,3.17139256084384,3.39705552009469,3.3026393519581,3.49147168823128
"013_1",17.4635624251657,97.5740194621076,2.86011656311409,4.58061126394734,3.09074818100984,2.96711395697587,3.2143824050438,3.0361646976119,2.91430412059025,3.15802527463354
"013_2",53.8787361814098,98.448445801362,3.98673589509427,4.5895330182806,3.08756391370778,2.96410744257027,3.21102038484528,3.31314546811287,3.16969318563771,3.45659775058804
"013_3",16.5141224293026,47.5568043111813,2.80421591963511,3.8619248767808,3.12968706549702,3.0861591531364,3.17321497785763,3.07497400272091,3.02961791232614,3.12033009311568
"013_4",52.4510367632814,46.6171747170805,3.9598801013444,3.84196902939199,3.12409530898068,3.08372842024825,3.16446219771311,3.36322106457561,3.27208929003033,3.45435283912089
"013_5",17.7728276883851,46.8032324496513,2.87767075659695,3.84595226997541,3.12523187892801,3.08439189054931,3.16607186730671,3.09313523676397,3.04834538641818,3.13792508710976
"013_6",52.6185860782242,47.6463344928105,3.9630694048259,3.86380570149198,3.13020008994683,3.08628476601934,3.17411541387431,3.36814836591464,3.27593077496875,3.46036595686053
"014_1",16.8661953270744,99.1024789914489,2.82531134219973,4.59615445607301,3.08515616180047,2.96181224759003,3.2085000760109,3.02089584875442,2.89940784313305,3.14238385437578
"014_2",18.3147836102686,98.4143094163461,2.90770858126983,4.58918621438344,3.08768897000961,2.96422611997525,3.21115182004397,3.04729481215252,2.92457977884221,3.17000984546283
"014_3",18.9603599952217,46.9208549194879,2.94235048373637,3.84846224440973,3.12594308267446,3.08476073799298,3.16712542735594,3.11262683740695,3.06141515252111,3.16383852229279
"014_4",17.2257002019045,46.7713612579438,2.84640246640179,3.84527107667973,3.1250381884374,3.0842853389663,3.1657910379085,3.08385975896386,3.04093428897602,3.12678522895169
"014_5",19.0322240766023,47.1448929536606,2.94613354660738,3.85322568833834,3.12728175544245,3.08536246747615,3.16920104340875,3.11471904317167,3.06254854480945,3.16688954153389
"014_6",16.419586919692,45.7548169007813,2.79847494656362,3.82329707362797,3.11865094365887,3.07917464847792,3.15812723883983,3.06515999792652,3.02369443108657,3.10662556476647
"015_1",16.9051936644874,46.3946467076682,2.82762089214199,3.8371840798967,3.12271770772365,3.08279700330651,3.16263841214079,3.07667147939924,3.03503041114082,3.11831254765766
"015_2",16.9090963560463,46.6205247267637,2.82785172304655,3.84204088894461,3.1241158971117,3.08374126803299,3.1644905261904,3.07777395625078,3.03567902790757,3.119868884594
"015_3",17.1540694463005,46.078490719937,2.84223543096277,3.83034626237764,3.12072734561114,3.08119206076296,3.16026263045933,3.07944749561752,3.0378612220392,3.12103376919584
"015_4",15.2282890098915,45.2370974038453,2.72315481718777,3.81191748923921,3.11525292962494,3.0750862093509,3.15541964989898,3.040768563242,2.99133763674976,3.09019948973425
"015_5",19.0663963415856,45.8095746868758,2.94792743172827,3.82449312356993,3.11900489446509,3.0795439702406,3.15846581868958,3.10911442945436,3.05850383773906,3.15972502116965
"015_6",114.387381938647,45.7345683058492,4.73959077512335,3.82285443003129,3.1185197871058,3.07903511163794,3.15800446257366,3.39222038237163,3.26970568899897,3.51473507574429
"016_1",15.5560160396233,45.7484008485305,2.74444744738215,3.82315683698014,3.11860940064129,3.07913060840567,3.15808819287691,3.04946394796167,3.0034454097235,3.09548248619984
"016_2",14.9869065680959,45.1327767080531,2.70717692444685,3.80960873882529,3.11455735578925,3.07412757416858,3.15498713740991,3.03561849410401,2.98339328446434,3.08784370374369
"016_3",16.6189230495402,44.3925783660569,2.81054198886451,3.79307230154877,3.10952483469701,3.06599804864297,3.15305162075104,3.06173832437591,3.01710019115724,3.10637645759459
"016_4",15.7215673023262,45.970583138655,2.75503348319702,3.82800169493792,3.12003936927549,3.08056322257203,3.15951551597896,3.05360185821056,3.00879329071679,3.09841042570432
"016_5",15.8684016021789,47.823327521011,2.76432981126671,3.86751354390481,3.13120385754617,3.08648815768846,3.17591955740388,3.06449477923132,3.01561026448308,3.11337929397956
"016_6",119.601591784403,46.5906953722062,4.7841661506621,3.84140085107054,3.12393241644366,3.08362567209665,3.16423916079067,3.39403675323889,3.26793620482401,3.52013730165377
"017_1",16.6839847676995,46.2750777048855,2.81444926334576,3.83460353765611,3.12196946428265,3.08223038446554,3.16170854409976,3.07228303177997,3.03084196675169,3.11372409680826
"017_2",16.0258851249695,47.2118698274752,2.77420523528885,3.85464534037153,3.12767783472593,3.08551814092633,3.16983752852554,3.06480408510963,3.01916068060679,3.11044748961247
"017_3",15.9977310175602,47.1201282808949,2.7724469007811,3.85270026176948,3.12713482194854,3.08530216617317,3.1689674777239,3.0638978378128,3.01842503409831,3.1093706415273
"017_4",15.6736711311551,46.610338772175,2.75198230660342,3.84182237858769,3.12405328336835,3.08370209821831,3.16440446851838,3.05570294802311,3.00961488198873,3.10179101405748
"017_5",15.970442556614,45.9259807835669,2.77073967359086,3.82703098707493,3.11975374619612,3.08029070488511,3.15921678750713,3.05793955228737,3.01472257309325,3.10115653148149
"017_6",125.116934627737,45.0220809474775,4.82924877703826,3.80715305714419,3.11381544668436,3.07305982828263,3.15457106508609,3.38385875607376,3.25350777511914,3.51420973702838
"019_1",19.0442932147174,97.5445031978961,2.94676748791178,4.5803087169207,3.09085497155482,2.96721425351388,3.21449568959576,3.0616600894311,2.93745999775519,3.18586018110702
"019_2",55.6609194322733,83.6717425819491,4.01927827468703,4.42690131693358,3.13566523674975,3.0072550171838,3.2640754563157,3.36105357262887,3.21513002959252,3.50697711566523
"019_3",77.1453857516695,49.3635237485805,4.34569176822819,3.89921176579666,3.13933891970576,3.08633641384703,3.19234142556449,3.40954706396204,3.30722571592559,3.51186841199849
"021_1",15.0408736050055,45.6560931491769,2.710771402274,3.82113707347188,3.11801010765426,3.0784790288302,3.15754118647832,3.03926709773819,2.9881412663388,3.09039292913759
"021_2",15.9796561189914,44.9892572896821,2.77131642064421,3.80642373437457,3.11359470755935,3.07273318583009,3.1544562292886,3.05345821373997,3.00932011329293,3.09759631418701
"021_3",15.6047416653633,45.713601609049,2.74757482097907,3.82239588182443,3.11838382579205,3.07888892662224,3.15787872496186,3.05020007247659,3.00457411157045,3.09582603338273
"021_4",15.6861814436937,46.109724274854,2.75278016196147,3.83102386647517,3.12092566875457,3.0813661620456,3.16048517546353,3.05361139184788,3.00843210494024,3.09879067875552
"021_5",16.0393768008213,46.1441508525552,2.77504674886695,3.83177021082659,3.12114384184115,3.08155401214091,3.16073367154139,3.06022712539568,3.01719585700976,3.1032583937816
"021_6",103.538970844174,46.0246746587905,4.63994807173123,3.8291776583009,3.12038477567567,3.08088378703554,3.1598857643158,3.39726877730283,3.28204448573173,3.51249306887393
"022_1",15.7146682075376,45.8157169963074,2.75459455692054,3.82462719811044,3.11904453094531,3.07958467133171,3.1585043905589,3.05272936360785,3.00793261135239,3.0975261158633
"022_2",16.1598442912576,47.2887083593287,2.78252941760455,3.85627154309454,3.12812987016233,3.08568373091297,3.17057600941169,3.06754774619319,3.02222689125551,3.11286860113087
"022_3",14.435666529849,45.6253478316181,2.66970198661411,3.82046343558029,3.11780983311698,3.07825447890916,3.1573651873248,3.02723830629052,2.9682217290005,3.08625488358053
"022_4",16.5261663992639,46.2610307243365,2.80494496716597,3.83429993766913,3.12188119788484,3.08216065733789,3.16160173843179,3.06945460465776,3.02786061287623,3.11104859643929
"022_5",15.8784292404563,45.8692442853066,2.7649615365977,3.82579483333289,3.11938936833565,3.07993321029321,3.15884552637808,3.0559917273981,3.01226850794439,3.09971494685182
"022_6",100.02683675921,44.6524249618307,4.60543851757605,3.79890861630308,3.11131027981705,3.06911594196768,3.15350461766642,3.39122388962631,3.27693170335178,3.50551607590083
"023_1",15.9181382545876,44.2791539177723,2.76745922977046,3.79051400010983,3.10873939603936,3.06454946316273,3.15292932891599,3.04863155031387,3.00140244592693,3.09586065470081
"023_2",15.1104385500232,44.4726478373766,2.71538579969028,3.79487434485431,3.11007709345931,3.06698880689616,3.15316538002247,3.03457877817236,2.98191190373738,3.08724565260734
"023_3",16.8877744457406,44.8432557946735,2.82658995456748,3.80317320472668,3.112608772706,3.07122458041369,3.15399296499831,3.06876285495784,3.02602993859994,3.11149577131573
"023_4",16.5350728747453,45.1011187560642,2.80548375372645,3.80890705232212,3.11434557613745,3.07382753188705,3.15486362038784,3.06394492832357,3.02187567437637,3.10601418227077
"023_5",14.9973226373278,46.6238020469695,2.70787169432601,3.84211118427132,3.1241360341481,3.0837538042944,3.1645182640018,3.0429967800215,2.99039938507459,3.09559417496842
"023_6",105.278924404152,46.0936286480411,4.6566132509989,3.83067473325026,3.1208235123126,3.08127688085409,3.16037014377111,3.3971174336313,3.28074955658724,3.51348531067536
"026_1",16.1271681688411,166.050666628054,2.78050531372606,5.11229296243712,2.74697138878331,2.4964755652685,2.99746721229812,2.66375000917503,2.41573706525713,2.91176295309292
"026_2",123.76082979033,161.030379231569,4.81835091107693,5.08159303806389,2.77409572268826,2.54164297907907,3.00654846629745,3.02061410356878,2.77347306553298,3.26775514160458
"026_3",17.4877626763516,44.0741495420905,2.86150136068517,3.78587343239931,3.10731069260567,3.06179966565263,3.15282171955871,3.0748870141023,3.02713993528263,3.12263409292197
"026_4",136.760412665304,44.7684052601505,4.91823058220808,3.80150265089364,3.11210076985629,3.07041593473451,3.15378560497806,3.37649404942494,3.2377841482901,3.51520395055978
"031_1",16.1054128657159,44.7757459220568,2.7791554183264,3.80166660715043,3.11215066554095,3.07049629370637,3.15380503737553,3.05463194618775,3.01042240023652,3.09884149213898
"031_2",15.7858355373096,44.1893183481522,2.75911305296953,3.78848309354624,3.10811474590135,3.06336510310159,3.15286438870112,3.04573347097767,2.99729941841727,3.09416752353806
"031_3",16.5258349365705,45.7439596480697,2.80492491012373,3.82305975345447,3.1185806359269,3.07910002925432,3.15806124259947,3.06698090059989,3.02571538073013,3.10824642046964
"031_4",15.1104669046901,46.6427356878181,2.71538767618382,3.84251719572126,3.12425228461404,3.0838255964185,3.16467897280958,3.04525703592453,2.99389587693974,3.09661819490931
"031_5",16.377326613161,46.1811717720299,2.79589785467492,3.83257217761981,3.12137795671212,3.08175132708668,3.16100458633756,3.06645193643625,3.02464957521257,3.10825429765993
"031_6",91.5773634693832,45.2537258203742,4.5171841174433,3.81228500532811,3.11536347435558,3.07523476198923,3.15549218672194,3.3952684906965,3.28745402818703,3.50308295320598
"035_1",15.8662466900731,44.5614488958417,2.76419400310591,3.79686911070625,3.1106874101413,3.06805644201012,3.15331837827248,3.04917709429253,3.00298050145846,3.09537368712659
"035_2",16.6171640906573,43.967732554144,2.81043614253686,3.78345601384267,3.10656454194748,3.06030701215226,3.15282207174269,3.05943423340205,3.01231008060236,3.10655838620174
"035_3",16.7759543159594,45.0549522074921,2.81994657041752,3.80788290492719,3.11403616491164,3.07338234200896,3.15468998781432,3.06791520371282,3.02587502283963,3.10995538458601
"035_4",16.1096500891789,44.7118735992211,2.77941847685237,3.80023909496441,3.1117159696221,3.0697894083976,3.15364253084661,3.05437667258221,3.00995505177917,3.09879829338525
"035_5",16.1732890414919,43.4542017093436,2.78336105683177,3.77170754920736,3.10292223589718,3.05251164896359,3.15333282283077,3.04876152442307,2.99703837189903,3.10048467694711
"035_6",204.265613162828,45.0707721647171,5.31942117225229,3.80823396912107,3.11414226780584,3.07353591758083,3.15474861803086,3.33792385627806,3.15512773813692,3.52071997441921
"036_1",16.8929494510934,44.8598940841237,2.82689634263714,3.8035441680577,3.11272146247202,3.07140109026923,3.15404183467481,3.06893788088816,3.02625741080378,3.11161835097254
"036_2",15.0422961108403,44.2526579225978,2.71086597381345,3.78991543569745,3.10855539595456,3.06420352972178,3.15290726218734,3.03210494299691,2.97780700160527,3.08640288438856
"036_3",15.5011786943474,44.6604219212863,2.74091606583055,3.79908769377639,3.11136491408678,3.06920740600963,3.15352242216393,3.04295218191434,2.99461140345872,3.09129296036996
"036_4",16.3949858025027,43.8806334640401,2.79697554433117,3.78147307158451,3.10595159007224,3.0590529693997,3.15285021074477,3.05505134039676,3.00706737793507,3.10303530285845
"036_5",15.1624466273042,45.3626165353336,2.71882175421808,3.81468834151541,3.11608511756412,3.07617883846817,3.15599139666007,3.0401444666663,2.99018377298337,3.09010516034923
"036_6",104.818188337066,44.0985524559958,4.65222730966299,3.786426957787,3.10748136450426,3.06213573590322,3.15282699310529,3.38712591395349,3.2684340186428,3.50581780926419
"037_1",16.5456632031268,46.1811687346678,2.8061240253769,3.83257211184923,3.12137793752559,3.08175131109608,3.1610045639551,3.06942246932123,3.02796090474453,3.11088403389794
"037_2",15.9974982357477,45.2728792032619,2.77243234974847,3.81270816011599,3.11549069236635,3.07540442814277,3.15557695658992,3.05522011253733,3.01178057394382,3.09865965113085
"037_3",15.4515046363433,45.8771848800794,2.73770638606749,3.82596793205433,3.11944043554777,3.07998397967163,3.15889689142391,3.04813575432191,3.00119260574728,3.09507890289655
"037_4",15.6089242004623,45.3459636202427,2.74784281482138,3.81432116753365,3.11597501001431,3.07603767502309,3.15591234500553,3.04846164102428,3.0026177178235,3.09430556422506
"037_5",16.0411903281068,45.1890851857029,2.77515980966666,3.81085557948522,3.11493323993371,3.07465073284749,3.15521574701992,3.05558867746493,3.01221338288214,3.09896397204771
"037_6",85.1978089309702,46.4277778965709,4.44497571673194,3.83789794166989,3.12292405242419,3.08294564438788,3.1629024604605,3.40044832164537,3.29740546182351,3.50349118146723
"041_1",16.7364288706942,51.3546632729607,2.81758771319317,3.93875574574612,3.14824125385141,3.08316576443569,3.21331674326712,3.09164742283882,3.02587378072916,3.15742106494848
"041_2",17.5327475219481,45.8210262568174,2.86407041922165,3.82474307434802,3.11907878081014,3.07961973482276,3.15853782679751,3.08458586162192,3.04200553829764,3.12716618494621
"041_3",16.7315354275358,45.68506874307,2.81729528768742,3.82177152116807,3.11819855087043,3.07868719755242,3.15770990418844,3.07029004526749,3.02918810379215,3.11139198674282
"041_4",17.4466625934618,44.7201249486177,2.85914837496778,3.80042362286391,3.11177219496011,3.06988170136146,3.15366268855876,3.07761752362012,3.03324667762335,3.12198836961689
"041_5",16.0406196446782,46.4870485762015,2.77512423290655,3.83917374855497,3.123292120579,3.0832027244644,3.16338151669361,3.06184637065457,3.01828910263074,3.1054036386784
"041_6",119.57406030808,46.8849645809943,4.78393593093694,3.84769703942701,3.12572667863178,3.08465219644544,3.16680116081812,3.39537130480578,3.26911661172714,3.52162599788442
"042_1",16.8926029115234,41.9699295247201,2.8268758285685,3.73695339816182,3.09204089862271,3.02539055823931,3.15869123900611,3.05295237035948,2.98654943750854,3.11935530321041
"042_2",16.2135339453357,47.743689247817,2.78584632218643,3.86584689584314,3.13075393245661,3.08640381140828,3.17510405350495,3.07041039364596,3.02347634233765,3.11734444495428
"042_3",16.4842926620566,46.7609421241336,2.8024079676296,3.84504828447903,3.12497477809678,3.08424988131337,3.16569967488019,3.07100792962386,3.02831935666795,3.11369650257977
"042_4",17.3037649087588,48.4374426100269,2.85092410261064,3.88027312228761,3.13457753688485,3.08679015064903,3.18236492312068,3.09207342869569,3.04240046535404,3.14174639203734
"042_5",16.459274623114,46.6376067154391,2.80088912520823,3.84240722673419,3.1242208075508,3.08380625468162,3.16463536041998,3.07001064790966,3.02758134326919,3.11243995255012
"042_6",69.7943160803932,47.7714179464869,4.24555257493961,3.86642750974315,3.13091090914819,3.08643448435595,3.17538733394042,3.3983654093609,3.30356445137262,3.49316636734918
"043_1",15.0210947323179,48.3006337888083,2.70945552865457,3.87744468249393,3.13384076842019,3.08677170895303,3.18090982788735,3.05049264012822,2.99254991437659,3.10843536587985
"043_2",17.7024704046408,47.3898069969916,2.87370420072434,3.85840716331857,3.12872075376167,3.08588119253286,3.17156031499047,3.0945262231525,3.04823318548969,3.14081926081531
"043_3",17.4021442026693,49.0790412156806,2.85659342866675,3.89343208451907,3.13791835322848,3.08657045568966,3.18926625076731,3.09607229607748,3.04286809982442,3.14927649233055
"043_4",15.5586694275303,48.1986163541667,2.74461800272434,3.87533031429943,3.13328581921948,3.08674082462188,3.17983081381708,3.06027437394256,3.00765947081036,3.11288927707477
"043_5",16.9089607283298,48.4623371495895,2.82784370202298,3.88078694265278,3.1347106851925,3.08679079262789,3.18263057775711,3.08544072966636,3.03612803077712,3.13475342855561
"043_6",74.1346274599975,49.6175670822384,4.30588273030052,3.90434494607084,3.14057583790422,3.08606863434018,3.19508304146826,3.40862918601972,3.30742402116155,3.50983435087789
"044_1",16.285851983514,48.0071138476488,2.79029675443149,3.87134920508594,3.13223135794695,3.08664050907791,3.17782220681598,3.07276264091808,3.02488699685291,3.12063828498325
"044_2",17.5787180307742,49.2263251317547,2.86668896757159,3.8964285440563,3.1386584913568,3.08645850446889,3.1908584782447,3.09953458584027,3.04511137598171,3.15395779569883
"044_3",15.190756840477,49.2171720349028,2.72068714028266,3.89624258770282,3.13861278716484,3.0864660517747,3.19075952255499,3.05709083697027,2.99647689718962,3.11770477675092
"044_4",16.5155140995065,49.8716117279883,2.80430018760478,3.90945193762389,3.14178293554799,3.0857517886207,3.19781408247529,3.08350055536723,3.02618306699933,3.14081804373513
"044_5",18.2399761278526,50.4582213525661,2.90361567586532,3.92114569393067,3.14445681866366,3.0848610341218,3.20405260320553,3.11428633421468,3.05102413528437,3.177548533145
"044_6",75.6291599439739,48.0352242838008,4.32584192236177,3.87193458102538,3.13238717829449,3.08665884294695,3.17811551364204,3.40382984644411,3.30531391070953,3.5023457821787
"046_1",16.5847471751929,121.601316071638,2.80848342809789,4.80074779243105,2.98792874296931,2.84870834608935,3.12714913984927,2.92233621985717,2.78469602463585,3.05997641507849
"046_2",449.470374868352,120.692300809123,6.108069944884,4.79324433824064,2.99239851454268,2.85448163480781,3.13031539427755,3.08801803469894,2.73293987155429,3.44309619784359
"046_3",16.9111498617226,46.030178745611,2.8279731595178,3.82929724106321,3.12041986181274,3.08091580142746,3.15992392219802,3.07506266653914,3.03385683049833,3.11626850257994
"046_4",457.969685058224,45.2459950864077,6.12680299209434,3.81211415985128,3.11531209217201,3.07516584323307,3.15545834111095,3.22391252503821,2.8737967285286,3.57402832154782
"046_5",15.4427830039202,45.1716564413784,2.7371417747221,3.81046982026663,3.11481700493112,3.07449023973823,3.15514377012401,3.04448644003552,2.99699455499394,3.0919783250771
"046_6",472.182839010014,45.9686213233626,6.15736628136079,3.82795901857794,3.12002682162941,3.08055139237803,3.15950225088078,3.22281683281236,2.86325771817384,3.58237594745089
"047_1",16.4427501488319,120.506379767927,2.79988465962984,4.79170269566139,2.99330745444081,2.85565342598772,3.1309614828939,2.92521731061381,2.78908313940995,3.06135148181767
"047_2",17.4630775080223,122.145205492436,2.86008879536178,4.80521054595049,2.98523423738019,2.84522000161119,3.12524847314919,2.93466843260719,2.79579059004566,3.07354627516872
"047_3",16.8546191364274,44.4196736662812,2.82462475195652,3.79368247189002,3.10971192336691,3.06633628591037,3.15308756082344,3.06597801385615,3.02148115543395,3.11047487227835
"047_4",17.6734238954431,44.7916771667484,2.87206203640313,3.80202234463422,3.11225889660055,3.07066990636428,3.15384788683682,3.08176184179566,3.03682071268944,3.12670297090188
"047_5",16.9706416818364,46.4679996257947,2.83148489124996,3.83876389559826,3.12317397851716,3.08312132697946,3.16322663005487,3.07813499034186,3.03630559630086,3.11996438438285
"047_6",17.4076805251947,45.937975996987,2.85691151832192,3.82729213875854,3.1198306324595,3.08036472798601,3.15929653693299,3.08305861166726,3.04088774359218,3.12522947974235
"048_1",15.8405534918906,47.1743796343991,2.76257332844566,3.85385094086394,3.1274563655651,3.08543232607823,3.16948040505197,3.06127077303251,3.01473045972722,3.1078110863378
"048_2",17.496823485971,46.2116427007029,2.86201934936624,3.83323177284811,3.12157026019083,3.08191012131331,3.16123039906834,3.08584917289607,3.04318722000377,3.12851112578837
"048_3",17.0076930105868,46.3777020920625,2.8336657717299,3.83681878536631,3.12261200884596,3.08271959608045,3.16250442161148,3.0783533959307,3.03664157729794,3.12006521456346
"048_4",16.0989141218146,46.2156517189956,2.77875182386582,3.83331852251054,3.12159553497928,3.08193077274139,3.16126029721717,3.06163824180746,3.01880362201332,3.1044728616016
"048_5",17.7547769765689,47.829472426578,2.87665460515417,3.8676420274532,3.13123845640219,3.0864941923056,3.17598272049879,3.09720827310879,3.04901630901187,3.14540023720572
"048_6",53.6109254579201,48.4842632672153,3.98175288047575,3.88123927657486,3.13482772234042,3.08679068603078,3.18286475865007,3.37413096157454,3.28053763666244,3.46772428648664
"049_1",16.4863566829348,45.964084016391,2.80253317116195,3.82786030926751,3.11999779587659,3.08052397643567,3.15947161531751,3.06734849050878,3.02597498190361,3.10872199911394
"049_2",17.0121823655589,45.928548436468,2.83392969715282,3.82708689401656,3.11977020862632,3.08030659553802,3.15923382171462,3.07631139153097,3.03505082135702,3.11757196170492
"049_3",16.2659842998165,45.4460838870845,2.78907607452934,3.81652665381078,3.11663559361163,3.07686899437527,3.156402192848,3.06091361390481,3.01883488748705,3.10299234032258
"049_4",17.0987437693164,47.6661188428236,2.83900499702735,3.86422084871786,3.13031298106868,3.08631041299742,3.17431554913994,3.08554940697821,3.03978494459692,3.13131386935951
"049_5",16.855959302669,47.6144943599226,2.82470426208684,3.86313721824536,3.13001804466001,3.08624190093314,3.17379418838689,3.08117136262683,3.0358232719842,3.12651945326946
"049_6",54.5795338705682,46.8690978017619,3.99965897494633,3.84735856280038,3.12563083819836,3.08460310007219,3.16665857632454,3.36996375269578,3.27910015486069,3.46082735053086
"050_1",16.6585300382256,49.0667868828511,2.81292239984627,3.89318236768177,3.13785632028867,3.08657883611014,3.18913380446719,3.08330628979105,3.03071947722906,3.13589310235303
"050_2",16.6184191234557,49.6878182090062,2.81051166597756,3.90575979660046,3.1409126183586,3.08598568307842,3.19583955363878,3.08471289326306,3.0285918062698,3.14083398025631
"050_3",16.4258094617158,49.4526058870825,2.79885384545259,3.90101475409346,3.13977605297928,3.08624846724975,3.19330363870881,3.0805462723648,3.0254613638898,3.1356311808398
"050_4",16.0134536884457,47.1721876742878,2.77342922444668,3.85380447473011,3.12744339825441,3.08542720500622,3.1694595915026,3.06440802837613,3.01883975988457,3.10997629686768
"050_5",16.5214753527923,46.3960409141701,2.80466107117495,3.83721413046617,3.12272639965601,3.08280333046541,3.16264946884661,3.0700001791044,3.02818534329606,3.11181501491274
"050_6",56.7890367035672,47.470681339924,4.0393432913149,3.86011228552371,3.12919024412931,3.08602309749458,3.17235739076404,3.37769772804241,3.28643605468669,3.46895940139813
"051_1",16.7423190099493,47.7040270311799,2.81793958652708,3.86501581846453,3.13052880456403,3.08635746849314,3.17470014063493,3.07957164436694,3.03383567491812,3.12530761381577
"051_2",14.9673693799926,48.0667807052762,2.7058724568705,3.87259130868914,3.13256167584744,3.08667791381132,3.17844543788356,3.04854491114964,2.99100871193639,3.10608111036289
"051_3",16.7256724235934,47.457686432391,2.81694480990526,3.85983850208218,3.1291149983237,3.08600123386183,3.17222876278557,3.07826001705562,3.03353150474136,3.12298852936988
"051_4",16.6355184462813,47.5188177764617,2.81154007497705,3.86112579630345,3.12946833113095,3.08610101929604,3.17283564296586,3.07694438896455,3.03190644827134,3.12198232965776
"051_5",17.2627111830562,48.5641046215359,2.84854875229164,3.88288466998169,3.13525204090464,3.08678508486128,3.183718996948,3.09185700524901,3.04162761746519,3.14208639303283
"051_6",56.3695782083432,48.8195907611608,4.03192961950993,3.88813168232339,3.1365901858058,3.08671520339502,3.18646516821658,3.38205086628009,3.28811552160502,3.47598621095517
"055_1",16.540564766756,49.9198811331228,2.80581583452385,3.91041934291096,3.14200892264735,3.08568649487777,3.19833135041694,3.08409436821418,3.02653589207893,3.14165284434943
"055_2",14.7940158102368,50.1309998232671,2.6942227618576,3.91463957568588,3.14298473745004,3.085383233612,3.20058624128809,3.05242342186461,2.98327534875919,3.12157149497004
"055_3",15.7393538279938,49.2160525179879,2.75616418928721,3.89621984097437,3.13860719441633,3.0864669696353,3.19074741919737,3.06735787514235,3.01086081711927,3.12385493316543
"055_4",14.8811931425765,47.857250341244,2.7000982105033,3.86822262870367,3.13139464940451,3.08652064021582,3.1762686585932,3.04603861009424,2.98835739024221,3.10371982994627
"055_5",19.9948295337409,46.7921424731901,2.99547371681812,3.8457152929555,3.1251645291715,3.08435513985304,3.16597391848997,3.12768320080214,3.07078106325309,3.1845853383512
"055_6",47.0109606442107,45.5249624089449,3.85038077971793,3.81826079988999,3.11715363570971,3.07749477068462,3.15681250073481,3.34023423680941,3.24759763176193,3.43287084185688
"056_1",15.538344774556,45.7097169249839,2.74331082540266,3.82231089947792,3.11835861794967,3.07886165118783,3.15785558471151,3.04894639979756,3.00277841314893,3.09511438644619
"056_2",15.7475651996948,46.2916054716975,2.75668576282573,3.83496063734728,3.12207322190044,3.08231156525446,3.16183487854641,3.05559762045197,3.01063428283312,3.10056095807082
"056_3",15.7117063154675,46.5468959200863,2.75440605970292,3.84046031879477,3.1236623598139,3.08345101241806,3.16387370720973,3.05611597451213,3.01044244799955,3.10178950102471
"056_4",16.4342806802667,46.8118030804668,2.79936943860537,3.84613537369996,3.12528389402343,3.08442005595921,3.16614773208764,3.07035284994404,3.0274237057644,3.11328199412368
"056_5",18.8116398774722,45.8298113119041,2.93447582066505,3.82493478138195,3.11913543063026,3.07967751422001,3.15859334704051,3.10525900245528,3.05616757705746,3.15435042785311
"056_6",49.6234555063357,45.6416588908097,3.90446361522499,3.82082087163415,3.11791612429231,3.07837407897445,3.15745816961018,3.35002682344574,3.25812453043975,3.44192911645172
"057_1",15.8694686508503,49.111883017417,2.76439705261991,3.89410102216718,3.13808426028635,3.08654727559875,3.18962124497395,3.06938054739673,3.0141689330192,3.12459216177426
"057_2",15.7436025424188,45.4469818155106,2.7564340949721,3.81654641171903,3.11664150276153,3.07687626204089,3.15640674348217,3.05145364633278,3.00671578890342,3.09619150376215
"057_3",16.4840804937492,41.7122101737023,2.80239509660886,3.73079389586522,3.09010237412567,3.02013211190198,3.16007263634936,3.044321020033,2.97474653403048,3.11389550603551
"057_4",14.7001855691241,44.2635145656937,2.68786011745495,3.79016073873859,3.10863081307019,3.06434561806918,3.15291600807121,3.02550840793049,2.96731323116296,3.08370358469801
"057_5",18.6960482362227,47.7573879839582,2.92831217726226,3.86613377713563,3.13083152596668,3.08641914075142,3.17524391118193,3.11205721186298,3.05979558354461,3.16431884018136
"057_6",51.2314312445999,46.6547183829077,3.93635323518725,3.84277406650675,3.12432578237096,3.08387047778375,3.16478108695817,3.35985486702819,3.26839815158731,3.45131158246908
"058_1",15.5532053384821,48.270798217026,2.74426674847524,3.87682678603922,3.1336789598469,3.08676423143885,3.18059368825495,3.06045236580599,3.00746405561276,3.11344067599922
"058_2",16.7063877310519,48.394395240034,2.81579114515405,3.87938400619141,3.13434663046034,3.08678709834785,3.18190616257284,3.08167589362804,3.03268068530066,3.13067110195541
"058_3",16.7581602771491,54.3465574589543,2.8188853203624,3.99538127133951,3.15837199223903,3.07587364058186,3.2408703438962,3.09816893970263,3.01555275507348,3.18078512433178
"058_4",15.1424216795861,48.9078431455464,2.7175001876348,3.88993777514395,3.13704544667645,3.0866738619202,3.18741703143271,3.05507815398617,2.99555128599981,3.11460502197252
"058_5",19.9577041955962,49.815808778393,2.99361524400727,3.90833237900475,3.14152033962322,3.08582530726148,3.19721537198496,3.13876077343161,3.07138712720136,3.20613441966186
"058_6",51.2300750683981,49.1791186544222,3.9363267632711,3.89546911581458,3.13842235952895,3.08649660408985,3.19034811496805,3.36996499626402,3.27413835191217,3.46579164061586
"064_1",15.354766007944,49.5890809665912,2.73142591495831,3.90377066769352,3.14043862690029,3.086101209207,3.19477604459358,3.0614566254792,3.00030041611065,3.12261283484775
"064_2",15.353287089856,46.0724594245801,2.73132959376957,3.83021536203736,3.12068900671795,3.08115803583884,3.16021997759707,3.04722396204399,2.99924456026991,3.09520336381807
"064_3",16.2306894074763,46.4526271359659,2.78690385797965,3.83843302202358,3.12307853353814,3.08305479557245,3.16310227150383,3.06510513986113,3.02242569763774,3.10778458208453
"064_4",17.0068300213313,47.533157648749,2.83361502933055,3.86142752327613,3.12955097742552,3.08612330940718,3.17297864544386,3.08342820374165,3.03831915056036,3.12853725692294
"064_5",17.0346299199037,46.2611942611369,2.83524832618682,3.83430347275058,3.12188222592994,3.0821614729896,3.16160297887029,3.07827202895773,3.03669796289772,3.11984609501773
"064_6",54.7457252672053,46.1420337760877,4.0026992883371,3.83172433014626,3.12113043808989,3.08154258201052,3.16071829416927,3.36704116318343,3.27650601866086,3.45757630770601
"065_1",15.6974900606686,44.8412448075339,2.75350083082667,3.80312835891439,3.1125951467022,3.0712031666326,3.1539871267718,3.04753490498792,3.00127146774169,3.09379834223415
"065_2",16.1058931133482,47.2853782736529,2.77918523690207,3.85620112030125,3.12811033205436,3.08567683654775,3.17054382756096,3.06656345368407,3.02102939739665,3.11209750997149
"065_3",16.7604574482563,46.3454319104017,2.81902238873017,3.83612273074497,3.1224104010985,3.08256955865092,3.16225124354607,3.07394093246476,3.03242170196701,3.1154601629625
"065_4",16.7727689638087,47.3945772864112,2.81975667632625,3.85850781891621,3.12874852506713,3.08588995232264,3.17160709781162,3.0788120302487,3.03434446234212,3.12327959815527
"065_5",17.1070229544955,47.7866953688596,2.83948907828813,3.86674726119016,3.13099725098336,3.08645078482032,3.17554371714639,3.08618353556707,3.03989397955123,3.1324730915829
"065_6",52.6885530898064,47.8934442208843,3.96439822303196,3.86897863118553,3.13159764713445,3.08655308067423,3.17664221359468,3.36934798944646,3.27673177408185,3.46196420481107
"066_1",14.3593357769187,48.6860604721232,2.66440030746105,3.8853927565109,3.13589454045538,3.086761289377,3.18502779153375,3.03891356502999,2.9713287956955,3.10649833436447
"066_2",15.5302437431085,49.2571315771671,2.74278933202188,3.89705416073237,3.13881203248062,3.08643254405695,3.1911915209043,3.06362611904017,3.00554591956759,3.12170631851275
"066_3",16.0388760859422,47.085225105709,2.77501553052841,3.85195925978757,3.12692729343956,3.08521461820881,3.16863996867031,3.0644908987614,3.01933779079311,3.10964400672969
"066_4",16.1710627387477,48.1309157112093,2.78322339429564,3.87392470892271,3.13291493743856,3.08671184596686,3.17911802891027,3.07119843212413,3.02235096140553,3.12004590284274
"066_5",15.8796305812611,44.9133891032481,2.76503719240363,3.80473594858654,3.11308320198554,3.07196060229232,3.15420580167876,3.05124902724002,3.0063582380417,3.09613981643835
"066_6",55.0432595987273,44.9436500707133,4.00811941423211,3.80540948443609,3.11328743761267,3.07227170063675,3.15430317458859,3.36185396906126,3.27026015475818,3.45344778336434
"067_1",15.8359080573465,46.820658443262,2.76228002330044,3.84632452525439,3.12533760543562,3.08444894131498,3.16622626955627,3.0596331665925,3.01414023373087,3.10512609945413
"067_2",19.2008198201128,48.1374806555888,2.95495297708637,3.87406109728353,3.13295099281721,3.0867149601424,3.17918702549202,3.12140574189895,3.06504369099273,3.17776779280518
"067_3",19.3670813229735,50.5828101157317,2.96357478578534,3.92361179754219,3.14500446949053,3.08464710129372,3.20536183768733,3.13226289483606,3.06379533045203,3.20073045922009
"067_4",16.0419362621813,49.4070162542455,2.77520630975278,3.90009244354682,3.13955279972087,3.08629430520096,3.19281129424079,3.07353012626003,3.01751370759733,3.12954654492272
"067_5",14.8808973248391,52.8966729477662,2.70007833167538,3.96834044364946,3.15392694968109,3.07962465073758,3.2282292486246,3.06114779112299,2.97828320212376,3.14401238012221
"067_6",54.6360231506041,53.3949788029109,4.00069342986492,3.97771671163703,3.15555017163051,3.07836869494097,3.23273164832005,3.39037564178616,3.28152772629473,3.49922355727759
"069_1",16.3242548338153,93.2882255931817,2.7926520284126,4.53569390045949,3.10577374717083,2.98094038716664,3.23060710717502,3.03016340303032,2.90662107530667,3.15370573075398
"069_2",237.572368646819,99.2149600592263,5.47047228715188,4.59728880996924,3.08473981991273,2.9614133172198,3.20806632260565,3.26969205411479,3.04376906136748,3.4956150468621
"069_3",17.1523164206479,45.9317252503134,2.84213323275041,3.82715606023432,3.1197905733359,3.08032622181488,3.15925492485692,3.07871728715044,3.03721757003986,3.12021700426101
"069_4",348.544999674401,45.017871085888,5.85376734575118,3.80705954617495,3.11378715434489,3.07301819092155,3.15455611776824,3.26399389758032,2.98927201510828,3.53871578005236
"069_6",403.697810960552,45.7246372463833,6.00066660540315,3.82263726086948,3.1184554072622,3.07896608581891,3.1579447287055,3.24542909424505,2.93237773534961,3.55848045314049
"070_1",16.2818076863399,89.1646588860254,2.79004839165468,4.49048476024837,3.11928058837568,2.99297741927355,3.24558375747782,3.04157506416316,2.91642948150516,3.16672064682115
"070_2",18.6191670211838,88.9633831221074,2.92419153514384,4.48822485947911,3.11991481138239,2.99353563238623,3.24629399037855,3.08130745383311,2.95546165651716,3.20715325114906
"070_3",17.1677447385847,45.4482460839223,2.84303231733563,3.81657422986616,3.11664982228366,3.07688648915197,3.15641315541536,3.07661793928171,3.03487424807151,3.11836163049191
"070_4",17.1538832363433,45.8972512347582,2.84222457575617,3.82640522932028,3.11956938337273,3.08011120694502,3.15902755980043,3.07857826121344,3.03708530411004,3.12007121831685
"070_5",49.5961455408389,46.444486805297,3.90391311984105,3.83825776726389,3.1230279540121,3.08301925788055,3.16303665014366,3.35375635382756,3.26197166049736,3.44554104715777
"071_1",15.672679440003,45.0065294994642,2.7519190334546,3.80680757923243,3.11371090548644,3.07290564173545,3.15451616923743,3.04792572113515,3.00193648517827,3.09391495709203
"071_2",17.0949666977703,46.6128732125291,2.83878407502094,3.84187675217772,3.12406886663912,3.08371187364552,3.16442585963273,3.08092368534697,3.0386296596377,3.12321771105624
"071_3",18.3840317488689,45.2555566837687,2.91148244808864,3.81232546224797,3.11537564028256,3.07525104707682,3.1555002334883,3.09567489608574,3.04849274448541,3.14285704768607
"071_4",16.0881610611907,44.9602079658283,2.77808366368271,3.80577783114921,3.11339906850094,3.07244027072818,3.15435786627369,3.05527175053972,3.0115670859456,3.09897641513383
"071_5",17.3756723971818,45.4111345425166,2.85507108982044,3.81575732921785,3.11640538455822,3.07658353085425,3.15622723826219,3.0799453168864,3.03760457104775,3.12228606272505
"071_6",92.0903114420852,45.7499351378197,4.5227697416592,3.82319037396795,3.11861933627723,3.07914115451741,3.15809751803706,3.39771308750089,3.28997390367432,3.50545227132745
"072_1",16.57205385714,48.3074536477094,2.80771777409764,3.8775858685808,3.13387769798825,3.0867732408115,3.18098215516499,3.07899606346563,3.03030235540577,3.12768977152549
"072_2",16.277043226541,46.855738679032,2.78975572408815,3.84707349166402,3.125550064055,3.08456123004704,3.16653889806297,3.06775729760573,3.02427322956621,3.11124136564525
"072_3",17.1032473962796,47.8575155195984,2.83926835169389,3.86822816971612,3.13139613881998,3.08652088617132,3.17627139146864,3.08640594845967,3.03981138829103,3.13300050862831
"072_4",16.1726746792734,47.6174494490035,2.78332306988391,3.86319927912459,3.13003495914378,3.08624596244228,3.17382395584527,3.069159661322,3.02260812100381,3.11571120164018
"072_5",16.4875718782539,46.5967990470888,2.80260687759444,3.8415318487957,3.12396998926719,3.08364954513561,3.16429043339878,3.07032435764558,3.02804517720817,3.112603538083
"072_6",77.6241301524787,46.0129826509698,4.35187833442569,3.82892358821209,3.12031020696429,3.08081541152325,3.15980500240533,3.3960537726923,3.29801094310216,3.49409660228244
"073_1",15.6679909756994,44.0151509969703,2.75161983983325,3.78453391548679,3.10689739593586,3.0609775433154,3.15281724855632,3.04262714456084,2.9924751924548,3.09277909666689
"073_2",17.2445974829711,45.5912695668634,2.84749890503035,3.8197162413231,3.1175874624493,3.07800114984448,3.15717377505412,3.07862749200466,3.03684748630666,3.12040749770266
"073_3",15.7704240267375,44.6863939590281,2.75813628880227,3.79966906958072,3.11154222054508,3.06950259259769,3.15358184849246,3.04807483115576,3.00178487427232,3.09436478803919
"073_4",16.4785907682391,43.4848636879977,2.80206200918902,3.77241291634664,3.10314159527395,3.05300339816666,3.15327979238123,3.0543601723729,3.0035277087245,3.1051926360213
"073_5",15.8660877769939,44.3441773104693,2.76418398726044,3.79198141063173,3.10919011302595,3.06538633228727,3.15299389376464,3.04802791425858,3.00084988569241,3.09520594282475
"073_6",69.6571750772955,43.9918140176388,4.24358571110516,3.78400357155607,3.10673365711424,3.06064862405216,3.15281869017631,3.38013544683093,3.2830047448805,3.47726614878137
"074_1",15.7753888937035,44.6450193618429,2.75845106065612,3.79874275265355,3.11125966869424,3.06903100064223,3.15348833674625,3.04795028620613,3.0015392511771,3.09436132123515
"074_2",15.6465923803861,43.6558576365062,2.75025315400507,3.77633746884934,3.10436058114163,3.05568608489667,3.15303507738659,3.04027633643427,2.98765361732475,3.09289905554379
"074_3",16.0571609183315,44.4820153862713,2.77615491321077,3.79508495885901,3.11014158324562,3.06710298227796,3.15318018421328,3.05222700477334,3.00663809192156,3.09781591762512
"074_4",16.4448537951959,45.5226436546518,2.80001258906917,3.81820986490347,3.11713843741945,3.07747673888234,3.15680013595656,3.06446836407868,3.02294048998991,3.10599623816744
"074_5",16.0433026433035,44.7849271507056,2.77529148169911,3.80187163528088,3.11221304886335,3.070596479049,3.15382961867771,3.05355891873328,3.00911057295643,3.09800726451012
"074_6",64.9099565056868,45.32384033462,4.17300102497408,3.8138331707564,3.11582858987493,3.07584834811988,3.15580883162998,3.38173581700343,3.28984144421193,3.47363018979493
"076_1",17.1383855502234,97.8982367997173,2.84132071679767,4.58392853915689,3.08957217082709,2.96600722893775,3.21313711271643,3.02960591561652,2.9079377447303,3.15127408650273
"076_2",116.413244842146,90.3373262810069,4.75714631612771,4.50355073360746,3.11553812023584,2.98967196357205,3.24140427689963,3.36697996667241,3.20035706879467,3.53360286455014
"076_3",17.5810799332048,46.2217853664788,2.86682332001791,3.83345123167439,3.12163419259035,3.08196226068207,3.16130612449862,3.08730026118871,3.04432451322154,3.13027600915588
"076_4",113.935808248008,45.6032000012159,4.73563520425851,3.81997788952342,3.11766535799613,3.07809036996932,3.15724034602294,3.39175768334142,3.2694842882072,3.51403107847565
"076_5",17.5186731937568,46.3278232533446,2.86326735169056,3.83574271480105,3.12230022049498,3.08248622924766,3.16211421174229,3.08675676949967,3.04387336405972,3.12964017493961
"076_6",111.857674749216,45.3307806163096,4.71722730202573,3.81398628554813,3.11587454077705,3.07590796212761,3.15584111942648,3.39120659864093,3.27012555198194,3.51228764529992
"077_1",17.4050193636625,119.333594020233,2.85675863379726,4.78192288225729,2.9989990903504,2.86297140343541,3.1350267772654,2.94744930676529,2.81267916682187,3.08221944670872
"077_2",16.7415518684539,107.340430938809,2.81789376497328,4.67600538144911,3.05284887850707,2.92847366728876,3.17722408972537,2.98855839739376,2.86591561171982,3.1112011830677
"077_3",16.5230920177474,46.2644598197346,2.80475891872357,3.83437405984627,3.12190275213555,3.08217774104657,3.16162776322453,3.06941658187863,3.02781283146505,3.11102033229222
"077_4",16.9698194595159,45.9058951108637,2.83143644038671,3.82659354260747,3.11962488438742,3.08016554086587,3.15908422790897,3.07547634490827,3.0342751638705,3.11667752594604
"077_5",16.5333966435152,45.0619580183464,2.80538237430031,3.80803838764072,3.11408316201349,3.07345048387029,3.1547158401567,3.06371624494895,3.02154716421598,3.10588532568192
"077_6",17.5485608127003,46.0400987024894,2.86497194157494,3.82951272769346,3.12048306876341,3.08097322033244,3.15999291719438,3.08590064384646,3.04320124329569,3.12860004439723
"078_6",46.0697761089133,45.026454387141,3.83015711913383,3.80725019230915,3.11384483242084,3.0731030034953,3.15458666134639,3.33407700776299,3.24061505081951,3.42753896470647
"079_1",17.1846888959993,50.5665985456065,2.84401880690833,3.92329125053201,3.14493360818782,3.08467538033835,3.20519183603729,3.09717779334847,3.03591494583156,3.15844064086538
"079_2",17.5075436872648,46.6495318664072,2.86263185589012,3.84266289222494,3.1242939771629,3.08385110417759,3.1647368501482,3.0880479539858,3.04461969633269,3.13147621163891
"079_3",15.6228129463869,45.6510526408792,2.74873221439431,3.821026665721,3.11797729653235,3.07844247453273,3.15751211853197,3.05022954612521,3.00473250867683,3.0957265835736
"079_4",16.2530788722401,46.9096698130072,2.78828235988968,3.848223833582,3.12587569843177,3.08472728317496,3.16702411368858,3.06756890221575,3.02384830856273,3.11128949586878
"079_5",15.7250016304379,48.2318594228898,2.75525190627094,3.87601978658031,3.13346717254219,3.08675254934656,3.18018179573783,3.06348326324562,3.0118784021274,3.11508812436383
"079_6",49.3655355341194,48.1326328329622,3.89925251946237,3.87396038435291,3.13292436993922,3.08671266688223,3.17913607299622,3.36019885837647,3.26628501904502,3.45411269770793
"080_1",15.8199178950276,46.7349200705125,2.76126977237835,3.84449163836268,3.1248162154436,3.08415996867429,3.16547246221292,3.05895653319914,3.0135858733602,3.10432719303807
"080_2",16.4475425953594,46.434074221933,2.8001760797518,3.83803354795445,3.12296321796417,3.0829734895449,3.16295294638344,3.06887289580729,3.02684966536408,3.11089612625049
"080_3",16.9385543261181,45.2451811402369,2.82959234473908,3.81209617033662,3.11530668115256,3.07515857232259,3.15545478998253,3.07168631840361,3.02998736506493,3.11338527174228
"080_4",17.1005401648481,47.6888934502579,2.83911005159731,3.86469852906878,3.13044272052638,3.08633900968798,3.17454643136479,3.08567361735905,3.03981111984193,3.13153611487617
"080_5",15.6264383055531,44.5733404048685,2.74896424294138,3.79713593153323,3.11076896410803,3.06819690684825,3.1533410213678,3.04482733478882,2.9971286450009,3.09252602457674
"080_6",49.9760762542038,46.9618609129382,3.91154441600657,3.84933580235262,3.12618967622215,3.08488053867493,3.16749881376938,3.35732383165345,3.26529944926957,3.44934821403734
"081_1",16.4055761049536,47.2062900996768,2.79762128344069,3.8545271485362,3.12764491111026,3.08550558013955,3.16978424208098,3.07157483431612,3.02733481961548,3.11581484901676
"081_2",15.7101399354554,45.953915943809,2.75430635964068,3.8276390670162,3.11993272188402,3.0804622584953,3.15940318527274,3.05331142545279,3.00843045318533,3.09819239772025
"081_3",15.4673689632014,46.1707330229691,2.73873257663677,3.83234611300038,3.1213119961409,3.08169617956953,3.16092781271227,3.04983168744864,3.00280520343913,3.09685817145815
"081_4",16.2335338731632,45.4182167366364,2.78707909492708,3.81591327427381,3.11645206784922,3.07664178616941,3.15626234952904,3.06019548071833,3.0179750304059,3.10241593103077
"081_5",19.1605329925985,47.9264665125599,2.95285259014111,3.86966788862128,3.13178234487928,3.08658071434269,3.17698397541586,3.11995234075016,3.06459605131482,3.17530863018551
"081_6",52.9489792065117,47.4536304163265,3.96932879341988,3.85975303248378,3.12909149726114,3.08599433690899,3.1721886576133,3.36825405359098,3.27640058435107,3.46010752283089
"083_1",15.8249211525313,129.129897640789,2.76158598555535,4.86081885617482,2.94942140105921,2.79839941587026,3.10044338624816,2.86974702106395,2.71974387439117,3.01975016773672
"083_2",53.3422737037395,128.43781694297,3.97672914446217,4.85544487237,2.95306083464189,2.80319551923277,3.10292615005101,3.18060005502018,3.01112690253383,3.35007320750653
"083_3",71.9220123134697,45.2451011340267,4.27558236965889,3.8120944020537,3.11530614926885,3.07515785748328,3.15545444105442,3.38865990368616,3.29345136737183,3.48386844000048
"084_1",16.0881066955341,128.229242081449,2.77808028444327,4.85381961583552,2.95415411803631,2.80463441130945,3.10367382476317,2.87935822679401,2.73117430624693,3.0275421473411
"084_2",18.6223560497178,127.992714123175,2.92436279712664,4.85197334138687,2.9553918901436,2.80626247699083,3.10452130329638,2.92330389506835,2.77324272311452,3.07336506702218
"084_3",34.4272606243626,44.8422837344565,3.53884871055925,3.8031515276487,3.11260218639587,3.07121423168627,3.15399014110547,3.26975705521585,3.17765083900603,3.36186327142567
"085_1",15.0503336451663,45.7972085687909,2.71140016006319,3.82422314098304,3.11892505449553,3.07946158480985,3.15838852418122,3.04013650567003,2.98911836514431,3.09115464619574
"085_2",15.3956619060781,46.0749951153402,2.73408577532575,3.83027039754048,3.1207051268986,3.0811723567158,3.1602378970814,3.04803377223927,3.00045308878966,3.09561445568888
"085_3",15.4086739181247,46.8594175294588,2.73493059229533,3.84715200298658,3.12557231509014,3.08457280905525,3.16657182112504,3.05188506008331,3.00299721850344,3.10077290166319
"085_4",16.1199804958376,50.3050979089221,2.78005952714212,3.9181064220481,3.14377405167802,3.08511284711439,3.20243525624164,3.07780693344731,3.01697449351703,3.1386393733776
"085_5",16.9689240810433,49.1877312447818,2.83138367600127,3.89564422745819,3.13846551750978,3.08648980638073,3.19044122863883,3.08910154073452,3.03590198184364,3.14230109962541
"085_6",50.2509204137983,46.5851530780872,3.91702886346394,3.84128188689221,3.12389828641927,3.08360389634429,3.16419267649424,3.3565144947385,3.26484033233422,3.44818865714277
"086_1",16.2631044720729,45.5468752985595,2.78889901283719,3.81874202197992,3.11729717262627,3.07766409345289,3.15693025179964,3.06136127764095,3.01936883924971,3.1033537160322
"086_2",16.8674112005878,46.4457449146202,2.82538342897841,3.83828485535055,3.12303577291357,3.08302476423559,3.16304678159156,3.07625606150527,3.03454588096103,3.11796624204951
"086_3",16.2914837679364,44.2418411497473,2.79064250305387,3.78967097365704,3.10848022312638,3.0640614900697,3.15289895618307,3.05515697512948,3.00917516929346,3.1011387809655
"086_4",17.549475195546,41.3537241244955,2.86502404607707,3.7221624808845,3.08738302923875,3.01260402882936,3.16216202964815,3.06044254203005,2.9851673124258,3.13571777163431
"086_5",14.5048311184031,42.2787962143568,2.67448177451373,3.74428568884545,3.09434570000759,3.03150569776354,3.15718570225164,3.01058344541443,2.93636564375061,3.08480124707825
"086_6",53.8392378977584,43.0483117987234,3.98600253029124,3.76232301520873,3.09999683106734,3.04571195774465,3.15428170439004,3.34862462176778,3.24974361565424,3.44750562788132
"087_1",15.9719050622504,45.7844061605464,2.77083124517194,3.82394355630077,3.11884233992736,3.07937566734216,3.15830901251255,3.05728279648705,3.01411048119893,3.10045511177518
"087_2",16.6855167496814,46.372788300507,2.81454108263663,3.83671282815704,3.12258133613362,3.08269697207147,3.16246570019577,3.07276445377679,3.03117271452195,3.11435619303163
"087_3",16.834291917499,43.8210889120124,2.82341799158587,3.78011518351655,3.1055313996398,3.05817918740688,3.15288361187272,3.06241442416374,3.01428509574232,3.11054375258516
"087_4",16.8019991359471,45.8100688049552,2.82149787551705,3.82450390986118,3.11900808352313,3.07954724983906,3.15846891720719,3.07212075500737,3.03104414078915,3.11319736922558
"087_5",17.1017814268289,47.7697865018944,2.83918263509011,3.86639335809932,3.13090168274155,3.08643271861145,3.17537064687165,3.086025448112,3.03981638732668,3.13223450889732
"087_6",52.8334421258136,49.2496995122179,3.96714436381077,3.89690326632472,3.13877503082913,3.08643888543763,3.19111117622063,3.37480910450376,3.27918491112655,3.47043329788097
"088_6",54.4861222293386,74.9092839301156,3.99794603124965,4.31627783384476,3.1569265344329,3.02680445971149,3.28704860915431,3.37838896111343,3.23115761076538,3.52562031146147
"089_1",18.1975105521549,96.182426810029,2.90128480187849,4.5662466674924,3.09573356308757,2.97176246483228,3.21970466134285,3.05275324907408,2.92978900406748,3.17571749408068
"089_2",67.1515371306553,97.2546395882517,4.20695181370733,4.57733268920892,3.09190129534847,2.9681952113349,3.21560737936205,3.34071175474439,3.1964977202618,3.48492578922699
"089_3",14.7823186101071,46.7758028472763,2.69343177805459,3.845366036038,3.12506520623004,3.08430036037831,3.16583005208178,3.03950527018552,2.98396741291506,3.09504312745599
"089_4",65.8052433001922,44.3402887315331,4.18669952056981,3.7918937159291,3.10916319239926,3.0653367698329,3.15298961496563,3.37780256603111,3.28350069127231,3.47210444078991
"090_1",16.0289780273253,98.5784271056399,2.77439821083522,4.59085244563807,3.08708718010915,2.96365455528381,3.21051980493449,3.00787833453403,2.88520187295971,3.13055479610835
"090_2",16.5683982950413,98.8185357518033,2.80749716382372,4.59328519598141,3.08620421321426,2.96281374665317,3.20959467977535,3.01667658655339,2.89494150597712,3.13841166712965
"090_3",17.3055852191961,45.4338470652753,2.85102929444072,3.81625735734995,3.116555037455,3.07676961986146,3.15634045504855,3.07887881339653,3.03677422409285,3.12098340270021
"090_4",17.9294606192762,44.6401632585561,2.88644520458096,3.79863397529209,3.1112264724244,3.06897517605282,3.15347776879597,3.0851818665802,3.03854810761407,3.13181562554632
"091_1",21.8830593627491,43.2980491218732,3.08571279240213,3.76810757907134,3.10180150264113,3.04995842267304,3.15364458260922,3.13648595354434,3.06235722283923,3.21061468424944
"091_2",15.5844505081623,42.8849528403032,2.74627365486031,3.75852101476364,3.09880838963947,3.04283163064335,3.15478514863559,3.03482490814341,2.97546856087102,3.0941812554158
"091_3",14.1478570486963,43.8354617226923,2.64956316729843,3.78044311818212,3.10563290987434,3.0583913127375,3.15287450701118,3.01212880036213,2.94454955948258,3.07970804124168
"091_4",14.2209950438259,41.9909717956719,2.65471939687956,3.73745463793084,3.09219856109656,3.02581383190901,3.15858329028412,3.00319585105761,2.92302878585852,3.08336291625669
"091_5",17.7528261189604,42.6507334181269,2.87654472121719,3.75304446999445,3.0970937330102,3.03856944283777,3.15561802318262,3.0713799409396,3.01082096537022,3.13193891650898
"091_6",56.5484362831819,42.1267572818628,4.03509755024668,3.74068310369236,3.09321370539871,3.0285221717114,3.15790523908601,3.3498324665093,3.24508468642,3.4545802465986
"092_1",17.3435040106346,45.0454937680173,2.85321802767551,3.80767295170427,3.11397269010758,3.07329001306644,3.15465536714873,3.0775616464667,3.03457629040788,3.12054700252552
"092_2",17.4777536236533,45.8622316079661,2.86092885073646,3.82564193756215,3.11934424969818,3.07988817349579,3.15880032590058,3.08386729847001,3.04148079960052,3.12625379733951
"092_3",14.2947033008419,47.0253514799867,2.65988907010885,3.85068684948105,3.12657009661228,3.08505733969635,3.16808285352822,3.03091045242168,2.96805392943406,3.0937669754093
"092_4",18.8875326961666,46.4034876549822,2.93850205869817,3.83737462138553,3.1227728121645,3.08283701747788,3.16270860685113,3.10915593025991,3.0592865594376,3.15902530108222
"092_5",16.9227492011211,46.4373285190788,2.82865882331501,3.83810362974607,3.12298345482625,3.08298783130181,3.16297907835069,3.07717080676375,3.03544158502892,3.11890002849857
"092_6",54.5562553007835,46.7545800340474,3.99923237666332,3.84491221957881,3.12493603690187,3.08422807800665,3.16564399579709,3.36939483750728,3.27861542020813,3.46017425480643
"093_1",15.7937165308556,45.6200893168645,2.75961217301358,3.82034817469879,3.11777554615331,3.07821569348435,3.15733539882227,3.05322932576289,3.00895355217919,3.0975050993466
"093_2",16.5016325145017,43.5445392893183,2.8034593162851,3.77378430598351,3.10356784881585,3.05395122225609,3.15318447537561,3.05509555477259,3.00477363535946,3.10541747418572
"093_3",18.8805604305803,42.4107507829286,2.93813284409991,3.74740188629912,3.09532411459723,3.03405113097441,3.15659709822005,3.08806216779508,3.02039224539501,3.15573209019515
"093_4",19.8106972079083,46.2529107774947,2.98622205483664,3.83412439770768,3.12183014037366,3.08212004331632,3.16154023743101,3.12249191234891,3.06733044548463,3.17765337921319
"093_5",16.8954869215477,45.5199559803428,2.82704654020361,3.81815082277769,3.1171208187312,3.07745581069272,3.15678582676969,3.0723160677488,3.03105662923805,3.11357550625954
"093_6",51.8402856870001,45.6525818245675,3.94816756296634,3.82106016238731,3.11798725167427,3.07845357506217,3.15752092828638,3.35692498315845,3.26559804614846,3.44825192016844
"095_1",18.5379146679915,48.0898462350414,2.91981807635703,3.87307105784303,3.13268893699282,3.08669085580491,3.17868701818072,3.11089526354278,3.0581514565746,3.16363907051095
"095_2",14.4494306696345,47.393820876883,2.67065501375695,3.85849185895607,3.12874412211868,3.08588856660809,3.17159967762927,3.03560910323041,2.97397889045283,3.097239316008
"095_3",15.4900167316361,47.7080039599051,2.74019573458546,3.86509918171938,3.13055140960667,3.0863622477209,3.17474057149244,3.05703462526844,3.00599019007026,3.10807906046662
"095_4",14.8423330122698,48.2505535381609,2.69748343645227,3.87640730001268,3.13356893544999,3.0867584317474,3.18037943915258,3.04683635315892,2.98713279350231,3.10653991281552
"095_5",15.9279628900664,49.6973340537762,2.76807623690398,3.90595129089478,3.1409580614978,3.0859741653109,3.1959419576847,3.07242695176613,3.01428501916019,3.13056888437208
"095_6",103.449140250158,50.6386238317967,4.63908009338039,3.92471460194922,3.14524752074225,3.08454875631525,3.20594628516925,3.41496672160584,3.29250187893371,3.53743156427797
"096_1",16.6468030821455,47.1133166755522,2.81221819091239,3.85255569302624,3.12709436178214,3.08528531682651,3.16890340673778,3.0754143360466,3.03189130956779,3.11893736252542
"096_2",16.2104997928433,47.1892805333996,2.78565916765003,3.8541667594555,3.12754446279199,3.08546683438938,3.16962209119461,3.0680291309023,3.02325650028046,3.11280176152414
"096_3",16.062656878716,48.246062018092,2.77649712937605,3.87631420824886,3.13354449999394,3.08675706477719,3.18033193521069,3.06969585478684,3.0198565745609,3.11953513501278
"096_4",15.9781633412692,46.6457552161059,2.77122299889339,3.84258193100125,3.12427081082849,3.08383694649089,3.1647046751661,3.06143902112388,3.01721616841973,3.10566187382802
"096_5",16.3694806357165,47.1094773718075,2.79541866428943,3.85247419886581,3.12707154808727,3.08527576952169,3.16886732665286,3.07051656644642,3.02651851882917,3.11451461406367
"096_6",92.767170114453,46.5977793280339,4.53009280688228,3.84155288609126,3.12397602225994,3.08365336869428,3.16429867582561,3.40168040530075,3.29350262363566,3.50985818696584
"097_1",17.1928289627144,79.4564601916947,2.84449237611136,4.37520920108927,3.14676005848655,3.01699539503075,3.27652472194235,3.08250648465832,2.9545010515708,3.21051191774585
"097_2",17.8531985565973,78.8122431311034,2.88218268301868,4.36706835447927,3.14832446696622,3.01841849898118,3.27823043495126,3.09499864674384,2.96654036048831,3.22345693299937
"097_3",16.0434489525675,78.7995652089617,2.77530060130497,4.36690747919584,3.14835487535386,3.01844637799416,3.27826337271355,3.06390200251806,2.9343800394647,3.19342396557142
"097_4",17.905935958919,80.4998139390129,2.88513227569038,4.38825487310524,3.14414881749836,3.01466061756165,3.27363701743506,3.0919283937767,2.96388359896069,3.21997318859271
"097_5",16.2693476013393,80.5523217359439,2.7892828221688,4.38890693274507,3.14401494567917,3.01454202378361,3.27348786757472,3.06387088726374,2.93533589429169,3.19240588023578
"097_6",91.6621942733777,79.10204360838,4.51811001806323,4.37073871019689,3.14762536039891,3.01777991163115,3.27747080916667,3.40252100260562,3.24414581625588,3.56089618895536
"098_1",17.4339086179777,43.7975755852646,2.85841708097749,3.77957846391583,3.10536521684378,3.05783050554725,3.15289992814031,3.07248851137107,3.02307280978601,3.12190421295613
"098_2",16.0169091117677,43.4391237571632,2.77364498368468,3.77136050408621,3.10281428082717,3.05226866173668,3.15335989991766,3.04586004128481,2.99347918452007,3.09824089804954
"098_3",19.2321020364128,43.1656766179142,2.95658086389263,3.76504565671612,3.10084679762829,3.04773189261271,3.15396170264386,3.09777533155299,3.03534189351759,3.1602087695884
"098_4",16.3638480228835,43.6925767169099,2.79507451273996,3.77717821849388,3.10462137788972,3.05624869086846,3.15299406491099,3.05347372833926,3.00408381337377,3.10286364330474
"098_5",16.6573266725329,44.4143955778391,2.81285016002944,3.79356364161481,3.10967549547392,3.06627063573835,3.15308035520949,3.06252479407415,3.01801881776007,3.10703077038824
"098_6",49.1364649210994,41.9858129134066,3.89460142557774,3.73733177344419,3.09215991599898,3.02571014622376,3.1586096857742,3.32858642163938,3.22154985758609,3.43562298569266
"099_1",15.7520105960107,44.8110018839947,2.75696801401376,3.8024536870394,3.11239007810576,3.0708790504036,3.15390110580793,3.04838304416244,3.00239562877102,3.09437045955385
"099_2",16.5635778459482,46.6944734319982,2.8072061791202,3.84362581574466,3.12456921053541,3.08401633102631,3.16512209004452,3.07210321564966,3.02971578191273,3.11449064938659
"099_3",16.2390187568034,46.9062992865709,2.78741691152898,3.84815197957953,3.12585538263243,3.08471713606667,3.16699362919818,3.06730282568666,3.02354332089426,3.11106233047905
"099_4",15.5914910152358,46.8379470416449,2.74672531770346,3.8466937085983,3.12544237485936,3.0845047060855,3.16638004363322,3.05520438496481,3.00792815668245,3.10248061324718
"099_5",18.0533778339229,45.2136195214209,2.89333280488429,3.81139835829698,3.11509669592574,3.0748744793336,3.15531891251788,3.09014339796108,3.04463551896207,3.13565127696009
"099_6",51.4537890506734,46.5216219950952,3.94068410486815,3.83991719366119,3.12350617887173,3.08334752743067,3.16366483031278,3.35991206561189,3.26858247759519,3.45124165362859
"100_1",15.9354154991218,46.7889172629451,2.76854402215263,3.84564636425871,3.12514493290154,3.08434438693419,3.16594547886888,3.06130683851899,3.01649099111387,3.10612268592412
"100_2",16.2387225960486,45.0080883775025,2.78739867376106,3.80684221534099,3.11372138814097,3.07292114390233,3.1545216323796,3.05821919047148,3.01522181060804,3.10121657033491
"100_3",16.4258544496108,44.7805182138991,2.7988565843029,3.80177318354445,3.11218309483094,3.07054841357877,3.15381777608311,3.06037462499925,3.01716068688132,3.10358856311718
"100_4",17.8967757044235,44.9999612721928,2.88462056837717,3.80666162915201,3.11366672912475,3.07284021059589,3.15449324765361,3.08650719986325,3.04124832418386,3.13176607554264
"100_5",17.4706778621043,45.2759276168297,2.86052392488744,3.81277549205942,3.11551092898831,3.07543128944578,3.15559056853084,3.08086097909138,3.03799139933279,3.12373055884997
"100_6",51.1250657876407,45.1151094938303,3.93427490116196,3.80921721243743,3.1144392085127,3.07396065610297,3.15491776092243,3.35212768267682,3.26001587770255,3.44423948765109
"101_1",14.4811493827332,50.3435772409251,2.67284776106794,3.91887104878204,3.14394663526381,3.08505076171314,3.20284250881448,3.04688775237643,2.97319187799307,3.12058362675978
"101_2",16.3757700806667,45.6867612711438,2.79580280824251,3.82180856821142,3.11820954912317,3.07869925387525,3.15771984437109,3.06405230512219,3.02246637537847,3.10563823486592
"101_3",17.167285084361,46.4406454194997,2.84300554268443,3.83817505465516,3.12300407670364,3.08300241380494,3.16300573960235,3.08136611928231,3.03928459693078,3.12344764163383
"101_4",16.1611148822117,46.3659835968884,2.78260804094911,3.83656607823807,3.12253884449328,3.08266551042413,3.16241217856243,3.06345831509554,3.02066731965688,3.1062493105342
"101_5",17.3970488542118,47.1862001425964,2.85630058575596,3.85410147998286,3.12752625864129,3.08545974411286,3.16959277316972,3.08857187615563,3.04398747359521,3.13315627871604
"101_6",54.1782807874251,47.0014094195504,3.99228010465525,3.85017758891045,3.12642683985718,3.0849918947126,3.16786178500176,3.3695420399097,3.27848606919644,3.46059801062295
"103_1",16.5749153779904,42.9151687401145,2.80789043065862,3.75922534712364,3.09902867840622,3.04337027573596,3.15468708107648,3.05286746219097,2.99696229874496,3.10877262563697
"103_2",16.3024742056298,42.0303401534508,2.79131688804994,3.73839174209517,3.09249328397973,3.02660319629246,3.158383371667,3.04296881988366,2.97707595478794,3.10886168497939
"103_3",16.9892314430648,42.6693132343039,2.83257969881987,3.75348000225679,3.09723020467995,3.0389130215013,3.15554738785861,3.05865374939964,3.00009931200647,3.11720818679282
"103_4",17.072916534345,42.9608371772362,2.83749337952561,3.76028893737657,3.09936122276278,3.04417936553677,3.1545430799888,3.06174038013235,3.00603603802719,3.11744472223752
"103_5",17.6211399941447,43.1850735857061,2.86909931728829,3.76549491669528,3.10098695693415,3.04806162655978,3.15391228730851,3.07222486708231,3.0172728259534,3.12717690821122
"103_6",48.4391189430995,43.2195401050352,3.88030772989643,3.76629271023164,3.10123578405963,3.04864461168665,3.15382695643261,3.33324586356678,3.2341506126535,3.43234111448006
"104_1",16.1291922717681,42.1354757445207,2.78063081473746,3.7408900401187,3.09327875174148,3.02869467956947,3.1578628239135,3.04048020698546,2.97547269021171,3.1054877237592
"104_2",16.0390418690864,42.9935625620149,2.77502586680675,3.7610503966261,3.09959922140557,3.04475538951802,3.15444305329312,3.04376997626315,2.98756129126134,3.09997866126496
"104_3",16.7659170715566,41.9005432020806,2.81934807997634,3.73529879109419,3.09152035142103,3.02398820190026,3.15905250094181,3.05035572281022,2.98317623924619,3.11753520637425
"104_4",17.2660660581292,41.4977399524605,2.84874307571411,3.72563896677685,3.08847865619622,3.01565672239677,3.16130058999567,3.05654512515874,2.98373809705957,3.1293521532579
"104_5",16.784817005345,42.8771747968601,2.82047472809941,3.7583396283247,3.09875164979565,3.04269255059561,3.1548107489957,3.05631184736466,3.00005301722536,3.11257067750397
"104_6",49.9285012961481,43.3889136557108,3.91059200796245,3.7702039627536,3.10245438142589,3.05145398914532,3.15345477370646,3.33919887983032,3.24130560904889,3.43709215061175
"105_1",15.5810039360207,102.728084731688,2.74605247585188,4.63208554334453,3.0713970459128,2.9482458835699,3.19454820825569,2.98516671186465,2.86153556443913,3.10879785929018
"105_2",16.5888810115929,99.9196832418004,2.80873265235507,4.60436669569421,3.08211618787161,2.95888453702703,3.20534783871619,3.01327753805268,2.89172116114082,3.13483391496454
"105_3",16.6890717038102,99.6452173545886,2.81475411622338,4.6016160510724,3.08314111559008,2.95987553837021,3.20640669280996,3.01597187256614,2.89446468118745,3.13747906394482
"105_4",17.0510327896432,96.780245975887,2.8362107760676,4.57244290296028,3.09360427042399,2.96978524978374,3.21742329106423,3.03179679818765,2.90988798709968,3.15370560927561
"105_5",16.5909201796076,90.3605387754035,2.80885556858386,4.50380765412523,3.11546323307564,2.98960561159848,3.24132085455281,3.0436020023159,2.91937564154334,3.16782836308846
"105_6",49.7347146197135,87.5228548646282,3.90670317257069,4.47189995771009,3.12438236226253,2.99745282955593,3.25131189496914,3.33440033949101,3.18864069716767,3.48015998181435
"106_1",16.1313222034769,41.6206432110619,2.78076286047489,3.72859627522046,3.08941029673409,3.01823200546604,3.16058858800214,3.03750132609887,2.96626342479012,3.10873922740763
"106_2",17.1084633593727,41.7723888888952,2.83957327436618,3.73223556837228,3.09055626835725,3.02137199498474,3.15974054172977,3.05549298892991,2.98642490656662,3.1245610712932
"106_3",15.8859949711797,41.5735536336279,2.76543790165415,3.72746423514437,3.08905371226762,3.01724862878324,3.16085879575201,3.03277957959378,2.96028479449296,3.1052743646946
"106_4",16.8555695709798,44.3479923345189,2.82468114051969,3.79206743906168,3.10921652027605,3.06543489713071,3.15299814342139,3.06561485156715,3.02074904119088,3.11048066194343
"106_5",16.5382584802684,43.917644223472,2.80567639265349,3.78231615786362,3.10621229543823,3.05958936617387,3.15283522470258,3.05777965416785,3.01025543769768,3.10530387063803
"106_6",45.5846653138427,43.2068713721111,3.81957137298606,3.76599954214105,3.10114435670518,3.04843076206651,3.15385795134384,3.32236584425815,3.22265153175663,3.42208015675968
"107_1",18.4137073938151,41.1734914100229,2.91309535431989,3.71779463689882,3.08600590241386,3.00873275217161,3.1632790526561,3.07344166022854,2.99319000603996,3.15369331441712
"107_2",13.9068934514544,41.2650915900933,2.63238464896245,3.72001690260097,3.08670663142366,3.01070716922144,3.16270609362589,2.9924514944323,2.9011229562814,3.08378003258319
"107_3",15.6942029385369,42.082628470403,2.75329140458491,3.73963503012894,3.09288422297605,3.02764642122867,3.15812202472343,3.03224834045033,2.96511321871742,3.09938346218324
"107_4",15.764284309554,41.6463244429053,2.75774689453894,3.72921311604897,3.089604574378,3.01876654125255,3.16044260750346,3.03098096436651,2.95895901823097,3.10300291050206
"107_5",16.0355044233061,42.0228680140336,2.77480529029337,3.73821394663442,3.09243737053565,3.02645363103176,3.15842111003953,3.03813490098761,2.97156410287524,3.10470569909999
"107_6",47.9066743420452,43.0839252394316,3.86925483379244,3.7631499632589,3.10025509131919,3.04632934798187,3.15418083465651,3.33059346939809,3.23065200454405,3.43053493425214
"108_1",15.1618429236868,46.4620796845757,2.71878193771281,3.83863648924564,3.12313723371502,3.08309579524291,3.16317867218714,3.04541424309608,2.99496273189513,3.09586575429704
"108_2",17.7861589808707,46.0695546166056,2.8784205694774,3.83015231136486,3.12067053699058,3.08114160166467,3.16019947231649,3.08997236973823,3.04629540219997,3.13364933727649
"108_3",16.7339998405192,44.0525492184766,2.81744256834306,3.78538322172876,3.10715948705295,3.06150024652479,3.15281872758111,3.0619293247294,3.01538846269246,3.10847018676634
"108_4",15.3982599940049,43.6943175735259,2.73425451563375,3.77721806100414,3.10463373372787,3.05627524375848,3.15299222369726,3.03585492568507,2.9817300343812,3.08997981698893
"108_5",16.5312632678297,44.4574755392764,2.80525333164908,3.79453312643087,3.10997258782704,3.06680310746856,3.15314206818552,3.06054411678172,3.01614304557865,3.10494518798478
"108_6",48.0846303386805,45.0110762160138,3.87296259047098,3.80690859761694,3.1137414776807,3.07295082731787,3.15453212804353,3.3415986796688,3.24855042111173,3.43464693822588
"109_1",19.4254116570375,43.960015810727,2.96658208815465,3.78328048919703,3.10651031737724,3.06019707399608,3.15282356075841,3.10509225006364,3.04707832539237,3.16310617473491
"109_2",15.8324712706624,43.8711327702755,2.76206297482682,3.78125653591327,3.1058846085297,3.05891444254686,3.15285477451254,3.04487288583474,2.99480418720672,3.09494158446275
"109_3",17.0358663088429,47.415926859865,2.83532090446284,3.85895818196421,3.12887269534609,3.0859285534494,3.17181683724278,3.08343348438416,3.03875215432123,3.1281148144471
"109_4",14.700995272976,46.5130860835008,2.68791519713739,3.83973369415236,3.12345337359323,3.08331212623964,3.16359462094682,3.03671968693029,2.98065740743978,3.09278196642079
"109_5",16.4644547710168,46.4068723812864,2.80120380085651,3.83744755993041,3.12279390061593,3.08285226919988,3.16273553203198,3.06904583520288,3.02710740276492,3.11098426764085
"109_6",52.6005618735022,45.4978456805768,3.96272680169236,3.81766497715634,3.11697578366546,3.07728252255758,3.15666904477335,3.35832037666317,3.26704479588641,3.44959595743992
"110_1",18.260162731992,44.7400151359173,2.90472178706534,3.80086829437032,3.11190764410629,3.07010298987055,3.15371229834203,3.09105624415749,3.04315288426381,3.13895960405117
"110_2",15.4992317026776,43.3699759108484,2.7407904551275,3.7697674024136,3.10231847687464,3.05114453224979,3.15349242149949,3.03595794929189,2.98022407367427,3.09169182490952
"110_3",16.6093718176475,44.9201480821378,2.80996710338248,3.80488642643956,3.11312884399117,3.07203042691054,3.15422726107179,3.06432327588958,3.02183658282755,3.10680996895161
"110_4",16.7473376340928,42.4152065386032,2.81823929841929,3.74750694271862,3.09535708686724,3.03413634721711,3.15657782651737,3.05302258483949,2.99187746685565,3.11416770282332
"110_5",17.5119999577533,41.7499969161845,2.86288635780812,3.73169937743302,3.09038746612996,3.02091148006494,3.15986345219498,3.06216362221002,2.99202355250247,3.13230369191757
"110_6",43.3491216515037,42.9877710853832,3.76928644123359,3.76091568188292,3.09955712049292,3.04465367967227,3.15446056131358,3.31145330884789,3.2102922058519,3.41261441184388
"111_1",18.7413530621244,42.0216549202035,2.93073247602479,3.73818507874897,3.09242829193542,3.02642933789015,3.15842724598069,3.08363225408267,3.01239437230382,3.15487013586153
"111_2",18.2064670540062,42.1675161047606,2.90177686360476,3.74165016407349,3.09351765789132,3.02932717874476,3.15770813703789,3.07598473283111,3.00855877912973,3.14341068653249
"111_3",15.5999157787065,41.5860152154302,2.74726551544005,3.7277639380425,3.08914812170397,3.01750927103082,3.16078697237712,3.02758872367608,2.95412963203169,3.10104781532046
"111_4",17.0071692928695,42.6576979818824,2.83363497826599,3.75320774960601,3.09714489791216,3.03869833965968,3.15559145616463,3.05889482157856,3.00019627564037,3.11759336751675
"111_5",17.6126428939535,41.2224683368955,2.86861699040429,3.71898345569021,3.08638078194542,3.00979018964776,3.16297137424309,3.06070949255603,2.98355415322146,3.1378648318906
"111_6",46.9238750231368,40.5582209937083,3.84852660825097,3.70273849721914,3.08125495862892,2.99512697899537,3.16738293826246,3.31213963631819,3.19159593554386,3.43268333709251
"112_1",14.4296895457918,44.9035420325818,2.66928785805619,3.80451667877669,3.11301668137273,3.07185852691868,3.15417483582678,3.02348976467669,2.96361889619673,3.08336063315665
"112_2",18.6565078202684,44.0523922610362,2.92619503000926,3.7853796587631,3.10715838786506,3.06149806414755,3.15281871158257,3.09371880357609,3.04048018624967,3.14695742090251
"112_3",17.2746873186559,42.3447243727434,2.8492422692674,3.74584384126614,3.09483501599555,3.03278269861398,3.15688733337712,3.06164745676283,2.99908739079898,3.12420752272668
"112_4",15.9995700346903,41.6255375587893,2.77256184904685,3.72871386254249,3.08944733280848,3.01833397446172,3.16056069115524,3.03515191752153,2.96365006515238,3.10665376989067
"112_5",15.1633253898753,43.5548904164011,2.71887970905405,3.77402199128562,3.10364169444019,3.05411437533955,3.15316901354084,3.03063945673517,2.97356963102438,3.08770928244597
"112_6",48.7733504303535,44.7332572965301,3.88718406595477,3.80071723608852,3.11186163760506,3.07002799374021,3.15369528146991,3.34258120911399,3.24915541462053,3.43600700360745
"113_5",14.7970039827608,80.0344762539287,2.69442472668038,4.38245749501434,3.14532502980749,3.01570687910876,3.27494318050622,3.03762592783689,2.9031608995797,3.17209095609407
"113_6",49.222408696146,68.0573887052719,3.89634898111103,4.22035130079736,3.16738260621678,3.04118493497262,3.29358027746095,3.37474291785563,3.22974044238844,3.51974539332281
"114_1",16.2915738217337,68.0751771340922,2.79064803069946,4.22061264059966,3.16736499773111,3.04114663400957,3.29358336145266,3.08835848174735,2.96263257122585,3.21408439226886
"114_2",15.8288008940517,57.6677244510582,2.76183112206941,4.05469764874337,3.16557754092902,3.06671850503281,3.26443657682524,3.08508537517521,2.98466921108303,3.18550153926739
"114_3",16.9829605045058,50.0096666596942,2.83221051812998,3.91221631993558,3.14242642580232,3.08556096763056,3.19929188397407,3.09205584991681,3.03418633549547,3.14992536433815
"114_4",15.2402948534605,46.9359229025657,2.72394289741127,3.84878332901452,3.126033776888,3.08480527806667,3.16726227570932,3.04904386870707,2.99833615147498,3.09975158593915
"115_4",16.9209235880962,42.0831165345976,2.82855093827322,3.73964662782096,3.09288786931011,3.02765613058984,3.15811960803038,3.0541003266478,2.98903155299978,3.11916910029582
"115_5",20.0938060797258,42.7847200089743,3.00041161233792,3.7561810297087,3.09807614038069,3.04102622827688,3.1551260524845,3.10852373799962,3.0386168932804,3.17843058271883
"115_6",134.771563646414,42.8003498409449,4.90358122404673,3.7565462764082,3.09819047515052,3.04130961231757,3.15507133798348,3.36685477384511,3.22404196987266,3.50966757781755
"116_1",15.3749514912937,116.895071873892,2.7327396586498,4.76127671082201,3.01059702054318,2.87774861384212,3.14344542724424,2.92291433588457,2.78943431938951,3.05639435237963
"116_2",17.497493651283,117.34339634849,2.86205765074583,4.76510464758616,3.00848902599973,2.87507907679741,3.14189897520206,2.95840442592017,2.82620074839294,3.09060810344741
"116_3",15.7217763714061,120.00453353523,2.75504678134254,4.78752952152867,2.99575186091234,2.85880062792893,3.13270309389575,2.91465141175859,2.77819794952681,3.05110487399038
"116_4",14.202205669916,124.490915700873,2.65339728141226,4.82423274698455,2.97344785018231,2.82990041601554,3.11699528434908,2.86285547183147,2.71372524444263,3.01198569922031
"116_5",15.1603624618845,130.069766171764,2.71868428902369,4.86807096936329,2.9444511113478,2.79183291711432,3.09706930558128,2.85224362819256,2.699132000356,3.00535525602912
"116_6",140.991387599332,164.378166057862,4.94869880765685,5.10216966393505,2.75595759405507,2.51158375164521,3.00033143646493,2.99240401548539,2.73158185079446,3.25322618017632
"117_1",18.2553986832502,43.9282222916343,2.90446085454319,3.78255699032696,3.10628674125719,3.05974172085426,3.15283176166012,3.08667091641536,3.0347665939946,3.13857523883613
"117_2",15.1919070820306,44.2581935283167,2.7207628572479,3.79004051879485,3.10859385388518,3.06427603749026,3.1529116702801,3.03499789601583,2.98224495125799,3.08775084077368
"117_3",17.386623215592,44.6048798657394,2.85570112984395,3.79784326707077,3.11098506583375,3.06856658087797,3.15340355078952,3.07601005004115,3.03136098201397,3.12065911806833
"117_4",17.0214135616154,44.9567702862664,2.8344721726704,3.80570136773528,3.11337589921317,3.0724053691319,3.15434642929443,3.07164217408639,3.02912386265257,3.1141604855202
"117_5",16.5012438280812,45.560114211114,2.80343576158541,3.81903264540451,3.11738381188172,3.07776544439928,3.15700217936417,3.06564775386147,3.02425614072873,3.10703936699421
"117_6",98.5192661869529,49.3648752353233,4.59025212485831,3.89923914366881,3.13934557899484,3.0863351295125,3.19235602847718,3.41204839329697,3.29593381300919,3.52816297358474
"118_1",17.5393752128372,47.1429675420577,2.86444836560477,3.85318484720369,3.1272703409467,3.08535783274552,3.16918284914788,3.09076449043434,3.04588535293681,3.13564362793186
"118_2",15.3540422623094,46.9192433576776,2.73137877892956,3.84842789743354,3.12593337708931,3.08475593844774,3.16711081573088,3.05112218835283,3.00156828472449,3.10067609198116
"118_3",15.9995598900868,47.6753304850059,2.77256121499188,3.86441408350243,3.13036548441052,3.08632209839668,3.17440887042437,3.06627706456844,3.01872307945139,3.1138310496855
"118_4",15.7344625988324,47.7641812698837,2.75585337669719,3.86627601277916,3.13086997411262,3.08642661499139,3.17531333323386,3.06179856613033,3.01233654604353,3.11126058621714
"118_5",15.5364645274686,47.6347737133394,2.74318981117075,3.86356303471898,3.13013404315738,3.08626943008605,3.17399865622872,3.05760037581335,3.00722128119372,3.10797947043298
"118_6",56.2477128742201,44.5588458304015,4.02976538024402,3.79681069381144,3.11066955235298,3.06802561497045,3.1533134897355,3.36266210409786,3.27034607650314,3.45497813169259
"119_1",17.208276461571,43.980496954924,2.84539045771102,3.78374628462903,3.10665420088926,3.06048836145295,3.15282004032556,3.06968017920337,3.02211276936307,3.11724758904368
"119_2",15.382468585656,44.1967379197607,2.73322845741726,3.78865098363975,3.10816642094305,3.06346414810364,3.15286869378247,3.03827740740736,2.98696669363854,3.08958812117618
"119_3",15.3716599150853,43.1496570147739,2.73252554879701,3.76467446882517,3.10073097488043,3.0474586851193,3.15400326464155,3.03233604018852,2.97390298642697,3.09076909395007
"119_4",14.3666244376757,42.5007190872183,2.66490776906435,3.74952099548649,3.0959890292938,3.03576222171201,3.15621583687559,3.0090941451304,2.93534261251463,3.08284567774618
"119_5",14.9013040861647,42.286179289987,2.70144873168292,3.74446030193095,3.09440054365165,3.03164921720568,3.15715187009761,3.01842524426931,2.9481714933548,3.08867899518382
"119_6",60.5133831028253,42.0775666034156,4.10286454888501,3.73951473889176,3.09284640272164,3.02754569147815,3.15814711396512,3.35734094172444,3.25210331635954,3.46257856708935
"122_1",14.9202462884043,182.791332074496,2.70271910190507,5.20834524036022,2.66045926059345,2.34497519421738,2.97594332696952,2.54969003785143,2.23677898029239,2.86260109541048
"122_2",15.896115409076,182.660879290878,2.76607476548209,5.20763131506383,2.66110619134449,2.3461414239254,2.97607095876359,2.5687158505139,2.25681540203718,2.88061629899063
"122_3",14.5757711521661,182.155665748759,2.67936064007644,5.20486162782265,2.66361594924481,2.35066196301837,2.97656993547126,2.54627647334938,2.23539639576138,2.85715655093737
"122_4",14.9403126136717,182.032255950079,2.70406310409564,5.20418390186827,2.66423006340518,2.3517671592913,2.97669296751905,2.55407111856608,2.24416263628194,2.86397960085021
"122_5",15.652771077322,182.200574356826,2.75064796695547,5.20510813716351,2.66339257637827,2.35025987600854,2.976525276748,2.5666669947917,2.25655872547697,2.87677526410643
"122_6",203.705945259326,183.487534235478,5.31667750915602,5.21214673186541,2.65701448433173,2.3387585567875,2.97527041187596,2.85028476957487,2.51002983120223,3.19053970794751
"123_1",17.7690248959315,47.2510744666062,2.87745676704989,3.85547539371519,3.12790878911629,3.08560433745798,3.1702132407746,3.09503298558577,3.04896030813403,3.14110566303752
"123_2",16.7531411721502,46.8681157525246,2.8185857733547,3.84733760955887,3.12562490288209,3.08460003877729,3.16664976698688,3.07618921084435,3.03349064435924,3.11888777732945
"123_3",16.6087172543002,44.3408489603608,2.80992769332816,3.79190635060751,3.10916707112627,3.06534391412402,3.15299022812852,3.06128557924586,3.01637271375746,3.10619844473427
"123_4",16.0624588748468,43.9816156284223,2.77648480233134,3.78377171997763,3.10666205653497,3.06050422509956,3.15281988797039,3.04965214766458,3.00136790638604,3.09793638894312
"123_5",15.3553570671215,44.3216490018385,2.73146440774951,3.79147324846706,3.10903409027394,3.06509833664609,3.1529698439018,3.03843256131487,2.98748498482756,3.08938013780219
"123_6",153.847937550343,45.8002347840132,5.03596469609056,3.8242892173955,3.11894459786659,3.07948180082618,3.15840739490699,3.37189077005537,3.22206693946399,3.52171460064675
"124_1",14.6110159135616,40.1548669037894,2.68177575883873,3.69274365107359,3.07809866747155,2.98591257996219,3.1702847549809,3.0000017146015,2.9018680131338,3.0981354160692
"124_2",16.0045517838705,41.1212875327616,2.77287316827308,3.71652593225111,3.08560578554607,3.00760126842694,3.16361030266519,3.03224175554068,2.95422109780398,3.11026241327738
"124_3",16.669638709513,42.8139974719162,2.81358902343324,3.75686509285696,3.09829026420384,3.0415564998564,3.15502402855128,3.05395075750752,2.99706620810339,3.11083530691165
"124_4",17.7167406731562,42.9644884524007,2.87450999333537,3.76037392454746,3.0993877893895,3.04424379069555,3.15453178808345,3.07256668467335,3.01525048274355,3.12988288660314
"124_5",20.3995711411002,42.2741565856164,3.01551387813411,3.74417594392014,3.0943112294671,3.03141544252316,3.15720701641104,3.11004021645792,3.0340509454225,3.18602948749335
"124_6",150.566164326517,42.9449719985741,5.01440261765647,3.75991957518803,3.09924575196156,3.04389897768187,3.15459252624125,3.35874223822241,3.20605646121545,3.51142801522938
"125_1",17.6886734339867,52.5868653326801,2.87292451576044,3.96246638005712,3.15286593913815,3.0803828055403,3.225349072736,3.11069892602065,3.03703151808769,3.18436633395361
"125_2",19.0876586315626,50.9493788416822,2.94904198126661,3.93083256806708,3.14657500804565,3.08397476981389,3.20917524627742,3.12902475984543,3.05984101609875,3.19820850359211
"125_3",15.9010822656873,50.8267655832096,2.76638717393409,3.92842309739033,3.14605642945513,3.08420641217308,3.20790644673718,3.07535864098668,3.01063515295304,3.14008212902031
"125_4",17.0567894079862,51.4775675111546,2.83654833021365,3.94114613046848,3.14873214316826,3.0829084238517,3.21455586248482,3.09748349370678,3.03100011999628,3.16396686741728
"125_5",17.8703116048232,50.842945355043,2.88314076633454,3.92874137845596,3.14612524744152,3.08417621966293,3.2080742752201,3.10939393003468,3.04516071544877,3.1736271446206
"125_6",139.249020174541,49.7695099825583,4.9362638423341,3.90740254718322,3.14130137789503,3.08588466766664,3.19671808812343,3.39640036702549,3.25207360798453,3.54072712606646
"130_1",15.9147890090634,40.5348354638058,2.7672488032829,3.70216173931723,3.08107286624114,2.99459878542353,3.16754694705876,3.02706711423662,2.94074994236274,3.1133842861105
"130_2",16.877840343589,40.319998834,2.82600153925206,3.69684759484446,3.07939483901928,2.9897111991731,3.16907847886546,3.04281713263689,2.95420906479357,3.13142520048021
"130_3",16.3003426349564,40.3019044518617,2.79118612814126,3.69639872470608,3.07925308110464,2.98929670633066,3.16920945587861,3.03258652589275,2.94360996322222,3.12156308856329
"130_4",17.8565128896846,41.1297697292005,2.88236830944703,3.71673218361738,3.08567083510913,3.00778541875606,3.16355625146219,3.06417633279406,2.98514027874111,3.14321238684702
"130_5",15.9631284447226,42.3499041476926,2.77028159065244,3.74596615775884,3.09487342012776,3.03288258899286,3.15686425126267,3.03872120485294,2.97565496115781,3.10178744854806
"130_6",68.7885455413979,43.7163113060716,4.23103724185456,3.77772128889054,3.10478976860098,3.05660976633769,3.15296977086427,3.37778741589037,3.27997676460258,3.47559806717816
"131_1",18.0751599078745,44.9967197514714,2.89453861491438,3.80658959270165,3.11364492241014,3.07280785152869,3.15448199329159,3.08939481868664,3.0432599168663,3.13552972050699
"131_2",17.3625560817704,45.4815522300558,2.85431593812682,3.81730679824838,3.11686879789799,3.07715354146077,3.15658405433521,3.08007475846787,3.03786305623087,3.12228646070488
"131_3",15.3304063026465,47.3500231462467,2.72983819629287,3.85756730846505,3.12848875913279,3.0858061986374,3.17117131962819,3.05254316892372,3.00143208594143,3.10365425190602
"131_4",20.0753291047833,46.19620608483,2.999491653461,3.83289767533974,3.12147288311765,3.08183008121201,3.16111568502329,3.12613171909965,3.06948215521439,3.1827812829849
"131_5",14.8066271638994,45.2690881442632,2.69507486189047,3.81262441863982,3.1154655214879,3.0753709684312,3.15556007454459,3.03280618009191,2.9785945387873,3.08701782139652
"131_6",62.3685828838115,45.6638349779454,4.13306166916096,3.82130662745524,3.11806048563329,3.0785349758064,3.15758599546018,3.37978330508291,3.28893149902069,3.47063511114513
"132_1",17.1580966922362,45.7461931042934,2.8424701725374,3.8231085774242,3.1185951024265,3.07911541702235,3.15807478783066,3.07791898565928,3.03641678927068,3.11942118204789
"132_2",17.4315721514597,44.2595089328668,2.85828305348267,3.79007023950638,3.1086029912374,3.06429324903222,3.15291273344259,3.07493975967434,3.02845643861252,3.12142308073617
"132_3",16.0582673591366,45.7400838648129,2.77622381721516,3.82297502210439,3.11855552756941,3.07907327991756,3.15803777522125,3.0586309887162,3.01589653598735,3.10136544144504
"132_4",16.5407965608299,43.7877328168881,2.80582984809914,3.77935370548094,3.10529560935025,3.05768393876887,3.15290727993164,3.0571179171442,3.00868847744399,3.10554735684441
"132_5",18.3893713890641,44.7780159760882,2.91177285581689,3.80171730416156,3.11216609216481,3.0705210978395,3.15381108649012,3.09332117971196,3.04485731445535,3.14178504496857
"132_6",67.2958647993841,44.1030492626073,4.20909879047441,3.78652892433926,3.10751279711928,3.06219740947429,3.15282818476427,3.37829493679405,3.28263463548742,3.47395523810068
"137_1",18.5792553793391,43.9843100860276,2.92204565612077,3.78383298137138,3.1066809764149,3.06054241481744,3.15281953801236,3.09213329916328,3.03891076958129,3.14535582874527
"137_2",16.2675329129532,43.0874322686525,2.7891712756186,3.76323135989287,3.1002805072858,3.04638993704899,3.15417107752261,3.04840196650165,2.99372080973218,3.10308312327113
"137_3",15.8387793802524,44.9346563560893,2.76246132408956,3.80520935350324,3.11322676748331,3.07217964860896,3.15427388635765,3.05061178390846,3.00553946253874,3.09568410527818
"137_4",17.8559279998236,46.7329125557841,2.88233555392283,3.84444868209265,3.12480397138582,3.08415295132302,3.16545499144862,3.09418489790019,3.04920640218589,3.13916339361448
"137_5",20.4324910625293,41.2082991857455,3.0171263329936,3.71863967261708,3.08627237855097,3.00948468214999,3.16306007495195,3.10424261162264,3.01659684200408,3.1918883812412
"137_6",34.4752272290625,45.2584043143266,3.54024101478346,3.81238838360347,3.11539456035001,3.07527634800135,3.15551277269867,3.27222221249786,3.18075287079343,3.36369155420229
"138_1",18.0927735361585,46.1213653366199,2.89551260640348,3.8312762989657,3.12099949211714,3.08143015522323,3.16056882901105,3.09522163637381,3.05005267346195,3.14039059928567
"138_2",16.559918171361,44.4519630944302,2.80698520760197,3.79440912508887,3.10993460209794,3.06673540198628,3.15313380220959,3.06101832052637,3.01662335285138,3.10541328820136
"138_3",16.9120122494611,46.4128538124077,2.8280241534335,3.83757644268788,3.12283115680349,3.08287913050333,3.16278318310365,3.07687306370836,3.03519563546048,3.11855049195624
"138_4",19.2902375566913,43.7932584238481,2.9595991418595,3.77947988827218,3.1053346892272,3.05776626354978,3.15290311490461,3.10213240028618,3.043878518755,3.16038628181735
"138_5",17.4768169554016,43.8599322071509,2.86087525727293,3.78100119732395,3.10580561213282,3.05875069495123,3.1528605293144,3.07354575340502,3.02443460441866,3.12265690239137
"138_6",38.9192530851058,44.9725465342999,3.66148906610349,3.80605222658206,3.11348219760168,3.07256512484129,3.15439927036207,3.29935939516171,3.20566165076989,3.39305713955354
"139_1",18.1780611033741,43.9067063582192,2.9002154330824,3.78206707283796,3.10613528630774,3.05943138292455,3.15283918969093,3.0853098266578,3.03364496802362,3.13697468529198
"139_2",16.3392842953511,45.5026181970136,2.79357228769847,3.81776986709289,3.11700710370342,3.07732009624366,3.15669411116318,3.06249910841292,3.02069926835637,3.10429894846946
"139_3",18.392535240119,43.7800705464481,2.91194488882728,3.77917870347871,3.10524140478568,3.0575695940728,3.15291321549856,3.08806027465838,3.03450610740628,3.14161444191047
"139_4",19.7851808479335,47.5240422212762,2.98493321545437,3.86123573501573,3.1294984520815,3.08610918890161,3.17288771526139,3.12774528910188,3.07029083768788,3.18519974051588
"139_5",17.0953359857455,49.2955286883292,2.83880567693413,3.89783338095842,3.13900279108897,3.08639899601057,3.19160658616737,3.09163576800504,3.0377420884942,3.14552944751588
"139_6",39.6100332684896,46.2054353190725,3.67908245153475,3.83309743876673,3.12153111377052,3.08187803533315,3.16118419220788,3.30932224272228,3.21643782877068,3.40220665667387
"141_6",258.864332163677,135.772999513335,5.55630411042118,4.91098436997576,2.91371914213666,2.75065369356294,3.07678459071037,3.08913098942234,2.84167234985167,3.33658962899301
"142_1",14.2940277056328,42.4996972448344,2.65984180706601,3.74949695225404,3.0959814873263,3.03574290137527,3.15622007327732,3.00762343052348,2.93299837295115,3.08224848809581
"142_2",15.3454835360013,37.4140401358515,2.7308211985561,3.62204603867568,3.05574890078058,2.91837635542766,3.1931214461335,2.99668623656556,2.85998656496397,3.13338590816716
"142_3",14.6981257994384,43.1951460789189,2.68771998901946,3.765728129653,3.10105970361434,3.04823238567094,3.15388702155774,3.01962826266607,2.95527311050244,3.08398341482969
"142_4",17.3354962486139,38.968817873227,2.85275620570237,3.66276178461357,3.06862384970184,2.9576609281195,3.17958677128419,3.0421828207766,2.93241261725633,3.15195302429687
"142_5",18.3036100517091,48.0724832979688,2.90709831097729,3.87270994060833,3.13259316153834,3.08668119144271,3.17850513163397,3.10709513913644,3.05555436923887,3.15863590903401
"142_6",58.9188125417781,40.2494865761142,4.0761604376537,3.69509724791028,3.0788420450221,2.98809351942042,3.16959057062378,3.3434865466881,3.22095675246102,3.46601634091518
"143_1",15.8935479352961,40.7535201810751,2.7659132366381,3.70754222076758,3.08277133142856,2.99950761414981,3.16603504870732,3.02800838189714,2.94469513966491,3.11132162412937
"143_2",16.6113319045185,44.6383927137523,2.810085107317,3.79859431190854,3.11121436725886,3.06895479754179,3.15347393697593,3.06289797217276,3.0193895819311,3.10640636241443
"143_3",15.2674598723028,47.6251039786004,2.72572375780338,3.86336001672218,3.13007875461385,3.08625640350393,3.17390110572377,3.05250462368908,2.99980383281072,3.10520541456744
"143_4",15.5598225198597,43.8922216632307,2.74469211250651,3.78173712131244,3.10603325671569,3.05922147353689,3.15284503989449,3.03995568857907,2.98832116626195,3.09159021089619
"143_5",14.4090626951607,46.0201638100443,2.66785736245249,3.82907964414118,3.12035601261252,3.08085746688198,3.15985455834306,3.02861492000173,2.9690967686876,3.08813307131585
"143_6",50.5244443996013,43.4430303075941,3.92245726668496,3.77145043165478,3.10284225634226,3.05233169116493,3.15335282151959,3.34139064126745,3.24389978839509,3.43888149413982
"144_1",19.9432124621949,46.8691880172117,2.99288885798648,3.84736048763716,3.12563138342314,3.08460338116434,3.16665938568195,3.12726570437761,3.07051457381992,3.1840168349353
"144_2",16.3260626506627,46.2121373815006,2.79276276649961,3.83324247746974,3.12157337922905,3.08191267255456,3.16123408590355,3.0656872866077,3.02370500225672,3.10766957095869
"144_3",15.2366102259656,40.1728053169077,2.7237010994004,3.69319028205195,3.07823974028442,2.98632693996232,3.17015254060653,3.01223977196398,2.91824908423981,3.10623045968816
"144_4",13.1317648023689,44.4740427467858,2.57503408921159,3.79490570992028,3.11008669815517,3.0670058317195,3.15316756459084,2.99400191373386,2.91153770797585,3.07646611949187
"144_5",16.8975288806173,45.6484228425941,2.82716739115601,3.8209690575415,3.11796017436107,3.07842336264584,3.1574969860763,3.07298348807645,3.03181947357755,3.11414750257534
"144_6",48.6818320994291,43.9214363831604,3.88530590297869,3.78240250120111,3.10623898712563,3.05964403307555,3.1528339411757,3.33795514496023,3.24208338861649,3.43382690130398
