"direction","distance_threshold_m","predictor","slope","p_value","r_squared","adj_r_squared","AIC","sample_size","conf_low","conf_high","status","effect_interpretation"
"All",10,"has_neighbour",NA,NA,NA,NA,NA,683,NA,NA,"Skipped: predictor has insufficient variation",NA
"All",20,"has_neighbour",0.366311053003211,0.0189522759475937,0.00805833261693804,0.00660173692327715,1087.17254169751,683,0.0605250658742823,0.672097040132141,"OK","more nearby plots are associated with higher DGR"
"All",30,"has_neighbour",0.549695912753755,0.00389463409782882,0.0121697078419608,0.0107191494100106,1084.33577728947,683,0.177072030773057,0.922319794734454,"OK","more nearby plots are associated with higher DGR"
"All",40,"has_neighbour",0.582654110840277,0.00799244067628935,0.0102849675483776,0.0088316415095353,1085.63767211257,683,0.152611470353795,1.01269675132676,"OK","more nearby plots are associated with higher DGR"
"All",50,"has_neighbour",1.19180583715586,0.0263264250676782,0.00722498197270435,0.00576716256297261,1087.74610318127,683,0.140668098432195,2.24294357587953,"OK","more nearby plots are associated with higher DGR"
"All",60,"has_neighbour",1.19180583715586,0.0263264250676782,0.00722498197270435,0.00576716256297261,1087.74610318127,683,0.140668098432195,2.24294357587953,"OK","more nearby plots are associated with higher DGR"
"All",70,"has_neighbour",1.19180583715586,0.0263264250676782,0.00722498197270435,0.00576716256297261,1087.74610318127,683,0.140668098432195,2.24294357587953,"OK","more nearby plots are associated with higher DGR"
"All",80,"has_neighbour",1.19180583715586,0.0263264250676782,0.00722498197270435,0.00576716256297261,1087.74610318127,683,0.140668098432195,2.24294357587953,"OK","more nearby plots are associated with higher DGR"
"All",90,"has_neighbour",1.19180583715586,0.0263264250676782,0.00722498197270435,0.00576716256297261,1087.74610318127,683,0.140668098432195,2.24294357587953,"OK","more nearby plots are associated with higher DGR"
"All",100,"has_neighbour",1.19180583715586,0.0263264250676782,0.00722498197270435,0.00576716256297261,1087.74610318127,683,0.140668098432195,2.24294357587953,"OK","more nearby plots are associated with higher DGR"
"All",110,"has_neighbour",1.19180583715586,0.0263264250676782,0.00722498197270435,0.00576716256297261,1087.74610318127,683,0.140668098432195,2.24294357587953,"OK","more nearby plots are associated with higher DGR"
"All",120,"has_neighbour",1.19180583715586,0.0263264250676782,0.00722498197270435,0.00576716256297261,1087.74610318127,683,0.140668098432195,2.24294357587953,"OK","more nearby plots are associated with higher DGR"
"All",130,"has_neighbour",1.19180583715586,0.0263264250676782,0.00722498197270435,0.00576716256297261,1087.74610318127,683,0.140668098432195,2.24294357587953,"OK","more nearby plots are associated with higher DGR"
"All",140,"has_neighbour",NA,NA,NA,NA,NA,683,NA,NA,"Skipped: predictor has insufficient variation",NA
"All",150,"has_neighbour",NA,NA,NA,NA,NA,683,NA,NA,"Skipped: predictor has insufficient variation",NA
"All",160,"has_neighbour",NA,NA,NA,NA,NA,683,NA,NA,"Skipped: predictor has insufficient variation",NA
"All",170,"has_neighbour",NA,NA,NA,NA,NA,683,NA,NA,"Skipped: predictor has insufficient variation",NA
"All",180,"has_neighbour",NA,NA,NA,NA,NA,683,NA,NA,"Skipped: predictor has insufficient variation",NA
"All",190,"has_neighbour",NA,NA,NA,NA,NA,683,NA,NA,"Skipped: predictor has insufficient variation",NA
"All",200,"has_neighbour",NA,NA,NA,NA,NA,683,NA,NA,"Skipped: predictor has insufficient variation",NA
"All",210,"has_neighbour",NA,NA,NA,NA,NA,683,NA,NA,"Skipped: predictor has insufficient variation",NA
"All",220,"has_neighbour",NA,NA,NA,NA,NA,683,NA,NA,"Skipped: predictor has insufficient variation",NA
"All",230,"has_neighbour",NA,NA,NA,NA,NA,683,NA,NA,"Skipped: predictor has insufficient variation",NA
"All",240,"has_neighbour",NA,NA,NA,NA,NA,683,NA,NA,"Skipped: predictor has insufficient variation",NA
"All",250,"has_neighbour",NA,NA,NA,NA,NA,683,NA,NA,"Skipped: predictor has insufficient variation",NA
"All",260,"has_neighbour",NA,NA,NA,NA,NA,683,NA,NA,"Skipped: predictor has insufficient variation",NA
"All",270,"has_neighbour",NA,NA,NA,NA,NA,683,NA,NA,"Skipped: predictor has insufficient variation",NA
"All",280,"has_neighbour",NA,NA,NA,NA,NA,683,NA,NA,"Skipped: predictor has insufficient variation",NA
"All",290,"has_neighbour",NA,NA,NA,NA,NA,683,NA,NA,"Skipped: predictor has insufficient variation",NA
"All",300,"has_neighbour",NA,NA,NA,NA,NA,683,NA,NA,"Skipped: predictor has insufficient variation",NA
"All",310,"has_neighbour",NA,NA,NA,NA,NA,683,NA,NA,"Skipped: predictor has insufficient variation",NA
"All",320,"has_neighbour",NA,NA,NA,NA,NA,683,NA,NA,"Skipped: predictor has insufficient variation",NA
"All",330,"has_neighbour",NA,NA,NA,NA,NA,683,NA,NA,"Skipped: predictor has insufficient variation",NA
"All",340,"has_neighbour",NA,NA,NA,NA,NA,683,NA,NA,"Skipped: predictor has insufficient variation",NA
"All",350,"has_neighbour",NA,NA,NA,NA,NA,683,NA,NA,"Skipped: predictor has insufficient variation",NA
"All",360,"has_neighbour",NA,NA,NA,NA,NA,683,NA,NA,"Skipped: predictor has insufficient variation",NA
"All",370,"has_neighbour",NA,NA,NA,NA,NA,683,NA,NA,"Skipped: predictor has insufficient variation",NA
"All",380,"has_neighbour",NA,NA,NA,NA,NA,683,NA,NA,"Skipped: predictor has insufficient variation",NA
"All",390,"has_neighbour",NA,NA,NA,NA,NA,683,NA,NA,"Skipped: predictor has insufficient variation",NA
"All",400,"has_neighbour",NA,NA,NA,NA,NA,683,NA,NA,"Skipped: predictor has insufficient variation",NA
"All",410,"has_neighbour",NA,NA,NA,NA,NA,683,NA,NA,"Skipped: predictor has insufficient variation",NA
"All",420,"has_neighbour",NA,NA,NA,NA,NA,683,NA,NA,"Skipped: predictor has insufficient variation",NA
"All",430,"has_neighbour",NA,NA,NA,NA,NA,683,NA,NA,"Skipped: predictor has insufficient variation",NA
"All",440,"has_neighbour",NA,NA,NA,NA,NA,683,NA,NA,"Skipped: predictor has insufficient variation",NA
"All",450,"has_neighbour",NA,NA,NA,NA,NA,683,NA,NA,"Skipped: predictor has insufficient variation",NA
"All",460,"has_neighbour",NA,NA,NA,NA,NA,683,NA,NA,"Skipped: predictor has insufficient variation",NA
"All",470,"has_neighbour",NA,NA,NA,NA,NA,683,NA,NA,"Skipped: predictor has insufficient variation",NA
"All",480,"has_neighbour",NA,NA,NA,NA,NA,683,NA,NA,"Skipped: predictor has insufficient variation",NA
"All",490,"has_neighbour",NA,NA,NA,NA,NA,683,NA,NA,"Skipped: predictor has insufficient variation",NA
"All",500,"has_neighbour",NA,NA,NA,NA,NA,683,NA,NA,"Skipped: predictor has insufficient variation",NA
"All",10,"n_neighbours",NA,NA,NA,NA,NA,683,NA,NA,"Skipped: predictor has insufficient variation",NA
"All",20,"n_neighbours",-0.012959541440002,0.740446534203749,0.000161242741293014,-0.00130694926642905,1092.58854095282,683,-0.0897419297018224,0.0638228468218185,"OK","more nearby plots are associated with lower DGR"
"All",30,"n_neighbours",-0.0327374491314123,0.338499302412265,0.00134531965681115,-0.000121133618288916,1091.77920666859,683,-0.0998473887355704,0.0343724904727458,"OK","more nearby plots are associated with lower DGR"
"All",40,"n_neighbours",-0.00729934558656579,0.754274631214935,0.000143963099991238,-0.00132425428165339,1092.60034474913,683,-0.0530686330939038,0.0384699419207723,"OK","more nearby plots are associated with lower DGR"
"All",50,"n_neighbours",-0.00183463904650418,0.847188484236463,0.000054570085469641,-0.00141377856345049,1092.66140623945,683,-0.0205203036681311,0.0168510255751227,"OK","more nearby plots are associated with lower DGR"
"All",60,"n_neighbours",0.00635383605058314,0.360162195387202,0.00122970225619452,-0.000236920794824291,1091.85827515485,683,-0.00727051775576606,0.0199781898569323,"OK","more nearby plots are associated with higher DGR"
"All",70,"n_neighbours",0.0104455681829513,0.0832357723527388,0.00439963593202583,0.00293766770285109,1089.68709748435,683,-0.00137704024947638,0.0222681766153789,"OK","more nearby plots are associated with higher DGR"
"All",80,"n_neighbours",0.0110905550199673,0.03782913330733,0.00631748500424466,0.00485833299984562,1088.37014921525,683,0.000625245457737232,0.0215558645821974,"OK","more nearby plots are associated with higher DGR"
"All",90,"n_neighbours",0.00866504251909929,0.0398373092759972,0.00618914032585842,0.00472979985643962,1088.45836024184,683,0.000403626606619793,0.0169264584315788,"OK","more nearby plots are associated with higher DGR"
"All",100,"n_neighbours",0.0106228502148525,0.00177418409710924,0.0142539627562663,0.0128064649042198,1082.89317117944,683,0.0039761995708358,0.0172695008588693,"OK","more nearby plots are associated with higher DGR"
"All",110,"n_neighbours",0.0089934424457483,0.00201043622729274,0.0139212531106452,0.0124732666981792,1083.12365889006,683,0.00329849555299081,0.0146883893385058,"OK","more nearby plots are associated with higher DGR"
"All",120,"n_neighbours",0.00710564641782529,0.00446491340458331,0.0118097147196785,0.0103586276634666,1084.58463634291,683,0.00221516893119624,0.0119961239044543,"OK","more nearby plots are associated with higher DGR"
"All",130,"n_neighbours",0.00573946210683943,0.00825778785730508,0.0101999251662451,0.00874647424872121,1085.69635713783,683,0.00148550089390521,0.00999342331977365,"OK","more nearby plots are associated with higher DGR"
"All",140,"n_neighbours",0.00588198364903707,0.00187723329374626,0.0141036457955359,0.0126559272137379,1082.99731428858,683,0.00218182085905845,0.0095821464390157,"OK","more nearby plots are associated with higher DGR"
"All",150,"n_neighbours",0.00494007160662233,0.00285865564784071,0.0129870055121105,0.0115376472235821,1083.77045208685,683,0.00169975645710357,0.00818038675614109,"OK","more nearby plots are associated with higher DGR"
"All",160,"n_neighbours",0.00448307144191755,0.00247664508795167,0.0133672496136696,0.0119184496865237,1083.50727747686,683,0.00158519757148766,0.00738094531234745,"OK","more nearby plots are associated with higher DGR"
"All",170,"n_neighbours",0.00420027064300067,0.00215861775053147,0.013732187560426,0.0122839235186646,1083.25460116345,683,0.00152201563320623,0.00687852565279511,"OK","more nearby plots are associated with higher DGR"
"All",180,"n_neighbours",0.00371867209016291,0.00354431859013122,0.0124184352094512,0.0109682420159262,1084.16378197386,683,0.00122357173543433,0.00621377244489149,"OK","more nearby plots are associated with higher DGR"
"All",190,"n_neighbours",0.00307364621721192,0.0101465545886503,0.00966493570173684,0.00821069919028572,1086.06542064862,683,0.000732693963841822,0.00541459847058203,"OK","more nearby plots are associated with higher DGR"
"All",200,"n_neighbours",0.00296259315636048,0.00907177525092565,0.00995545555777922,0.0085016456540461,1085.86502971122,683,0.000739713771508657,0.0051854725412123,"OK","more nearby plots are associated with higher DGR"
"All",210,"n_neighbours",0.00279582615372721,0.0104083727134143,0.00959893260375773,0.00814459917145782,1086.11093919621,683,0.000659087894691137,0.00493256441276329,"OK","more nearby plots are associated with higher DGR"
"All",220,"n_neighbours",0.00275472516484552,0.00874431883750234,0.0100509999655516,0.00859733036197674,1085.79911350585,683,0.000697759058405662,0.00481169127128539,"OK","more nearby plots are associated with higher DGR"
"All",230,"n_neighbours",0.00241669792580559,0.0167786846089455,0.00836944134233175,0.00691330248967725,1086.95829463517,683,0.000437468360825772,0.00439592749078541,"OK","more nearby plots are associated with higher DGR"
"All",240,"n_neighbours",0.00209282157880871,0.0302063958207115,0.00687924739534138,0.00542092029900565,1087.98391699025,683,0.000200870712828354,0.00398477244478907,"OK","more nearby plots are associated with higher DGR"
"All",250,"n_neighbours",0.0019938496546921,0.0313256052625945,0.00678806327830305,0.00532960228458546,1088.04662426211,683,0.000179222038521089,0.00380847727086312,"OK","more nearby plots are associated with higher DGR"
"All",260,"n_neighbours",0.00185521389573427,0.0375632197986749,0.00633501218849811,0.00487588592152077,1088.35810193431,683,0.000107029097782544,0.00360339869368599,"OK","more nearby plots are associated with higher DGR"
"All",270,"n_neighbours",0.00165476453132283,0.0533892934474155,0.00546873820221413,0.00400833987358307,1088.95327976969,683,-0.0000242286824601258,0.00333375774510579,"OK","more nearby plots are associated with higher DGR"
"All",280,"n_neighbours",0.00142179233370796,0.0813806568817742,0.00445311023195141,0.00299122052597778,1089.65041215453,683,-0.000177700835277761,0.00302128550269368,"OK","more nearby plots are associated with higher DGR"
"All",290,"n_neighbours",0.00139443997575492,0.0724524317841283,0.00473023918063062,0.00326875641878133,1089.46025996436,683,-0.000127423741269152,0.00291630369277899,"OK","more nearby plots are associated with higher DGR"
"All",300,"n_neighbours",0.00137013076390178,0.0676631660512894,0.00489440039666533,0.0034331586938704,1089.34759567697,683,-0.000099790050987971,0.00284005157879152,"OK","more nearby plots are associated with higher DGR"
"All",310,"n_neighbours",0.00140628949530431,0.0529520974968167,0.00548881620500081,0.00402844735948693,1088.9394909479,683,-0.0000179640477652879,0.00283054303837391,"OK","more nearby plots are associated with higher DGR"
"All",320,"n_neighbours",0.00146956558380751,0.0379362952758786,0.00631045800649193,0.00485129568344711,1088.37497915079,683,0.0000820720238914534,0.00285705914372357,"OK","more nearby plots are associated with higher DGR"
"All",330,"n_neighbours",0.00155590325882339,0.0243450089000457,0.00742254448366096,0.00596501518040637,1087.61017246144,683,0.00020216259739951,0.00290964392024726,"OK","more nearby plots are associated with higher DGR"
"All",340,"n_neighbours",0.00166447622555123,0.0134467135397868,0.00893757763323803,0.00748227304826476,1086.56687034405,683,0.00034571772549708,0.00298323472560537,"OK","more nearby plots are associated with higher DGR"
"All",350,"n_neighbours",0.00173916172454349,0.00841876097773697,0.0101496825047138,0.00869615780941968,1085.73102562067,683,0.000446914559483443,0.00303140888960354,"OK","more nearby plots are associated with higher DGR"
"All",360,"n_neighbours",0.00186581978666748,0.00388050417077485,0.0121792930607257,0.0107287487039867,1084.32914989989,683,0.000601535322382427,0.00313010425095253,"OK","more nearby plots are associated with higher DGR"
"All",370,"n_neighbours",0.00198913934518764,0.00172791583904428,0.0143243480863591,0.0128769535901571,1082.84440111595,683,0.000747653210333917,0.00323062548004135,"OK","more nearby plots are associated with higher DGR"
"All",380,"n_neighbours",0.00203709967428277,0.00101900581253548,0.0157348444816631,0.0142895211989635,1081.8663319283,683,0.000824872007664945,0.00324932734090059,"OK","more nearby plots are associated with higher DGR"
"All",390,"n_neighbours",0.00207411556473033,0.000580964792645544,0.0172426843143638,0.0157995751870721,1080.81921139711,683,0.000895965153535902,0.00325226597592476,"OK","more nearby plots are associated with higher DGR"
"All",400,"n_neighbours",0.00206508553132843,0.00040295657779716,0.0182277371065345,0.0167860744591138,1080.13427275249,683,0.000924772390037684,0.00320539867261918,"OK","more nearby plots are associated with higher DGR"
"All",410,"n_neighbours",0.00213249331314358,0.000171181163239201,0.0205408330056897,0.019102566974861,1078.52319798836,683,0.00102454652167684,0.00324044010461032,"OK","more nearby plots are associated with higher DGR"
"All",420,"n_neighbours",0.00214453154164291,0.000101946277499799,0.021945606297541,0.0205094030762452,1077.54291326155,683,0.0010673541368416,0.00322170894644423,"OK","more nearby plots are associated with higher DGR"
"All",430,"n_neighbours",0.00214169306557455,0.0000585171054660464,0.0234531753880059,0.0220191859245521,1076.48932761623,683,0.00110189255739136,0.00318149357375774,"OK","more nearby plots are associated with higher DGR"
"All",440,"n_neighbours",0.00215050481097302,0.0000347413636211082,0.0248713446173267,0.0234394376343859,1075.49673457089,683,0.00113736628625984,0.0031636433356862,"OK","more nearby plots are associated with higher DGR"
"All",450,"n_neighbours",0.00217787621427377,0.0000172956497873129,0.0267711026603823,0.0253419853368293,1074.16480742764,683,0.00118988144741303,0.00316587098113452,"OK","more nearby plots are associated with higher DGR"
"All",460,"n_neighbours",0.00215946627828412,0.000012689692509767,0.0276153203357368,0.0261874426857158,1073.57208879608,683,0.00119533200358111,0.00312360055298713,"OK","more nearby plots are associated with higher DGR"
"All",470,"n_neighbours",0.00217308147027753,0.0000071844669414514,0.0291671231443706,0.0277415242062566,1072.48123662665,683,0.00122978429712783,0.00311637864342723,"OK","more nearby plots are associated with higher DGR"
"All",480,"n_neighbours",0.00217644117567936,0.00000388942733751123,0.0308421245198606,0.0294189852019751,1071.3018225265,683,0.00125849093601898,0.00309439141533974,"OK","more nearby plots are associated with higher DGR"
"All",490,"n_neighbours",0.00212261835147093,0.00000351735579258361,0.0311166592655599,0.0296939230823962,1071.10832072581,683,0.00123145306470712,0.00301378363823475,"OK","more nearby plots are associated with higher DGR"
"All",500,"n_neighbours",0.00211202354033286,0.00000235061775763022,0.032217191702447,0.0307960715727883,1070.33207569703,683,0.00124107810016671,0.002982968980499,"OK","more nearby plots are associated with higher DGR"
"All",10,"nearest_distance_m",NA,NA,NA,NA,NA,0,NA,NA,"Skipped: sample size < 10",NA
"All",20,"nearest_distance_m",0.0222535349218149,0.245582354331196,0.00201481195375108,0.000523055319900156,1067.83441916879,671,-0.0153445086475623,0.059851578491192,"OK","more spacing to the nearest plot is associated with higher DGR"
"All",30,"nearest_distance_m",0.0196320546583244,0.281866153733112,0.0017205547437018,0.000237227187600331,1075.049885092,675,-0.016159442963914,0.0554235522805628,"OK","more spacing to the nearest plot is associated with higher DGR"
"All",40,"nearest_distance_m",0.000466437678990223,0.972910375644309,0.00000170966225419195,-0.00147976928639415,1079.25727221762,677,-0.0264931794142886,0.0274260547722691,"OK","more spacing to the nearest plot is associated with higher DGR"
"All",50,"nearest_distance_m",-0.0112923838781763,0.10281316691464,0.00390897407187939,0.0024441343278675,1084.49041064633,682,-0.0248652346192189,0.00228046686286627,"OK","closer nearest plots are associated with higher DGR"
"All",60,"nearest_distance_m",-0.0112923838781763,0.10281316691464,0.00390897407187939,0.0024441343278675,1084.49041064633,682,-0.0248652346192189,0.00228046686286627,"OK","closer nearest plots are associated with higher DGR"
"All",70,"nearest_distance_m",-0.0112923838781763,0.10281316691464,0.00390897407187939,0.0024441343278675,1084.49041064633,682,-0.0248652346192189,0.00228046686286627,"OK","closer nearest plots are associated with higher DGR"
"All",80,"nearest_distance_m",-0.0112923838781763,0.10281316691464,0.00390897407187939,0.0024441343278675,1084.49041064633,682,-0.0248652346192189,0.00228046686286627,"OK","closer nearest plots are associated with higher DGR"
"All",90,"nearest_distance_m",-0.0112923838781763,0.10281316691464,0.00390897407187939,0.0024441343278675,1084.49041064633,682,-0.0248652346192189,0.00228046686286627,"OK","closer nearest plots are associated with higher DGR"
"All",100,"nearest_distance_m",-0.0112923838781763,0.10281316691464,0.00390897407187939,0.0024441343278675,1084.49041064633,682,-0.0248652346192189,0.00228046686286627,"OK","closer nearest plots are associated with higher DGR"
"All",110,"nearest_distance_m",-0.0112923838781763,0.10281316691464,0.00390897407187939,0.0024441343278675,1084.49041064633,682,-0.0248652346192189,0.00228046686286627,"OK","closer nearest plots are associated with higher DGR"
"All",120,"nearest_distance_m",-0.0112923838781763,0.10281316691464,0.00390897407187939,0.0024441343278675,1084.49041064633,682,-0.0248652346192189,0.00228046686286627,"OK","closer nearest plots are associated with higher DGR"
"All",130,"nearest_distance_m",-0.0112923838781763,0.10281316691464,0.00390897407187939,0.0024441343278675,1084.49041064633,682,-0.0248652346192189,0.00228046686286627,"OK","closer nearest plots are associated with higher DGR"
"All",140,"nearest_distance_m",-0.0103784790496219,0.00591875016703999,0.0110696019132378,0.0096174280540795,1085.09598304487,683,-0.0177591808522727,-0.00299777724697109,"OK","closer nearest plots are associated with higher DGR"
"All",150,"nearest_distance_m",-0.0103784790496219,0.00591875016703999,0.0110696019132378,0.0096174280540795,1085.09598304487,683,-0.0177591808522727,-0.00299777724697109,"OK","closer nearest plots are associated with higher DGR"
"All",160,"nearest_distance_m",-0.0103784790496219,0.00591875016703999,0.0110696019132378,0.0096174280540795,1085.09598304487,683,-0.0177591808522727,-0.00299777724697109,"OK","closer nearest plots are associated with higher DGR"
"All",170,"nearest_distance_m",-0.0103784790496219,0.00591875016703999,0.0110696019132378,0.0096174280540795,1085.09598304487,683,-0.0177591808522727,-0.00299777724697109,"OK","closer nearest plots are associated with higher DGR"
"All",180,"nearest_distance_m",-0.0103784790496219,0.00591875016703999,0.0110696019132378,0.0096174280540795,1085.09598304487,683,-0.0177591808522727,-0.00299777724697109,"OK","closer nearest plots are associated with higher DGR"
"All",190,"nearest_distance_m",-0.0103784790496219,0.00591875016703999,0.0110696019132378,0.0096174280540795,1085.09598304487,683,-0.0177591808522727,-0.00299777724697109,"OK","closer nearest plots are associated with higher DGR"
"All",200,"nearest_distance_m",-0.0103784790496219,0.00591875016703999,0.0110696019132378,0.0096174280540795,1085.09598304487,683,-0.0177591808522727,-0.00299777724697109,"OK","closer nearest plots are associated with higher DGR"
"All",210,"nearest_distance_m",-0.0103784790496219,0.00591875016703999,0.0110696019132378,0.0096174280540795,1085.09598304487,683,-0.0177591808522727,-0.00299777724697109,"OK","closer nearest plots are associated with higher DGR"
"All",220,"nearest_distance_m",-0.0103784790496219,0.00591875016703999,0.0110696019132378,0.0096174280540795,1085.09598304487,683,-0.0177591808522727,-0.00299777724697109,"OK","closer nearest plots are associated with higher DGR"
"All",230,"nearest_distance_m",-0.0103784790496219,0.00591875016703999,0.0110696019132378,0.0096174280540795,1085.09598304487,683,-0.0177591808522727,-0.00299777724697109,"OK","closer nearest plots are associated with higher DGR"
"All",240,"nearest_distance_m",-0.0103784790496219,0.00591875016703999,0.0110696019132378,0.0096174280540795,1085.09598304487,683,-0.0177591808522727,-0.00299777724697109,"OK","closer nearest plots are associated with higher DGR"
"All",250,"nearest_distance_m",-0.0103784790496219,0.00591875016703999,0.0110696019132378,0.0096174280540795,1085.09598304487,683,-0.0177591808522727,-0.00299777724697109,"OK","closer nearest plots are associated with higher DGR"
"All",260,"nearest_distance_m",-0.0103784790496219,0.00591875016703999,0.0110696019132378,0.0096174280540795,1085.09598304487,683,-0.0177591808522727,-0.00299777724697109,"OK","closer nearest plots are associated with higher DGR"
"All",270,"nearest_distance_m",-0.0103784790496219,0.00591875016703999,0.0110696019132378,0.0096174280540795,1085.09598304487,683,-0.0177591808522727,-0.00299777724697109,"OK","closer nearest plots are associated with higher DGR"
"All",280,"nearest_distance_m",-0.0103784790496219,0.00591875016703999,0.0110696019132378,0.0096174280540795,1085.09598304487,683,-0.0177591808522727,-0.00299777724697109,"OK","closer nearest plots are associated with higher DGR"
"All",290,"nearest_distance_m",-0.0103784790496219,0.00591875016703999,0.0110696019132378,0.0096174280540795,1085.09598304487,683,-0.0177591808522727,-0.00299777724697109,"OK","closer nearest plots are associated with higher DGR"
"All",300,"nearest_distance_m",-0.0103784790496219,0.00591875016703999,0.0110696019132378,0.0096174280540795,1085.09598304487,683,-0.0177591808522727,-0.00299777724697109,"OK","closer nearest plots are associated with higher DGR"
"All",310,"nearest_distance_m",-0.0103784790496219,0.00591875016703999,0.0110696019132378,0.0096174280540795,1085.09598304487,683,-0.0177591808522727,-0.00299777724697109,"OK","closer nearest plots are associated with higher DGR"
"All",320,"nearest_distance_m",-0.0103784790496219,0.00591875016703999,0.0110696019132378,0.0096174280540795,1085.09598304487,683,-0.0177591808522727,-0.00299777724697109,"OK","closer nearest plots are associated with higher DGR"
"All",330,"nearest_distance_m",-0.0103784790496219,0.00591875016703999,0.0110696019132378,0.0096174280540795,1085.09598304487,683,-0.0177591808522727,-0.00299777724697109,"OK","closer nearest plots are associated with higher DGR"
"All",340,"nearest_distance_m",-0.0103784790496219,0.00591875016703999,0.0110696019132378,0.0096174280540795,1085.09598304487,683,-0.0177591808522727,-0.00299777724697109,"OK","closer nearest plots are associated with higher DGR"
"All",350,"nearest_distance_m",-0.0103784790496219,0.00591875016703999,0.0110696019132378,0.0096174280540795,1085.09598304487,683,-0.0177591808522727,-0.00299777724697109,"OK","closer nearest plots are associated with higher DGR"
"All",360,"nearest_distance_m",-0.0103784790496219,0.00591875016703999,0.0110696019132378,0.0096174280540795,1085.09598304487,683,-0.0177591808522727,-0.00299777724697109,"OK","closer nearest plots are associated with higher DGR"
"All",370,"nearest_distance_m",-0.0103784790496219,0.00591875016703999,0.0110696019132378,0.0096174280540795,1085.09598304487,683,-0.0177591808522727,-0.00299777724697109,"OK","closer nearest plots are associated with higher DGR"
"All",380,"nearest_distance_m",-0.0103784790496219,0.00591875016703999,0.0110696019132378,0.0096174280540795,1085.09598304487,683,-0.0177591808522727,-0.00299777724697109,"OK","closer nearest plots are associated with higher DGR"
"All",390,"nearest_distance_m",-0.0103784790496219,0.00591875016703999,0.0110696019132378,0.0096174280540795,1085.09598304487,683,-0.0177591808522727,-0.00299777724697109,"OK","closer nearest plots are associated with higher DGR"
"All",400,"nearest_distance_m",-0.0103784790496219,0.00591875016703999,0.0110696019132378,0.0096174280540795,1085.09598304487,683,-0.0177591808522727,-0.00299777724697109,"OK","closer nearest plots are associated with higher DGR"
"All",410,"nearest_distance_m",-0.0103784790496219,0.00591875016703999,0.0110696019132378,0.0096174280540795,1085.09598304487,683,-0.0177591808522727,-0.00299777724697109,"OK","closer nearest plots are associated with higher DGR"
"All",420,"nearest_distance_m",-0.0103784790496219,0.00591875016703999,0.0110696019132378,0.0096174280540795,1085.09598304487,683,-0.0177591808522727,-0.00299777724697109,"OK","closer nearest plots are associated with higher DGR"
"All",430,"nearest_distance_m",-0.0103784790496219,0.00591875016703999,0.0110696019132378,0.0096174280540795,1085.09598304487,683,-0.0177591808522727,-0.00299777724697109,"OK","closer nearest plots are associated with higher DGR"
"All",440,"nearest_distance_m",-0.0103784790496219,0.00591875016703999,0.0110696019132378,0.0096174280540795,1085.09598304487,683,-0.0177591808522727,-0.00299777724697109,"OK","closer nearest plots are associated with higher DGR"
"All",450,"nearest_distance_m",-0.0103784790496219,0.00591875016703999,0.0110696019132378,0.0096174280540795,1085.09598304487,683,-0.0177591808522727,-0.00299777724697109,"OK","closer nearest plots are associated with higher DGR"
"All",460,"nearest_distance_m",-0.0103784790496219,0.00591875016703999,0.0110696019132378,0.0096174280540795,1085.09598304487,683,-0.0177591808522727,-0.00299777724697109,"OK","closer nearest plots are associated with higher DGR"
"All",470,"nearest_distance_m",-0.0103784790496219,0.00591875016703999,0.0110696019132378,0.0096174280540795,1085.09598304487,683,-0.0177591808522727,-0.00299777724697109,"OK","closer nearest plots are associated with higher DGR"
"All",480,"nearest_distance_m",-0.0103784790496219,0.00591875016703999,0.0110696019132378,0.0096174280540795,1085.09598304487,683,-0.0177591808522727,-0.00299777724697109,"OK","closer nearest plots are associated with higher DGR"
"All",490,"nearest_distance_m",-0.0103784790496219,0.00591875016703999,0.0110696019132378,0.0096174280540795,1085.09598304487,683,-0.0177591808522727,-0.00299777724697109,"OK","closer nearest plots are associated with higher DGR"
"All",500,"nearest_distance_m",-0.0103784790496219,0.00591875016703999,0.0110696019132378,0.0096174280540795,1085.09598304487,683,-0.0177591808522727,-0.00299777724697109,"OK","closer nearest plots are associated with higher DGR"
"All",10,"neighbour_density_per_ha",NA,NA,NA,NA,NA,683,NA,NA,"Skipped: predictor has insufficient variation",NA
"All",20,"neighbour_density_per_ha",-0.00162854400727212,0.740446534203744,0.000161242741293018,-0.00130694926642905,1092.58854095282,683,-0.0112773034828086,0.00802021546826435,"OK","more nearby plots are associated with lower DGR"
"All",30,"neighbour_density_per_ha",-0.00925629567196619,0.33849930241227,0.00134531965681113,-0.000121133618288916,1091.77920666859,683,-0.0282311840638612,0.00971859271992879,"OK","more nearby plots are associated with lower DGR"
"All",40,"neighbour_density_per_ha",-0.00366905127532292,0.754274631214933,0.000143963099991238,-0.00132425428165339,1092.60034474913,683,-0.0266752044582175,0.0193371019075717,"OK","more nearby plots are associated with lower DGR"
"All",50,"neighbour_density_per_ha",-0.00144092213762165,0.847188484236462,0.0000545700854696377,-0.00141377856345049,1092.66140623945,683,-0.0161166088133082,0.0132347645380649,"OK","more nearby plots are associated with lower DGR"
"All",60,"neighbour_density_per_ha",0.00718601927710535,0.360162195387203,0.00122970225619452,-0.000236920794824291,1091.85827515485,683,-0.00822276186095121,0.0225948004151619,"OK","more nearby plots are associated with higher DGR"
"All",70,"neighbour_density_per_ha",0.0160797029304042,0.0832357723527384,0.00439963593202583,0.00293766770285109,1089.68709748435,683,-0.00211978877041168,0.0342791946312201,"OK","more nearby plots are associated with higher DGR"
"All",80,"neighbour_density_per_ha",0.022298883951976,0.0378291333073305,0.00631748500424464,0.00485833299984562,1088.37014921525,683,0.00125713058349924,0.0433406373204527,"OK","more nearby plots are associated with higher DGR"
"All",90,"neighbour_density_per_ha",0.0220498474760471,0.0398373092759958,0.00618914032585849,0.00472979985643973,1088.45836024184,683,0.00102710460954175,0.0430725903425524,"OK","more nearby plots are associated with higher DGR"
"All",100,"neighbour_density_per_ha",0.0333726681951655,0.00177418409710926,0.0142539627562663,0.0128064649042198,1082.89317117944,683,0.0124915993609446,0.0542537370293863,"OK","more nearby plots are associated with higher DGR"
"All",110,"neighbour_density_per_ha",0.0341870165888349,0.00201043622729279,0.0139212531106451,0.0124732666981792,1083.12365889006,683,0.0125386605705811,0.0558353726070887,"OK","more nearby plots are associated with higher DGR"
"All",120,"neighbour_density_per_ha",0.032145187082755,0.00446491340458335,0.0118097147196785,0.0103586276634666,1084.58463634291,683,0.0100211881546173,0.0542691860108927,"OK","more nearby plots are associated with higher DGR"
"All",130,"neighbour_density_per_ha",0.0304724778637824,0.00825778785730498,0.0101999251662451,0.00874647424872121,1085.69635713783,683,0.00788695739487735,0.0530579983326874,"OK","more nearby plots are associated with higher DGR"
"All",140,"neighbour_density_per_ha",0.0362184413758864,0.00187723329374625,0.0141036457955359,0.0126559272137379,1082.99731428858,683,0.0134346090692434,0.0590022736825295,"OK","more nearby plots are associated with higher DGR"
"All",150,"neighbour_density_per_ha",0.0349193085020375,0.00285865564784074,0.0129870055121105,0.0115376472235821,1083.77045208685,683,0.0120148703966888,0.0578237466073862,"OK","more nearby plots are associated with higher DGR"
"All",160,"neighbour_density_per_ha",0.0360549998270629,0.00247664508795158,0.0133672496136696,0.0119184496865237,1083.50727747686,683,0.0127489153153896,0.0593610843387362,"OK","more nearby plots are associated with higher DGR"
"All",170,"neighbour_density_per_ha",0.038135108851954,0.00215861775053147,0.013732187560426,0.0122839235186646,1083.25460116345,683,0.0138186885512763,0.0624515291526317,"OK","more nearby plots are associated with higher DGR"
"All",180,"neighbour_density_per_ha",0.0378514714593913,0.00354431859013123,0.0124184352094512,0.0109682420159262,1084.16378197386,683,0.0124544432795852,0.0632484996391973,"OK","more nearby plots are associated with higher DGR"
"All",190,"neighbour_density_per_ha",0.0348586811963746,0.0101465545886504,0.00966493570173685,0.00821069919028572,1086.06542064862,683,0.00830959176662751,0.0614077706261216,"OK","more nearby plots are associated with higher DGR"
"All",200,"neighbour_density_per_ha",0.03722904358239,0.00907177525092552,0.0099554555577792,0.0085016456540461,1085.86502971122,683,0.00929551740132326,0.0651625697634568,"OK","more nearby plots are associated with higher DGR"
"All",210,"neighbour_density_per_ha",0.0387345598522124,0.0104083727134146,0.00959893260375773,0.00814459917145782,1086.11093919621,683,0.00913128288421941,0.0683378368202054,"OK","more nearby plots are associated with higher DGR"
"All",220,"neighbour_density_per_ha",0.0418864458082023,0.00874431883750211,0.0100509999655516,0.00859733036197674,1085.79911350585,683,0.0106096417022169,0.0731632499141878,"OK","more nearby plots are associated with higher DGR"
"All",230,"neighbour_density_per_ha",0.040163163578683,0.0167786846089457,0.00836944134233173,0.00691330248967725,1086.95829463517,683,0.00727029768541999,0.073056029471946,"OK","more nearby plots are associated with higher DGR"
"All",240,"neighbour_density_per_ha",0.0378708070882156,0.0302063958207115,0.00687924739534138,0.00542092029900565,1087.98391699025,683,0.00363487078507911,0.072106743391352,"OK","more nearby plots are associated with higher DGR"
"All",250,"neighbour_density_per_ha",0.0391491464221453,0.0313256052625947,0.00678806327830306,0.00532960228458546,1088.04662426211,683,0.00351901649737019,0.0747792763469204,"OK","more nearby plots are associated with higher DGR"
"All",260,"neighbour_density_per_ha",0.039399486096773,0.0375632197986749,0.00633501218849811,0.00487588592152077,1088.35810193431,683,0.00227299475264252,0.0765259774409035,"OK","more nearby plots are associated with higher DGR"
"All",270,"neighbour_density_per_ha",0.0378977655327305,0.0533892934474157,0.00546873820221411,0.00400833987358307,1088.95327976969,683,-0.000554890384498907,0.0763504214499598,"OK","more nearby plots are associated with higher DGR"
"All",280,"neighbour_density_per_ha",0.0350188680279765,0.0813806568817748,0.0044531102319514,0.00299122052597778,1089.65041215453,683,-0.00437678692697988,0.0744145229829329,"OK","more nearby plots are associated with higher DGR"
"All",290,"neighbour_density_per_ha",0.0368422116469473,0.0724524317841271,0.00473023918063061,0.00326875641878133,1089.46025996436,683,-0.00336663644639289,0.0770510597402876,"OK","more nearby plots are associated with higher DGR"
"All",300,"neighbour_density_per_ha",0.0387395346809807,0.0676631660512893,0.00489440039666534,0.0034331586938704,1089.34759567697,683,-0.00282149721976643,0.0803005665817279,"OK","more nearby plots are associated with higher DGR"
"All",310,"neighbour_density_per_ha",0.0424568718612505,0.0529520974968165,0.00548881620500082,0.00402844735948693,1088.9394909479,683,-0.000542347273891235,0.0854560909963921,"OK","more nearby plots are associated with higher DGR"
"All",320,"neighbour_density_per_ha",0.0472757907666747,0.0379362952758785,0.00631045800649192,0.00485129568344711,1088.37497915079,683,0.00264024952138381,0.0919113320119656,"OK","more nearby plots are associated with higher DGR"
"All",330,"neighbour_density_per_ha",0.0532304751565379,0.0243450089000457,0.00742254448366097,0.00596501518040637,1087.61017246144,683,0.00691637546063995,0.0995445748524359,"OK","more nearby plots are associated with higher DGR"
"All",340,"neighbour_density_per_ha",0.0604484686230019,0.0134467135397868,0.00893757763323804,0.00748227304826476,1086.56687034405,683,0.0125553653223284,0.108341571923676,"OK","more nearby plots are associated with higher DGR"
"All",350,"neighbour_density_per_ha",0.0669307867910721,0.00841876097773704,0.0101496825047138,0.00869615780941968,1085.73102562067,683,0.0171992878364799,0.116662285745664,"OK","more nearby plots are associated with higher DGR"
"All",360,"neighbour_density_per_ha",0.0759669287219326,0.00388050417077489,0.0121792930607258,0.0107287487039867,1084.32914989989,683,0.0244915351877412,0.127442322256124,"OK","more nearby plots are associated with higher DGR"
"All",370,"neighbour_density_per_ha",0.0855497074316299,0.00172791583904428,0.0143243480863591,0.0128769535901571,1082.84440111595,683,0.0321553708940144,0.138944043969245,"OK","more nearby plots are associated with higher DGR"
"All",380,"neighbour_density_per_ha",0.092412207642394,0.00101900581253546,0.0157348444816631,0.0142895211989635,1081.8663319283,683,0.0374199869613991,0.147404428323389,"OK","more nearby plots are associated with higher DGR"
"All",390,"neighbour_density_per_ha",0.0991087588191749,0.000580964792645544,0.0172426843143638,0.0157995751870721,1080.81921139711,683,0.042812462247599,0.155405055390751,"OK","more nearby plots are associated with higher DGR"
"All",400,"neighbour_density_per_ha",0.103802520548095,0.000402956577797164,0.0182277371065345,0.0167860744591138,1080.13427275249,683,0.0464841303485609,0.16112091074763,"OK","more nearby plots are associated with higher DGR"
"All",410,"neighbour_density_per_ha",0.112617339736805,0.000171181163239202,0.0205408330056897,0.019102566974861,1078.52319798836,683,0.0541064785510411,0.171128200922568,"OK","more nearby plots are associated with higher DGR"
"All",420,"neighbour_density_per_ha",0.118844993625923,0.000101946277499799,0.021945606297541,0.0205094030762452,1077.54291326155,683,0.0591503053820156,0.178539681869831,"OK","more nearby plots are associated with higher DGR"
"All",430,"neighbour_density_per_ha",0.124406769947474,0.0000585171054660476,0.0234531753880059,0.0220191859245521,1076.48932761623,683,0.0640067879462669,0.184806751948681,"OK","more nearby plots are associated with higher DGR"
"All",440,"neighbour_density_per_ha",0.130796355839224,0.0000347413636211076,0.0248713446173267,0.0234394376343859,1075.49673457089,683,0.0691760207827059,0.192416690895741,"OK","more nearby plots are associated with higher DGR"
"All",450,"neighbour_density_per_ha",0.138550498282606,0.0000172956497873134,0.0267711026603823,0.0253419853368293,1074.16480742764,683,0.0756969869801697,0.201404009585042,"OK","more nearby plots are associated with higher DGR"
"All",460,"neighbour_density_per_ha",0.143552897449463,0.0000126896925097668,0.0276153203357369,0.0261874426857159,1073.57208879608,683,0.079461010460643,0.207644784438283,"OK","more nearby plots are associated with higher DGR"
"All",470,"neighbour_density_per_ha",0.150807033529312,0.00000718446694145194,0.0291671231443706,0.0277415242062566,1072.48123662665,683,0.0853443022120527,0.216269764846572,"OK","more nearby plots are associated with higher DGR"
"All",480,"neighbour_density_per_ha",0.157535806659486,0.00000388942733751111,0.0308421245198607,0.0294189852019751,1071.3018225265,683,0.0910924618569195,0.223979151462052,"OK","more nearby plots are associated with higher DGR"
"All",490,"neighbour_density_per_ha",0.160108337286736,0.00000351735579258364,0.0311166592655598,0.0296939230823962,1071.10832072581,683,0.0928880608708017,0.227328613702671,"OK","more nearby plots are associated with higher DGR"
"All",500,"neighbour_density_per_ha",0.16587794096296,0.00000235061775763016,0.032217191702447,0.0307960715727884,1070.33207569703,683,0.097474046050373,0.234281835875548,"OK","more nearby plots are associated with higher DGR"
"All",10,"proximity_pressure",NA,NA,NA,NA,NA,683,NA,NA,"Skipped: predictor has insufficient variation",NA
"All",20,"proximity_pressure",-0.298508488694787,0.633329885030063,0.000334363081018039,-0.00113357471181441,1092.47027045272,683,-1.52657529455014,0.929558317160568,"OK","more nearby plots are associated with lower DGR"
"All",30,"proximity_pressure",-0.494294680583401,0.401950983420751,0.0010317696354939,-0.000435144065481952,1091.99361617018,683,-1.65151883044087,0.662929469274068,"OK","more nearby plots are associated with lower DGR"
"All",40,"proximity_pressure",-0.22340674151893,0.643309858218048,0.000315070654121683,-0.0011528954682658,1092.48345146039,683,-1.17023443904435,0.723420956006488,"OK","more nearby plots are associated with lower DGR"
"All",50,"proximity_pressure",-0.14270874068889,0.648250189485702,0.000305777301882866,-0.0011622024671305,1092.48980079095,683,-0.756652553843211,0.471235072465431,"OK","more nearby plots are associated with lower DGR"
"All",60,"proximity_pressure",0.0926160369403309,0.725872619920902,0.000180637798770465,-0.00128752572869106,1092.57529186376,683,-0.425813495444147,0.611045569324809,"OK","more nearby plots are associated with higher DGR"
"All",70,"proximity_pressure",0.230720359617408,0.361073498201176,0.00122504740580614,-0.000241582480529079,1091.8614583246,683,-0.264947065275817,0.726387784510634,"OK","more nearby plots are associated with higher DGR"
"All",80,"proximity_pressure",0.304723924044457,0.220726520015499,0.00220130752981963,0.000736111211948609,1091.19352832414,683,-0.183405224611949,0.792853072700864,"OK","more nearby plots are associated with higher DGR"
"All",90,"proximity_pressure",0.321226132919506,0.162985610869259,0.00285602229597802,0.00139178738011303,1090.74522451268,683,-0.130376112343339,0.772828378182351,"OK","more nearby plots are associated with higher DGR"
"All",100,"proximity_pressure",0.445186989887743,0.0297753693650603,0.00691530463599077,0.00545703048714496,1087.9591188553,683,0.0437872981402113,0.846586681635275,"OK","more nearby plots are associated with higher DGR"
"All",110,"proximity_pressure",0.436213882179512,0.0224253241633413,0.00763051267383178,0.00617328875705325,1087.46705299427,683,0.0619254463605738,0.81050231799845,"OK","more nearby plots are associated with higher DGR"
"All",120,"proximity_pressure",0.398153259318038,0.0251839321376416,0.00733693523066946,0.00587928021632389,1087.66907829096,683,0.0497028744972602,0.746603644138815,"OK","more nearby plots are associated with higher DGR"
"All",130,"proximity_pressure",0.365071550076406,0.0281029616487236,0.00706053566895928,0.00560247478154219,1087.8592280305,683,0.0393341433204558,0.690808956832356,"OK","more nearby plots are associated with higher DGR"
"All",140,"proximity_pressure",0.393714227728081,0.0112695383448832,0.00939323364308672,0.00793859815651277,1086.25277850472,683,0.0895057756413294,0.697922679814833,"OK","more nearby plots are associated with higher DGR"
"All",150,"proximity_pressure",0.368094425871684,0.011338998780714,0.00937734940616722,0.0079226905947225,1086.26373022361,683,0.0834383860791706,0.652750465664198,"OK","more nearby plots are associated with higher DGR"
"All",160,"proximity_pressure",0.358212654979812,0.00911374629448795,0.00994346471991422,0.00848963720848972,1085.87330175586,683,0.0892765331712511,0.627148776788372,"OK","more nearby plots are associated with higher DGR"
"All",170,"proximity_pressure",0.351905374214199,0.00771242746511362,0.0103778920472977,0.00892470246146415,1085.5735421253,683,0.0933502771403712,0.610460471288027,"OK","more nearby plots are associated with higher DGR"
"All",180,"proximity_pressure",0.332461709499717,0.00913800935433646,0.00993655863052035,0.00848272097799541,1085.87806597128,683,0.0827710879216945,0.582152331077739,"OK","more nearby plots are associated with higher DGR"
"All",190,"proximity_pressure",0.302089999501566,0.0147082082446322,0.00870703449190072,0.00725139137074338,1086.72573284388,683,0.0595690205650201,0.544610978438111,"OK","more nearby plots are associated with higher DGR"
"All",200,"proximity_pressure",0.301267482590977,0.0130493734653501,0.00901481354074015,0.00755962237119645,1086.51364041696,683,0.063608326855831,0.538926638326123,"OK","more nearby plots are associated with higher DGR"
"All",210,"proximity_pressure",0.296770779489693,0.0132141652962815,0.00898249207884289,0.00752725344753424,1086.53591642954,683,0.0622342665118205,0.531307292467565,"OK","more nearby plots are associated with higher DGR"
"All",220,"proximity_pressure",0.300439035791334,0.0112493936553246,0.00939785908873855,0.00794323039430211,1086.2495893616,683,0.0683585576304636,0.532519513952204,"OK","more nearby plots are associated with higher DGR"
"All",230,"proximity_pressure",0.284816792313611,0.0148910983343194,0.00867530557890539,0.00721961586609909,1086.74759368777,683,0.0557415012034003,0.513892083423822,"OK","more nearby plots are associated with higher DGR"
"All",240,"proximity_pressure",0.26964519440307,0.0193125314425626,0.00801034320256818,0.00655367703987009,1087.20558394008,683,0.0438743905976199,0.495415998208521,"OK","more nearby plots are associated with higher DGR"
"All",250,"proximity_pressure",0.266461316689646,0.0190499328483996,0.00804523150369144,0.00658861657197873,1087.18156239052,683,0.0438445268110477,0.489078106568244,"OK","more nearby plots are associated with higher DGR"
"All",260,"proximity_pressure",0.259416450261312,0.0206474026206125,0.00784023849897687,0.00638332254963614,1087.32269358088,683,0.0398475814160146,0.47898531910661,"OK","more nearby plots are associated with higher DGR"
"All",270,"proximity_pressure",0.248862303811878,0.0244133717200992,0.00741545482028695,0.00595791510636667,1087.61505089461,683,0.0322310768785763,0.465493530745179,"OK","more nearby plots are associated with higher DGR"
"All",280,"proximity_pressure",0.235204961033288,0.0304267547690361,0.00686101950116707,0.00540266563846681,1087.99645276441,683,0.0222909461480557,0.448118975918519,"OK","more nearby plots are associated with higher DGR"
"All",290,"proximity_pressure",0.233916300378144,0.0283671388733588,0.00703700696079709,0.00557891152314771,1087.8754122168,683,0.0248518879900835,0.442980712766204,"OK","more nearby plots are associated with higher DGR"
"All",300,"proximity_pressure",0.233510522763161,0.026929718209651,0.00716787991057972,0.00570997665053652,1087.78538659005,683,0.0267364463306314,0.440284599195691,"OK","more nearby plots are associated with higher DGR"
"All",310,"proximity_pressure",0.23719401673966,0.0232564428990672,0.00753829752601346,0.00608093819785782,1087.53051727912,683,0.0324217888483543,0.441966244630966,"OK","more nearby plots are associated with higher DGR"
"All",320,"proximity_pressure",0.244649800315954,0.0188012016116473,0.00807873762332281,0.00662217189296055,1087.15849171538,683,0.040683321692242,0.448616278939666,"OK","more nearby plots are associated with higher DGR"
"All",330,"proximity_pressure",0.253869758343353,0.0144348420639503,0.00875522320793794,0.00729965084847828,1086.69253005298,683,0.0506270850339499,0.457112431652757,"OK","more nearby plots are associated with higher DGR"
"All",340,"proximity_pressure",0.265061831412262,0.010343979061469,0.00961500717882473,0.00816069735089342,1086.09985376403,683,0.0626567097044927,0.467466953120032,"OK","more nearby plots are associated with higher DGR"
"All",350,"proximity_pressure",0.27419555705796,0.00788797238466376,0.0103192420696709,0.00886596636052217,1085.61401893703,683,0.0721584408711255,0.476232673244794,"OK","more nearby plots are associated with higher DGR"
"All",360,"proximity_pressure",0.287758978480114,0.0052357739235409,0.0113911125631861,0.00993941081951977,1084.87389716525,683,0.0860593255154248,0.489458631444803,"OK","more nearby plots are associated with higher DGR"
"All",370,"proximity_pressure",0.301409131906937,0.00345272500809289,0.0124875868361937,0.0110374951869076,1084.11595583332,683,0.0997418189720341,0.503076444841839,"OK","more nearby plots are associated with higher DGR"
"All",380,"proximity_pressure",0.309176838511997,0.0025980843455788,0.0132402826446975,0.0117912962756,1083.59516515389,683,0.108354918830464,0.50999875819353,"OK","more nearby plots are associated with higher DGR"
"All",390,"proximity_pressure",0.317235408124421,0.00190054809044367,0.0140707948546635,0.0126230280335984,1083.02007207515,683,0.117436877728839,0.517033938520002,"OK","more nearby plots are associated with higher DGR"
"All",400,"proximity_pressure",0.321540017027482,0.00151293132703139,0.014678548727812,0.013231674350026,1082.59892227651,683,0.12332820842201,0.519751825632953,"OK","more nearby plots are associated with higher DGR"
"All",410,"proximity_pressure",0.331915321870252,0.000990088971842052,0.0158119323678174,0.0143667222831887,1081.81283710744,683,0.134890493076368,0.528940150664136,"OK","more nearby plots are associated with higher DGR"
"All",420,"proximity_pressure",0.337842610379841,0.000742268881098044,0.0165843656159216,0.0151402897945059,1081.27657877959,683,0.142102138525132,0.533583082234549,"OK","more nearby plots are associated with higher DGR"
"All",430,"proximity_pressure",0.343471896103469,0.000539885190860427,0.0174399389999885,0.0159971195271544,1080.68210890941,683,0.14949707290024,0.537446719306698,"OK","more nearby plots are associated with higher DGR"
"All",440,"proximity_pressure",0.349483882985896,0.000401294014207851,0.0182388818727603,0.0167972355906352,1080.12651950988,683,0.156563531018137,0.542404234953655,"OK","more nearby plots are associated with higher DGR"
"All",450,"proximity_pressure",0.357413642862697,0.000277253668647672,0.0192366872738331,0.0177965061978769,1079.43200469321,683,0.165398635223861,0.549428650501533,"OK","more nearby plots are associated with higher DGR"
"All",460,"proximity_pressure",0.361794140491655,0.000219602210053179,0.0198667712513733,0.0184275154088642,1078.99307549693,683,0.170594300650409,0.5529939803329,"OK","more nearby plots are associated with higher DGR"
"All",470,"proximity_pressure",0.368068028358539,0.000160547103797467,0.0207145075935181,0.0192764965914527,1078.40207985974,683,0.177656809738151,0.558479246978928,"OK","more nearby plots are associated with higher DGR"
"All",480,"proximity_pressure",0.374801959468129,0.000112274502175842,0.0216838278298199,0.0202472402054877,1077.7256952944,683,0.18538425098838,0.564219667947878,"OK","more nearby plots are associated with higher DGR"
"All",490,"proximity_pressure",0.376623026995617,0.0000939231755481744,0.0221680355434869,0.0207321589436976,1077.3875676557,683,0.188421794010718,0.564824259980515,"OK","more nearby plots are associated with higher DGR"
"All",500,"proximity_pressure",0.380672525607238,0.0000726827790794724,0.0228641268926159,0.0214292724533981,1076.9011858315,683,0.193432459480831,0.567912591733644,"OK","more nearby plots are associated with higher DGR"
"NE",10,"has_neighbour",NA,NA,NA,NA,NA,683,NA,NA,"Skipped: predictor has insufficient variation",NA
"NE",20,"has_neighbour",0.204494681772635,0.0000584249157779818,0.0234574609155611,0.0220234777450994,1076.48633029785,683,0.105220987222083,0.303768376323187,"OK","more nearby plots are associated with higher DGR"
"NE",30,"has_neighbour",0.211833366848964,0.0000400870983259327,0.0244818619719801,0.0230493830615131,1075.76948169375,683,0.111224349992662,0.312442383705267,"OK","more nearby plots are associated with higher DGR"
"NE",40,"has_neighbour",0.20352691612665,0.0000970463549540253,0.0220792621610689,0.0206432552038898,1077.44957163009,683,0.101614174168189,0.305439658085111,"OK","more nearby plots are associated with higher DGR"
"NE",50,"has_neighbour",0.197341934747379,0.000391218357516342,0.0183074327470319,0.0168658871269836,1080.07882778433,683,0.088614161477806,0.306069708016952,"OK","more nearby plots are associated with higher DGR"
"NE",60,"has_neighbour",0.220834703283831,0.000992772666228646,0.0158046830848654,0.0143594623551809,1081.81786789595,683,0.0897167511280217,0.35195265543964,"OK","more nearby plots are associated with higher DGR"
"NE",70,"has_neighbour",0.209857757804652,0.00430304780131123,0.0119069202420089,0.0104559759251837,1084.51744823316,683,0.0660205249932035,0.353694990616101,"OK","more nearby plots are associated with higher DGR"
"NE",80,"has_neighbour",0.230344555135291,0.00340442482793749,0.0125248055758107,0.0110747685795931,1084.09021349543,683,0.0764573060323576,0.384231804238223,"OK","more nearby plots are associated with higher DGR"
"NE",90,"has_neighbour",0.285399837197873,0.000706097088339345,0.016718497650092,0.0152746187920157,1081.18341529471,683,0.12071973955961,0.450079934836136,"OK","more nearby plots are associated with higher DGR"
"NE",100,"has_neighbour",0.336049051458248,0.000164792882406128,0.0206438186785861,0.0192057038748836,1078.45137987165,683,0.161898411487687,0.510199691428809,"OK","more nearby plots are associated with higher DGR"
"NE",110,"has_neighbour",0.373688995462366,0.00011174440391211,0.0216966638908921,0.0202600951154016,1077.71673388962,683,0.18489086920082,0.562487121723913,"OK","more nearby plots are associated with higher DGR"
"NE",120,"has_neighbour",0.437916033963946,0.0000408261872457934,0.0244321557389592,0.022999603838429,1075.80428216637,683,0.229713612707645,0.646118455220247,"OK","more nearby plots are associated with higher DGR"
"NE",130,"has_neighbour",0.462747984020571,0.0000636436261051713,0.0232249393190233,0.021790614707157,1076.64893800815,683,0.236954394841094,0.688541573200047,"OK","more nearby plots are associated with higher DGR"
"NE",140,"has_neighbour",0.638891327993882,0.00000212764628890706,0.0324893617637015,0.0310686412963942,1070.13996823819,683,0.376571353038798,0.901211302948966,"OK","more nearby plots are associated with higher DGR"
"NE",150,"has_neighbour",0.67158984873893,0.00000684298447586254,0.0293000106304737,0.027874606828169,1072.38774127076,683,0.38074603490009,0.96243366257777,"OK","more nearby plots are associated with higher DGR"
"NE",160,"has_neighbour",0.817779939424362,0.000000427835521315499,0.0368702634507723,0.0354559760255898,1067.04031174398,683,0.503303717839162,1.13225616100956,"OK","more nearby plots are associated with higher DGR"
"NE",170,"has_neighbour",0.777446914009604,0.0000046769285628761,0.0303387671729305,0.0289148887106293,1071.65646425063,683,0.446750960890179,1.10814286712903,"OK","more nearby plots are associated with higher DGR"
"NE",180,"has_neighbour",0.777446914009604,0.0000046769285628761,0.0303387671729305,0.0289148887106293,1071.65646425063,683,0.446750960890179,1.10814286712903,"OK","more nearby plots are associated with higher DGR"
"NE",190,"has_neighbour",0.777446914009604,0.0000046769285628761,0.0303387671729305,0.0289148887106293,1071.65646425063,683,0.446750960890179,1.10814286712903,"OK","more nearby plots are associated with higher DGR"
"NE",200,"has_neighbour",0.777446914009604,0.0000046769285628761,0.0303387671729305,0.0289148887106293,1071.65646425063,683,0.446750960890179,1.10814286712903,"OK","more nearby plots are associated with higher DGR"
"NE",210,"has_neighbour",0.763059992366372,0.0000202395202174137,0.0263427524399853,0.0249130061146402,1074.46535217806,683,0.414017546323099,1.11210243840965,"OK","more nearby plots are associated with higher DGR"
"NE",220,"has_neighbour",0.763710995931411,0.0000577179502345009,0.0234905520878406,0.0220566175094086,1076.46318573148,683,0.393228459895236,1.13419353196759,"OK","more nearby plots are associated with higher DGR"
"NE",230,"has_neighbour",0.589289772410643,0.00376947972788302,0.0122558636331874,0.0108054317148808,1084.27620534462,683,0.191250193502822,0.987329351318464,"OK","more nearby plots are associated with higher DGR"
"NE",240,"has_neighbour",0.690375736861729,0.00165482987816893,0.014439505997014,0.0129922806020023,1082.76460057736,683,0.261236643108125,1.11951483061533,"OK","more nearby plots are associated with higher DGR"
"NE",250,"has_neighbour",0.690375736861729,0.00165482987816893,0.014439505997014,0.0129922806020023,1082.76460057736,683,0.261236643108125,1.11951483061533,"OK","more nearby plots are associated with higher DGR"
"NE",260,"has_neighbour",0.769331195540765,0.00135912545722648,0.0149646912506283,0.0135182370527586,1082.40054668441,683,0.299704856953763,1.23895753412777,"OK","more nearby plots are associated with higher DGR"
"NE",270,"has_neighbour",0.905253119222201,0.000737925634013978,0.0166001190372707,0.0151560663486324,1081.26563765502,683,0.381017423835523,1.42948881460888,"OK","more nearby plots are associated with higher DGR"
"NE",280,"has_neighbour",0.905253119222201,0.000737925634013978,0.0166001190372707,0.0151560663486324,1081.26563765502,683,0.381017423835523,1.42948881460888,"OK","more nearby plots are associated with higher DGR"
"NE",290,"has_neighbour",0.905253119222201,0.000737925634013978,0.0166001190372707,0.0151560663486324,1081.26563765502,683,0.381017423835523,1.42948881460888,"OK","more nearby plots are associated with higher DGR"
"NE",300,"has_neighbour",0.905253119222201,0.000737925634013978,0.0166001190372707,0.0151560663486324,1081.26563765502,683,0.381017423835523,1.42948881460888,"OK","more nearby plots are associated with higher DGR"
"NE",310,"has_neighbour",0.905253119222201,0.000737925634013978,0.0166001190372707,0.0151560663486324,1081.26563765502,683,0.381017423835523,1.42948881460888,"OK","more nearby plots are associated with higher DGR"
"NE",320,"has_neighbour",0.905253119222201,0.000737925634013978,0.0166001190372707,0.0151560663486324,1081.26563765502,683,0.381017423835523,1.42948881460888,"OK","more nearby plots are associated with higher DGR"
"NE",330,"has_neighbour",0.905253119222201,0.000737925634013978,0.0166001190372707,0.0151560663486324,1081.26563765502,683,0.381017423835523,1.42948881460888,"OK","more nearby plots are associated with higher DGR"
"NE",340,"has_neighbour",0.905253119222201,0.000737925634013978,0.0166001190372707,0.0151560663486324,1081.26563765502,683,0.381017423835523,1.42948881460888,"OK","more nearby plots are associated with higher DGR"
"NE",350,"has_neighbour",0.905253119222201,0.000737925634013978,0.0166001190372707,0.0151560663486324,1081.26563765502,683,0.381017423835523,1.42948881460888,"OK","more nearby plots are associated with higher DGR"
"NE",360,"has_neighbour",0.905253119222201,0.000737925634013978,0.0166001190372707,0.0151560663486324,1081.26563765502,683,0.381017423835523,1.42948881460888,"OK","more nearby plots are associated with higher DGR"
"NE",370,"has_neighbour",0.905253119222201,0.000737925634013978,0.0166001190372707,0.0151560663486324,1081.26563765502,683,0.381017423835523,1.42948881460888,"OK","more nearby plots are associated with higher DGR"
"NE",380,"has_neighbour",0.905253119222201,0.000737925634013978,0.0166001190372707,0.0151560663486324,1081.26563765502,683,0.381017423835523,1.42948881460888,"OK","more nearby plots are associated with higher DGR"
"NE",390,"has_neighbour",0.905253119222201,0.000737925634013978,0.0166001190372707,0.0151560663486324,1081.26563765502,683,0.381017423835523,1.42948881460888,"OK","more nearby plots are associated with higher DGR"
"NE",400,"has_neighbour",0.905253119222201,0.000737925634013978,0.0166001190372707,0.0151560663486324,1081.26563765502,683,0.381017423835523,1.42948881460888,"OK","more nearby plots are associated with higher DGR"
"NE",410,"has_neighbour",0.905253119222201,0.000737925634013978,0.0166001190372707,0.0151560663486324,1081.26563765502,683,0.381017423835523,1.42948881460888,"OK","more nearby plots are associated with higher DGR"
"NE",420,"has_neighbour",0.905253119222201,0.000737925634013978,0.0166001190372707,0.0151560663486324,1081.26563765502,683,0.381017423835523,1.42948881460888,"OK","more nearby plots are associated with higher DGR"
"NE",430,"has_neighbour",0.905253119222201,0.000737925634013978,0.0166001190372707,0.0151560663486324,1081.26563765502,683,0.381017423835523,1.42948881460888,"OK","more nearby plots are associated with higher DGR"
"NE",440,"has_neighbour",0.905253119222201,0.000737925634013978,0.0166001190372707,0.0151560663486324,1081.26563765502,683,0.381017423835523,1.42948881460888,"OK","more nearby plots are associated with higher DGR"
"NE",450,"has_neighbour",0.905253119222201,0.000737925634013978,0.0166001190372707,0.0151560663486324,1081.26563765502,683,0.381017423835523,1.42948881460888,"OK","more nearby plots are associated with higher DGR"
"NE",460,"has_neighbour",0.905253119222201,0.000737925634013978,0.0166001190372707,0.0151560663486324,1081.26563765502,683,0.381017423835523,1.42948881460888,"OK","more nearby plots are associated with higher DGR"
"NE",470,"has_neighbour",0.905253119222201,0.000737925634013978,0.0166001190372707,0.0151560663486324,1081.26563765502,683,0.381017423835523,1.42948881460888,"OK","more nearby plots are associated with higher DGR"
"NE",480,"has_neighbour",0.905253119222201,0.000737925634013978,0.0166001190372707,0.0151560663486324,1081.26563765502,683,0.381017423835523,1.42948881460888,"OK","more nearby plots are associated with higher DGR"
"NE",490,"has_neighbour",0.905253119222201,0.000737925634013978,0.0166001190372707,0.0151560663486324,1081.26563765502,683,0.381017423835523,1.42948881460888,"OK","more nearby plots are associated with higher DGR"
"NE",500,"has_neighbour",0.905253119222201,0.000737925634013978,0.0166001190372707,0.0151560663486324,1081.26563765502,683,0.381017423835523,1.42948881460888,"OK","more nearby plots are associated with higher DGR"
"NE",10,"n_neighbours",NA,NA,NA,NA,NA,683,NA,NA,"Skipped: predictor has insufficient variation",NA
"NE",20,"n_neighbours",0.204494681772635,0.0000584249157779818,0.0234574609155611,0.0220234777450994,1076.48633029785,683,0.105220987222083,0.303768376323187,"OK","more nearby plots are associated with higher DGR"
"NE",30,"n_neighbours",0.152887565096624,0.000731694195806031,0.0166228850782499,0.0151788658199213,1081.2498257902,683,0.06441143961339,0.241363690579858,"OK","more nearby plots are associated with higher DGR"
"NE",40,"n_neighbours",0.149354632336737,0.00000000629178370779647,0.0483751576141337,0.0469777643066654,1058.83253685206,683,0.0995135493535421,0.199195715319933,"OK","more nearby plots are associated with higher DGR"
"NE",50,"n_neighbours",0.112212971681131,0.00000000759614093433826,0.0478625820941656,0.0464644361060513,1059.20032341438,683,0.0745563025559981,0.149869640806264,"OK","more nearby plots are associated with higher DGR"
"NE",60,"n_neighbours",0.0769787595347212,0.000000250627877390379,0.038330503856889,0.0369183606907464,1066.00400170003,683,0.0479680300739824,0.10598948899546,"OK","more nearby plots are associated with higher DGR"
"NE",70,"n_neighbours",0.0553950655150685,0.000000438925168745292,0.0368003794090307,0.03538598936411,1067.0898679638,683,0.0340719741365435,0.0767181568935935,"OK","more nearby plots are associated with higher DGR"
"NE",80,"n_neighbours",0.0409660635254528,0.000022044419690944,0.0261100115469196,0.0246799234581485,1074.62859549024,683,0.0221415944055203,0.0597905326453853,"OK","more nearby plots are associated with higher DGR"
"NE",90,"n_neighbours",0.0378033245588424,0.000014389979504496,0.0272724698245956,0.0258440887230165,1073.81286349314,683,0.0208165685767781,0.0547900805409067,"OK","more nearby plots are associated with higher DGR"
"NE",100,"n_neighbours",0.0307164309368387,0.0000906542888868568,0.0222641811668321,0.0208284457500434,1077.32040817255,683,0.0154011405571239,0.0460317213165534,"OK","more nearby plots are associated with higher DGR"
"NE",110,"n_neighbours",0.0221063642960635,0.0019459352002756,0.0140079961557105,0.0125601371192284,1083.06357433194,683,0.00815190232339107,0.036060826268736,"OK","more nearby plots are associated with higher DGR"
"NE",120,"n_neighbours",0.0120287480230226,0.046790064407559,0.0057920064864876,0.00433208285430919,1088.73123734808,683,0.000171289413617321,0.023886206632428,"OK","more nearby plots are associated with higher DGR"
"NE",130,"n_neighbours",0.00598250229981074,0.250612306634352,0.00193770380357734,0.00047212040240785,1091.37394303948,683,-0.0042331261176581,0.0161981307172796,"OK","more nearby plots are associated with higher DGR"
"NE",140,"n_neighbours",0.00424619164217059,0.338904298380255,0.00134306706497769,-0.000123389517893147,1091.78074725967,683,-0.00446557004309874,0.0129579533274399,"OK","more nearby plots are associated with higher DGR"
"NE",150,"n_neighbours",0.00304910538136246,0.441879951669846,0.00086868260803074,-0.000598470574630028,1092.10511055506,683,-0.00473126445681634,0.0108294752195413,"OK","more nearby plots are associated with higher DGR"
"NE",160,"n_neighbours",0.00323422996550458,0.359386978442609,0.00123367476631223,-0.00023294245135852,1091.85555858447,683,-0.00368965088433315,0.0101581108153423,"OK","more nearby plots are associated with higher DGR"
"NE",170,"n_neighbours",0.00339286117532956,0.290141470110802,0.00164297562129755,0.00017695943278262,1091.57560343005,683,-0.0028998899184828,0.00968561226914192,"OK","more nearby plots are associated with higher DGR"
"NE",180,"n_neighbours",0.00368347233610279,0.212632515154363,0.0022801457753845,0.000815065225862277,1091.13956087609,683,-0.00211385065862268,0.00948079533082827,"OK","more nearby plots are associated with higher DGR"
"NE",190,"n_neighbours",0.00415773076667781,0.128506000625989,0.00338948013252906,0.00192602856150481,1090.37973145774,683,-0.00120640343791099,0.00952186497126662,"OK","more nearby plots are associated with higher DGR"
"NE",200,"n_neighbours",0.00470874935790713,0.0678649637924668,0.00488723618057825,0.00342598395764226,1089.35251288574,683,-0.000346669488609441,0.0097641682044237,"OK","more nearby plots are associated with higher DGR"
"NE",210,"n_neighbours",0.00473457882442567,0.0514776843482538,0.00555784200245623,0.00409757451640991,1088.89208448674,683,-0.0000304452719082386,0.00949960292075957,"OK","more nearby plots are associated with higher DGR"
"NE",220,"n_neighbours",0.00482673260931346,0.0377188258305927,0.00632474003251128,0.00486559868160452,1088.36516250942,683,0.000274743400645107,0.00937872181798182,"OK","more nearby plots are associated with higher DGR"
"NE",230,"n_neighbours",0.00418946920172483,0.0594812007953405,0.00520578449521056,0.00374500003778799,1089.13384085432,683,-0.000167952774293234,0.0085468911777429,"OK","more nearby plots are associated with higher DGR"
"NE",240,"n_neighbours",0.00326070521486831,0.126826766550492,0.00341944603632342,0.00195603846809478,1090.35919482925,683,-0.000927586759326699,0.00744899718906333,"OK","more nearby plots are associated with higher DGR"
"NE",250,"n_neighbours",0.0027263387521496,0.180712421491322,0.00262953406779735,0.00116496657009946,1090.90034142447,683,-0.0012686517583147,0.0067213292626139,"OK","more nearby plots are associated with higher DGR"
"NE",260,"n_neighbours",0.0021657455964124,0.259539515532023,0.00186631074547452,0.000400622508683668,1091.42279741957,683,-0.00160265360663867,0.00593414479946347,"OK","more nearby plots are associated with higher DGR"
"NE",270,"n_neighbours",0.00177573102376727,0.328278321399559,0.00140338937464251,-0.0000629786292127843,1091.73949046716,683,-0.00178820761864634,0.00533966966618088,"OK","more nearby plots are associated with higher DGR"
"NE",280,"n_neighbours",0.00140263895615234,0.410556059496416,0.000994640449500258,-0.000472327773040959,1092.01900112438,683,-0.00194195831921263,0.00474723623151731,"OK","more nearby plots are associated with higher DGR"
"NE",290,"n_neighbours",0.00123865059165352,0.441204654995563,0.00087125447556632,-0.00059589493049006,1092.10335244003,683,-0.0019173284818217,0.00439462966512873,"OK","more nearby plots are associated with higher DGR"
"NE",300,"n_neighbours",0.00132201289311481,0.389269179388868,0.00108864051407763,-0.00037818967606329,1091.95473213504,683,-0.00169102091464524,0.00433504670087485,"OK","more nearby plots are associated with higher DGR"
"NE",310,"n_neighbours",0.00143560993603541,0.327620491610727,0.00140720900003258,-0.0000591533949747536,1091.73687799171,683,-0.00144177821655997,0.00431299808863078,"OK","more nearby plots are associated with higher DGR"
"NE",320,"n_neighbours",0.00147952878031764,0.29608885082753,0.00160301463681092,0.000136939768436206,1091.60294115144,683,-0.00129860649288637,0.00425766405352165,"OK","more nearby plots are associated with higher DGR"
"NE",330,"n_neighbours",0.00158263309097369,0.248449107668723,0.00195547420373411,0.000489916897131626,1091.36178218399,683,-0.00110751531613407,0.00427278149808145,"OK","more nearby plots are associated with higher DGR"
"NE",340,"n_neighbours",0.00142185937156742,0.284384012916965,0.00168266622914686,0.000216708323462766,1091.54844959291,683,-0.00118392842475808,0.00402764716789292,"OK","more nearby plots are associated with higher DGR"
"NE",350,"n_neighbours",0.00129596201214738,0.315565939306394,0.00147904555114817,0.0000127886430001389,1091.68774271883,683,-0.00123757453047912,0.00382949855477388,"OK","more nearby plots are associated with higher DGR"
"NE",360,"n_neighbours",0.00122722383373638,0.328775899998417,0.0014005069642519,-0.0000658652722176356,1091.74146191733,683,-0.00123838342366147,0.00369283109113423,"OK","more nearby plots are associated with higher DGR"
"NE",370,"n_neighbours",0.00115704200164782,0.344993922506472,0.001309626849008,-0.00015687883843829,1091.80361726073,683,-0.00124697677627515,0.0035610607795708,"OK","more nearby plots are associated with higher DGR"
"NE",380,"n_neighbours",0.000900858938075842,0.451761163789604,0.000831732090599893,-0.00063547535126407,1092.13036923358,683,-0.0014484031150184,0.00325012099117009,"OK","more nearby plots are associated with higher DGR"
"NE",390,"n_neighbours",0.000758010975881681,0.515037350709318,0.000622611823532057,-0.000844902696550909,1092.27330231344,683,-0.00152694931013454,0.0030429712618979,"OK","more nearby plots are associated with higher DGR"
"NE",400,"n_neighbours",0.000600568863603965,0.592541824660787,0.000420766873969493,-0.00104704404104661,1092.41123437214,683,-0.00160183894717844,0.00280297667438637,"OK","more nearby plots are associated with higher DGR"
"NE",410,"n_neighbours",0.000626920036626446,0.561946269604145,0.000494140115194336,-0.000973563056442694,1092.36109751308,683,-0.00149450090144456,0.00274834097469745,"OK","more nearby plots are associated with higher DGR"
"NE",420,"n_neighbours",0.000731326212138971,0.483011540409504,0.00072281870071122,-0.000744548672709122,1092.20481494377,683,-0.00131458376003806,0.002777236184316,"OK","more nearby plots are associated with higher DGR"
"NE",430,"n_neighbours",0.000850051504790142,0.397139524354376,0.0010530381249948,-0.000413844344718806,1091.97907463369,683,-0.00111983630470218,0.00281993931428246,"OK","more nearby plots are associated with higher DGR"
"NE",440,"n_neighbours",0.00100762391216743,0.301044422862729,0.00157049437114122,0.000104371749072407,1091.62518779286,683,-0.000903927843053984,0.00291917566738884,"OK","more nearby plots are associated with higher DGR"
"NE",450,"n_neighbours",0.00115381905864361,0.223881447700243,0.00217150542045965,0.000706265340313483,1091.2139277663,683,-0.000707120571850016,0.00301475868913724,"OK","more nearby plots are associated with higher DGR"
"NE",460,"n_neighbours",0.0012274710679307,0.182974832158002,0.00260247711257418,0.0011378698836646,1090.91886979521,683,-0.000580531454462705,0.0030354735903241,"OK","more nearby plots are associated with higher DGR"
"NE",470,"n_neighbours",0.00127401491200088,0.156928781978695,0.00293993635075866,0.00147582465670681,1090.68774463774,683,-0.000491263834111191,0.00303929365811296,"OK","more nearby plots are associated with higher DGR"
"NE",480,"n_neighbours",0.00130570343078164,0.137619419553144,0.00323410749220572,0.00177042776752467,1090.48620358502,683,-0.000418986345008056,0.00303039320657133,"OK","more nearby plots are associated with higher DGR"
"NE",490,"n_neighbours",0.00122211816550291,0.153446834467028,0.0029898582665899,0.00152581987931621,1090.65354657548,683,-0.000457013575640963,0.00290124990664679,"OK","more nearby plots are associated with higher DGR"
"NE",500,"n_neighbours",0.00118835147839573,0.156376791696555,0.00294776623186387,0.00148366603543493,1090.68238103931,683,-0.000456037021561457,0.00283273997835291,"OK","more nearby plots are associated with higher DGR"
"NE",10,"nearest_distance_m",NA,NA,NA,NA,NA,0,NA,NA,"Skipped: sample size < 10",NA
"NE",20,"nearest_distance_m",0.0122632278178296,0.540322178808079,0.000690899998824927,-0.00114944825163787,846.686143676155,545,-0.0270523259286452,0.0515787815643044,"OK","more spacing to the nearest plot is associated with higher DGR"
"NE",30,"nearest_distance_m",0.0100637375324398,0.594533752852808,0.000517344306002357,-0.00130652915329343,854.438260667346,550,-0.02705345804729,0.0471809331121697,"OK","more spacing to the nearest plot is associated with higher DGR"
"NE",40,"nearest_distance_m",-0.00834132367803722,0.433950143908344,0.0011094978137075,-0.000700086429383573,862.335870138702,554,-0.0292661819212976,0.0125835345652232,"OK","closer nearest plots are associated with higher DGR"
"NE",50,"nearest_distance_m",-0.00670606754647379,0.0661609348305558,0.00589976726856683,0.0041587861254293,885.843203861361,573,-0.0138611910944955,0.000449056001547913,"OK","closer nearest plots are associated with higher DGR"
"NE",60,"nearest_distance_m",-0.00487960666021463,0.0147392456708288,0.0097103255208993,0.00808689982503197,944.443532376273,612,-0.00879788041270494,-0.00096133290772431,"OK","closer nearest plots are associated with higher DGR"
"NE",70,"nearest_distance_m",-0.00507257860896057,0.00262465239825717,0.014435496234873,0.0128535307392628,958.936376298517,625,-0.00837022482494204,-0.00177493239297909,"OK","closer nearest plots are associated with higher DGR"
"NE",80,"nearest_distance_m",-0.00439850339105139,0.00370843660503986,0.013267776634266,0.0117040171677593,970.577936092266,633,-0.00736383143348765,-0.00143317534861514,"OK","closer nearest plots are associated with higher DGR"
"NE",90,"nearest_distance_m",-0.00324298540961542,0.0173976598007447,0.00883260868607842,0.00727905478119772,982.997356453064,640,-0.00591375498088318,-0.000572215838347671,"OK","closer nearest plots are associated with higher DGR"
"NE",100,"nearest_distance_m",-0.00254063257368584,0.0441455943244278,0.00628519465175461,0.00473975949569194,994.023726505086,645,-0.00501448749819337,-0.0000667776491783175,"OK","closer nearest plots are associated with higher DGR"
"NE",110,"nearest_distance_m",-0.00235719791474573,0.0385229282783466,0.00658084053113351,0.00505014845182861,1000.68911721764,651,-0.00458952613084424,-0.000124869698647218,"OK","closer nearest plots are associated with higher DGR"
"NE",120,"nearest_distance_m",-0.00208782476810237,0.042105523686157,0.00629174238593131,0.00477463054224569,1011.85966977459,657,-0.00410094035964298,-0.0000747091765617505,"OK","closer nearest plots are associated with higher DGR"
"NE",130,"nearest_distance_m",-0.00220167923836302,0.0211617154541024,0.00803650916838248,0.00653125349185502,1015.50040582781,661,-0.00407267117407584,-0.000330687302650191,"OK","closer nearest plots are associated with higher DGR"
"NE",140,"nearest_distance_m",-0.00175628864109254,0.0417404482825709,0.00621939763799109,0.00472499071714583,1037.28787993416,667,-0.00344671170588526,-0.0000658655762998189,"OK","closer nearest plots are associated with higher DGR"
"NE",150,"nearest_distance_m",-0.00199611205113524,0.014700493268024,0.00887722797829998,0.00739351125371657,1041.72102589815,670,-0.00359846216005774,-0.000393761942212745,"OK","closer nearest plots are associated with higher DGR"
"NE",160,"nearest_distance_m",-0.00178485345832382,0.0236211463478087,0.00762164067823935,0.00614047894790826,1045.02541946288,672,-0.00332979804249897,-0.000239908874148668,"OK","closer nearest plots are associated with higher DGR"
"NE",170,"nearest_distance_m",-0.0020714960793215,0.00741915523602686,0.010634432080138,0.00915996774642724,1048.73261612924,673,-0.00358602044406297,-0.000556971714580033,"OK","closer nearest plots are associated with higher DGR"
"NE",180,"nearest_distance_m",-0.0020714960793215,0.00741915523602686,0.010634432080138,0.00915996774642724,1048.73261612924,673,-0.00358602044406297,-0.000556971714580033,"OK","closer nearest plots are associated with higher DGR"
"NE",190,"nearest_distance_m",-0.0020714960793215,0.00741915523602686,0.010634432080138,0.00915996774642724,1048.73261612924,673,-0.00358602044406297,-0.000556971714580033,"OK","closer nearest plots are associated with higher DGR"
"NE",200,"nearest_distance_m",-0.0020714960793215,0.00741915523602686,0.010634432080138,0.00915996774642724,1048.73261612924,673,-0.00358602044406297,-0.000556971714580033,"OK","closer nearest plots are associated with higher DGR"
"NE",210,"nearest_distance_m",-0.00225964181496897,0.00257217359818187,0.0134434737349092,0.0119753836660622,1050.23332011243,674,-0.00372583500397277,-0.000793448625965166,"OK","closer nearest plots are associated with higher DGR"
"NE",220,"nearest_distance_m",-0.00237337277902074,0.00103717414605713,0.0158726591611921,0.0144103599920408,1051.12240538055,675,-0.00378782753408432,-0.000958918023957164,"OK","closer nearest plots are associated with higher DGR"
"NE",230,"nearest_distance_m",-0.00288689948015209,0.0000410746423217255,0.0246662553959664,0.0232191726888387,1059.25231158032,676,-0.00425985161913097,-0.00151394734117321,"OK","closer nearest plots are associated with higher DGR"
"NE",240,"nearest_distance_m",-0.00268848057824448,0.0000765589438380919,0.0229228063941704,0.0214752846258656,1061.01974526939,677,-0.00401499835827345,-0.00136196279821551,"OK","closer nearest plots are associated with higher DGR"
"NE",250,"nearest_distance_m",-0.00268848057824448,0.0000765589438380919,0.0229228063941704,0.0214752846258656,1061.01974526939,677,-0.00401499835827345,-0.00136196279821551,"OK","closer nearest plots are associated with higher DGR"
"NE",260,"nearest_distance_m",-0.00257811608103148,0.0000771804742901124,0.0228671457384199,0.0214216829362578,1061.9183715385,678,-0.00385081685249071,-0.00130541530957224,"OK","closer nearest plots are associated with higher DGR"
"NE",270,"nearest_distance_m",-0.00245224318382818,0.0000899027003815077,0.0224170672348389,0.0209730747196761,1062.96462595116,679,-0.0036742730462249,-0.00123021332143146,"OK","closer nearest plots are associated with higher DGR"
"NE",280,"nearest_distance_m",-0.00245224318382818,0.0000899027003815077,0.0224170672348389,0.0209730747196761,1062.96462595116,679,-0.0036742730462249,-0.00123021332143146,"OK","closer nearest plots are associated with higher DGR"
"NE",290,"nearest_distance_m",-0.00245224318382818,0.0000899027003815077,0.0224170672348389,0.0209730747196761,1062.96462595116,679,-0.0036742730462249,-0.00123021332143146,"OK","closer nearest plots are associated with higher DGR"
"NE",300,"nearest_distance_m",-0.00245224318382818,0.0000899027003815077,0.0224170672348389,0.0209730747196761,1062.96462595116,679,-0.0036742730462249,-0.00123021332143146,"OK","closer nearest plots are associated with higher DGR"
"NE",310,"nearest_distance_m",-0.00245224318382818,0.0000899027003815077,0.0224170672348389,0.0209730747196761,1062.96462595116,679,-0.0036742730462249,-0.00123021332143146,"OK","closer nearest plots are associated with higher DGR"
"NE",320,"nearest_distance_m",-0.00245224318382818,0.0000899027003815077,0.0224170672348389,0.0209730747196761,1062.96462595116,679,-0.0036742730462249,-0.00123021332143146,"OK","closer nearest plots are associated with higher DGR"
"NE",330,"nearest_distance_m",-0.00245224318382818,0.0000899027003815077,0.0224170672348389,0.0209730747196761,1062.96462595116,679,-0.0036742730462249,-0.00123021332143146,"OK","closer nearest plots are associated with higher DGR"
"NE",340,"nearest_distance_m",-0.00245224318382818,0.0000899027003815077,0.0224170672348389,0.0209730747196761,1062.96462595116,679,-0.0036742730462249,-0.00123021332143146,"OK","closer nearest plots are associated with higher DGR"
"NE",350,"nearest_distance_m",-0.00245224318382818,0.0000899027003815077,0.0224170672348389,0.0209730747196761,1062.96462595116,679,-0.0036742730462249,-0.00123021332143146,"OK","closer nearest plots are associated with higher DGR"
"NE",360,"nearest_distance_m",-0.00245224318382818,0.0000899027003815077,0.0224170672348389,0.0209730747196761,1062.96462595116,679,-0.0036742730462249,-0.00123021332143146,"OK","closer nearest plots are associated with higher DGR"
"NE",370,"nearest_distance_m",-0.00245224318382818,0.0000899027003815077,0.0224170672348389,0.0209730747196761,1062.96462595116,679,-0.0036742730462249,-0.00123021332143146,"OK","closer nearest plots are associated with higher DGR"
"NE",380,"nearest_distance_m",-0.00245224318382818,0.0000899027003815077,0.0224170672348389,0.0209730747196761,1062.96462595116,679,-0.0036742730462249,-0.00123021332143146,"OK","closer nearest plots are associated with higher DGR"
"NE",390,"nearest_distance_m",-0.00245224318382818,0.0000899027003815077,0.0224170672348389,0.0209730747196761,1062.96462595116,679,-0.0036742730462249,-0.00123021332143146,"OK","closer nearest plots are associated with higher DGR"
"NE",400,"nearest_distance_m",-0.00245224318382818,0.0000899027003815077,0.0224170672348389,0.0209730747196761,1062.96462595116,679,-0.0036742730462249,-0.00123021332143146,"OK","closer nearest plots are associated with higher DGR"
"NE",410,"nearest_distance_m",-0.00245224318382818,0.0000899027003815077,0.0224170672348389,0.0209730747196761,1062.96462595116,679,-0.0036742730462249,-0.00123021332143146,"OK","closer nearest plots are associated with higher DGR"
"NE",420,"nearest_distance_m",-0.00245224318382818,0.0000899027003815077,0.0224170672348389,0.0209730747196761,1062.96462595116,679,-0.0036742730462249,-0.00123021332143146,"OK","closer nearest plots are associated with higher DGR"
"NE",430,"nearest_distance_m",-0.00245224318382818,0.0000899027003815077,0.0224170672348389,0.0209730747196761,1062.96462595116,679,-0.0036742730462249,-0.00123021332143146,"OK","closer nearest plots are associated with higher DGR"
"NE",440,"nearest_distance_m",-0.00245224318382818,0.0000899027003815077,0.0224170672348389,0.0209730747196761,1062.96462595116,679,-0.0036742730462249,-0.00123021332143146,"OK","closer nearest plots are associated with higher DGR"
"NE",450,"nearest_distance_m",-0.00245224318382818,0.0000899027003815077,0.0224170672348389,0.0209730747196761,1062.96462595116,679,-0.0036742730462249,-0.00123021332143146,"OK","closer nearest plots are associated with higher DGR"
"NE",460,"nearest_distance_m",-0.00245224318382818,0.0000899027003815077,0.0224170672348389,0.0209730747196761,1062.96462595116,679,-0.0036742730462249,-0.00123021332143146,"OK","closer nearest plots are associated with higher DGR"
"NE",470,"nearest_distance_m",-0.00245224318382818,0.0000899027003815077,0.0224170672348389,0.0209730747196761,1062.96462595116,679,-0.0036742730462249,-0.00123021332143146,"OK","closer nearest plots are associated with higher DGR"
"NE",480,"nearest_distance_m",-0.00245224318382818,0.0000899027003815077,0.0224170672348389,0.0209730747196761,1062.96462595116,679,-0.0036742730462249,-0.00123021332143146,"OK","closer nearest plots are associated with higher DGR"
"NE",490,"nearest_distance_m",-0.00245224318382818,0.0000899027003815077,0.0224170672348389,0.0209730747196761,1062.96462595116,679,-0.0036742730462249,-0.00123021332143146,"OK","closer nearest plots are associated with higher DGR"
"NE",500,"nearest_distance_m",-0.00245224318382818,0.0000899027003815077,0.0224170672348389,0.0209730747196761,1062.96462595116,679,-0.0036742730462249,-0.00123021332143146,"OK","closer nearest plots are associated with higher DGR"
"NE",10,"neighbour_density_per_ha",NA,NA,NA,NA,NA,683,NA,NA,"Skipped: predictor has insufficient variation",NA
"NE",20,"neighbour_density_per_ha",0.00642438989955092,0.0000584249157779826,0.0234574609155611,0.0220234777450994,1076.48633029785,683,0.0033056148046036,0.00954316499449824,"OK","more nearby plots are associated with higher DGR"
"NE",30,"neighbour_density_per_ha",0.0108069851549878,0.000731694195805969,0.01662288507825,0.0151788658199213,1081.2498257902,683,0.00455297637367289,0.0170609939363026,"OK","more nearby plots are associated with higher DGR"
"NE",40,"neighbour_density_per_ha",0.0187684566291481,0.00000000629178370779588,0.0483751576141336,0.0469777643066653,1058.83253685206,683,0.0125052414232694,0.0250316718350267,"OK","more nearby plots are associated with higher DGR"
"NE",50,"neighbour_density_per_ha",0.0220329654669326,0.00000000759614093433792,0.0478625820941656,0.0464644361060513,1059.20032341438,683,0.0146390957742964,0.0294268351595688,"OK","more nearby plots are associated with higher DGR"
"NE",60,"neighbour_density_per_ha",0.0217652314893062,0.000000250627877390374,0.038330503856889,0.0369183606907465,1066.00400170003,683,0.0135626409798838,0.0299678219987287,"OK","more nearby plots are associated with higher DGR"
"NE",70,"neighbour_density_per_ha",0.0213185195312399,0.000000438925168745309,0.0368003794090306,0.0353859893641099,1067.0898679638,683,0.0131124322959816,0.0295246067664981,"OK","more nearby plots are associated with higher DGR"
"NE",80,"neighbour_density_per_ha",0.0205917894748888,0.000022044419690944,0.0261100115469196,0.0246799234581485,1074.62859549024,683,0.0111295792517036,0.0300539996980741,"OK","more nearby plots are associated with higher DGR"
"NE",90,"neighbour_density_per_ha",0.0240494359598543,0.000014389979504496,0.0272724698245955,0.0258440887230164,1073.81286349314,683,0.0132429287300352,0.0348559431896733,"OK","more nearby plots are associated with higher DGR"
"NE",100,"neighbour_density_per_ha",0.0241246284439176,0.0000906542888868591,0.0222641811668321,0.0208284457500434,1077.32040817255,683,0.012096027507791,0.0361532293800441,"OK","more nearby plots are associated with higher DGR"
"NE",110,"neighbour_density_per_ha",0.0210083804802032,0.00194593520027559,0.0140079961557105,0.0125601371192284,1083.06357433194,683,0.00774701182671398,0.0342697491336923,"OK","more nearby plots are associated with higher DGR"
"NE",120,"neighbour_density_per_ha",0.0136041935115638,0.0467900644075591,0.00579200648648759,0.00433208285430919,1088.73123734808,683,0.000193723762844825,0.0270146632602829,"OK","more nearby plots are associated with higher DGR"
"NE",130,"neighbour_density_per_ha",0.00794071227875912,0.250612306634351,0.00193770380357734,0.00047212040240785,1091.37394303948,683,-0.00561872521822296,0.0215001497757412,"OK","more nearby plots are associated with higher DGR"
"NE",140,"neighbour_density_per_ha",0.00653650418970096,0.338904298380256,0.00134306706497769,-0.000123389517893147,1091.78074725967,683,-0.00687421100032993,0.0199472193797318,"OK","more nearby plots are associated with higher DGR"
"NE",150,"neighbour_density_per_ha",0.00538821397468656,0.441879951669846,0.000868682608030746,-0.000598470574630028,1092.10511055506,683,-0.00836083443359518,0.0191372623829683,"OK","more nearby plots are associated with higher DGR"
"NE",160,"neighbour_density_per_ha",0.00650280518377548,0.359386978442609,0.00123367476631222,-0.00023294245135852,1091.85555858447,683,-0.00741848327202053,0.0204240936395715,"OK","more nearby plots are associated with higher DGR"
"NE",170,"neighbour_density_per_ha",0.0077011186443647,0.290141470110803,0.00164297562129756,0.00017695943278262,1091.57560343005,683,-0.00658217214433009,0.0219844094330595,"OK","more nearby plots are associated with higher DGR"
"NE",180,"neighbour_density_per_ha",0.00937329540094947,0.212632515154361,0.0022801457753845,0.000815065225862277,1091.13956087609,683,-0.00537909473693108,0.02412568553883,"OK","more nearby plots are associated with higher DGR"
"NE",190,"neighbour_density_per_ha",0.0117883615300599,0.128506000625988,0.00338948013252906,0.00192602856150481,1090.37973145774,683,-0.00342050043047049,0.0269972234905902,"OK","more nearby plots are associated with higher DGR"
"NE",200,"neighbour_density_per_ha",0.0147929723903966,0.0678649637924671,0.00488723618057824,0.00342598395764226,1089.35251288574,683,-0.00108909431863916,0.0306750390994324,"OK","more nearby plots are associated with higher DGR"
"NE",210,"neighbour_density_per_ha",0.0163987151530549,0.0514776843482534,0.00555784200245621,0.00409757451640991,1088.89208448674,683,-0.000105450423426197,0.032902880729536,"OK","more nearby plots are associated with higher DGR"
"NE",220,"neighbour_density_per_ha",0.0183479895245764,0.0377188258305927,0.00632474003251125,0.00486559868160452,1088.36516250942,683,0.00104438953739762,0.0356515895117551,"OK","more nearby plots are associated with higher DGR"
"NE",230,"neighbour_density_per_ha",0.0174062234940513,0.0594812007953405,0.00520578449521056,0.00374500003778799,1089.13384085432,683,-0.000697802844472614,0.0355102498325752,"OK","more nearby plots are associated with higher DGR"
"NE",240,"neighbour_density_per_ha",0.0147510828699152,0.126826766550493,0.00341944603632342,0.00195603846809478,1090.35919482925,683,-0.00419630363808183,0.0336984693779122,"OK","more nearby plots are associated with higher DGR"
"NE",250,"neighbour_density_per_ha",0.0133828840546099,0.180712421491322,0.00262953406779735,0.00116496657009946,1090.90034142447,683,-0.00622747975607066,0.0329932478652906,"OK","more nearby plots are associated with higher DGR"
"NE",260,"neighbour_density_per_ha",0.0114985748693448,0.259539515532024,0.00186631074547452,0.000400622508683668,1091.42279741957,683,-0.00850895530670227,0.0315061050453919,"OK","more nearby plots are associated with higher DGR"
"NE",270,"neighbour_density_per_ha",0.0101670413998617,0.328278321399559,0.0014033893746425,-0.0000629786292127843,1091.73949046716,683,-0.01023847680025,0.0305725595999733,"OK","more nearby plots are associated with higher DGR"
"NE",280,"neighbour_density_per_ha",0.00863677967096262,0.410556059496416,0.000994640449500235,-0.000472327773040959,1092.01900112438,683,-0.0119576502988633,0.0292312096407886,"OK","more nearby plots are associated with higher DGR"
"NE",290,"neighbour_density_per_ha",0.00818153309711479,0.441204654995561,0.000871254475566315,-0.00059589493049006,1092.10335244003,683,-0.0126643353160025,0.0290274015102321,"OK","more nearby plots are associated with higher DGR"
"NE",300,"neighbour_density_per_ha",0.00934475848416109,0.389269179388866,0.00108864051407764,-0.00037818967606329,1091.95473213504,683,-0.0119531224856613,0.0306426394539835,"OK","more nearby plots are associated with higher DGR"
"NE",310,"neighbour_density_per_ha",0.0108355191623977,0.327620491610724,0.0014072090000326,-0.0000591533949747536,1091.73687799171,683,-0.0108820753474345,0.0325531136722298,"OK","more nearby plots are associated with higher DGR"
"NE",320,"neighbour_density_per_ha",0.0118990764723727,0.296088850827529,0.00160301463681092,0.000136939768436206,1091.60294115144,683,-0.0104440131019668,0.0342421660467122,"OK","more nearby plots are associated with higher DGR"
"NE",330,"neighbour_density_per_ha",0.0135362386692823,0.248449107668724,0.0019554742037341,0.000489916897131626,1091.36178218399,683,-0.0094725629930138,0.0365450403315783,"OK","more nearby plots are associated with higher DGR"
"NE",340,"neighbour_density_per_ha",0.012909349543285,0.284384012916967,0.00168266622914686,0.000216708323462766,1091.54844959291,683,-0.0107491262322128,0.0365678253187829,"OK","more nearby plots are associated with higher DGR"
"NE",350,"neighbour_density_per_ha",0.0124686157561243,0.315565939306394,0.00147904555114817,0.0000127886430001389,1091.68774271883,683,-0.0119068623504955,0.0368440938627441,"OK","more nearby plots are associated with higher DGR"
"NE",360,"neighbour_density_per_ha",0.0124916171124199,0.328775899998418,0.0014005069642519,-0.0000658652722176356,1091.74146191733,683,-0.0126052079021713,0.0375884421270111,"OK","more nearby plots are associated with higher DGR"
"NE",370,"neighbour_density_per_ha",0.0124406322973996,0.344993922506472,0.00130962684900801,-0.00015687883843829,1091.80361726073,683,-0.0134076200647363,0.0382888846595356,"OK","more nearby plots are associated with higher DGR"
"NE",380,"neighbour_density_per_ha",0.010216775876625,0.451761163789603,0.000831732090599891,-0.00063547535126407,1092.13036923358,683,-0.016426556233938,0.0368601079871879,"OK","more nearby plots are associated with higher DGR"
"NE",390,"neighbour_density_per_ha",0.00905512791433018,0.515037350709317,0.000622611823532059,-0.000844902696550909,1092.27330231344,683,-0.0182407930253039,0.0363510488539643,"OK","more nearby plots are associated with higher DGR"
"NE",400,"neighbour_density_per_ha",0.007546970919492,0.592541824660785,0.000420766873969492,-0.00104704404104661,1092.41123437214,683,-0.0201293018747591,0.0352232437137431,"OK","more nearby plots are associated with higher DGR"
"NE",410,"neighbour_density_per_ha",0.00827693882055997,0.561946269604144,0.00049414011519434,-0.000973563056442694,1092.36109751308,683,-0.0197312126042304,0.0362850902453503,"OK","more nearby plots are associated with higher DGR"
"NE",420,"neighbour_density_per_ha",0.0101321031344615,0.483011540409504,0.000722818700711223,-0.000744548672709122,1092.20481494377,683,-0.0182128002723123,0.0384770065412353,"OK","more nearby plots are associated with higher DGR"
"NE",430,"neighbour_density_per_ha",0.0123444581882187,0.397139524354374,0.0010530381249948,-0.000413844344718806,1091.97907463369,683,-0.016262276301079,0.0409511926775164,"OK","more nearby plots are associated with higher DGR"
"NE",440,"neighbour_density_per_ha",0.0153212323794255,0.301044422862729,0.00157049437114123,0.000104371749072407,1091.62518779286,683,-0.0137445016641901,0.0443869664230411,"OK","more nearby plots are associated with higher DGR"
"NE",450,"neighbour_density_per_ha",0.0183506992334213,0.223881447700242,0.00217150542045964,0.000706265340313483,1091.2139277663,683,-0.011246266768239,0.0479476652350815,"OK","more nearby plots are associated with higher DGR"
"NE",460,"neighbour_density_per_ha",0.020399372533482,0.182974832158001,0.00260247711257418,0.0011378698836646,1090.91886979521,683,-0.0096478668348193,0.0504466119017833,"OK","more nearby plots are associated with higher DGR"
"NE",470,"neighbour_density_per_ha",0.0221034521920643,0.156928781978695,0.00293993635075867,0.00147582465670681,1090.68774463774,683,-0.0085231550813743,0.052730059465503,"OK","more nearby plots are associated with higher DGR"
"NE",480,"neighbour_density_per_ha",0.0236274526420449,0.137619419553145,0.00323410749220572,0.00177042776752467,1090.48620358502,683,-0.00758179827896691,0.0548367035630567,"OK","more nearby plots are associated with higher DGR"
"NE",490,"neighbour_density_per_ha",0.023045983197002,0.153446834467027,0.00298985826658989,0.00152581987931621,1090.65354657548,683,-0.00861809232717623,0.0547100587211801,"OK","more nearby plots are associated with higher DGR"
"NE",500,"neighbour_density_per_ha",0.0233332267150662,0.156376791696553,0.00294776623186388,0.00148366603543493,1090.68238103931,683,-0.00895426597939018,0.0556207194095227,"OK","more nearby plots are associated with higher DGR"
"NE",10,"proximity_pressure",NA,NA,NA,NA,NA,683,NA,NA,"Skipped: predictor has insufficient variation",NA
"NE",20,"proximity_pressure",3.20420918692621,0.0001086062905695,0.0217739265640445,0.0203374712432869,1077.66279101962,683,1.58829168102391,4.82012669282852,"OK","more nearby plots are associated with higher DGR"
"NE",30,"proximity_pressure",2.80539960104844,0.000355955465109588,0.0185621722803738,0.0171210007271878,1079.90157302561,683,1.27057478602508,4.3402244160718,"OK","more nearby plots are associated with higher DGR"
"NE",40,"proximity_pressure",2.98726326128682,0.000000201465496166068,0.0389266250357932,0.0375153572311467,1065.58049132394,683,1.87046307097855,4.10406345159508,"OK","more nearby plots are associated with higher DGR"
"NE",50,"proximity_pressure",2.73984621892599,0.0000000803353501040567,0.0414357771184452,0.0400281938249333,1063.79499613426,683,1.74833841777636,3.73135402007563,"OK","more nearby plots are associated with higher DGR"
"NE",60,"proximity_pressure",2.43199866113403,0.000000133190966846354,0.0400562203040944,0.0386466112296511,1064.77725679238,683,1.53622491067454,3.32777241159352,"OK","more nearby plots are associated with higher DGR"
"NE",70,"proximity_pressure",2.20331296383109,0.0000000701125143182074,0.0418070793738391,0.0404000413112456,1063.53038311903,683,1.40967060613799,2.9969553215242,"OK","more nearby plots are associated with higher DGR"
"NE",80,"proximity_pressure",2.04202082058967,0.000000293404849904994,0.0379002407860773,0.0364874658092581,1066.30951618047,683,1.26792215519769,2.81611948598164,"OK","more nearby plots are associated with higher DGR"
"NE",90,"proximity_pressure",2.11155666890002,0.0000000846216061161008,0.0412939653664917,0.0398861738325218,1063.89603293529,683,1.34604950094895,2.87706383685108,"OK","more nearby plots are associated with higher DGR"
"NE",100,"proximity_pressure",2.06181679292691,0.000000117752024090212,0.0403924523607531,0.038983337019139,1064.53798577755,683,1.30569131191976,2.81794227393406,"OK","more nearby plots are associated with higher DGR"
"NE",110,"proximity_pressure",1.97649623155292,0.000000403854305931783,0.0370277921982057,0.0356137360927699,1066.92859166078,683,1.21811767832292,2.73487478478291,"OK","more nearby plots are associated with higher DGR"
"NE",120,"proximity_pressure",1.73414363454147,0.00000501009202072592,0.0301509257970994,0.0287267715031156,1071.78876121201,683,0.994139915544908,2.47414735353803,"OK","more nearby plots are associated with higher DGR"
"NE",130,"proximity_pressure",1.49384472100081,0.0000463155890418648,0.024088979970008,0.0226559241403017,1076.04449901617,683,0.778445526357566,2.20924391564405,"OK","more nearby plots are associated with higher DGR"
"NE",140,"proximity_pressure",1.34477039793806,0.000116004691471151,0.0215951873935952,0.0201584696070953,1077.78757577553,683,0.663725056517857,2.02581573935826,"OK","more nearby plots are associated with higher DGR"
"NE",150,"proximity_pressure",1.20835433072316,0.000288322046228038,0.0191309563877607,0.0176906200535284,1079.50563132872,683,0.557357970086985,1.85935069135933,"OK","more nearby plots are associated with higher DGR"
"NE",160,"proximity_pressure",1.12629953578878,0.000359291067129138,0.0185370124626581,0.0170958039640716,1079.9190819648,683,0.509678861623069,1.74292020995448,"OK","more nearby plots are associated with higher DGR"
"NE",170,"proximity_pressure",1.0575411080802,0.000430117565663171,0.0180519418428432,0.0166100210525977,1080.25655917396,683,0.47069174526399,1.64439047089642,"OK","more nearby plots are associated with higher DGR"
"NE",180,"proximity_pressure",1.01750213319176,0.000414598759610503,0.0181509679252551,0.016709192547759,1080.18767750113,683,0.454441873494374,1.58056239288914,"OK","more nearby plots are associated with higher DGR"
"NE",190,"proximity_pressure",0.993783110248774,0.000328875288520596,0.0187756689112658,0.0173348108626773,1079.7529807691,683,0.453246466090761,1.53431975440679,"OK","more nearby plots are associated with higher DGR"
"NE",200,"proximity_pressure",0.996329764152077,0.000212809209144682,0.0199517564761174,0.0185126254283583,1078.93385148185,683,0.470937893608231,1.52172163469592,"OK","more nearby plots are associated with higher DGR"
"NE",210,"proximity_pressure",0.973584385006616,0.000198575719720059,0.0201390331122395,0.0187001770668829,1078.80332508585,683,0.462628265280136,1.4845405047331,"OK","more nearby plots are associated with higher DGR"
"NE",220,"proximity_pressure",0.966042923884109,0.000167526138169037,0.0205992734131686,0.0191610931979163,1078.48244489678,683,0.464858265973436,1.46722758179478,"OK","more nearby plots are associated with higher DGR"
"NE",230,"proximity_pressure",0.926144180588862,0.000254311909420622,0.0194700524467506,0.0180302140509309,1079.26947069885,683,0.431637051322498,1.42065130985523,"OK","more nearby plots are associated with higher DGR"
"NE",240,"proximity_pressure",0.868076141674605,0.000520725574717648,0.0175371675491506,0.0160944908495164,1080.61451977408,683,0.379217559620537,1.35693472372867,"OK","more nearby plots are associated with higher DGR"
"NE",250,"proximity_pressure",0.828902033082811,0.000777201857841736,0.0164609382981487,0.0150166812325072,1081.36229591209,683,0.346822379611908,1.31098168655371,"OK","more nearby plots are associated with higher DGR"
"NE",260,"proximity_pressure",0.779323101499787,0.00126449142255889,0.0151574874445517,0.0137113163541619,1082.26685331577,683,0.306678806903233,1.25196739609634,"OK","more nearby plots are associated with higher DGR"
"NE",270,"proximity_pressure",0.738253991256722,0.00183847972248405,0.0141591737095979,0.012711536666587,1082.95884509939,683,0.274767231000489,1.20174075151295,"OK","more nearby plots are associated with higher DGR"
"NE",280,"proximity_pressure",0.694552076431737,0.00272117664919808,0.013117576911757,0.0116684103580297,1083.68009242007,683,0.241281220719102,1.14782293214437,"OK","more nearby plots are associated with higher DGR"
"NE",290,"proximity_pressure",0.661487141034625,0.00346483276919358,0.0124783396918545,0.0110282344637955,1084.1223514694,683,0.21873221311459,1.10424206895466,"OK","more nearby plots are associated with higher DGR"
"NE",300,"proximity_pressure",0.650984241923596,0.00337906580128814,0.0125445614280778,0.0110945534419222,1084.0765489678,683,0.216425418765125,1.08554306508207,"OK","more nearby plots are associated with higher DGR"
"NE",310,"proximity_pressure",0.643832127836608,0.00314181556446786,0.0127370236326724,0.0112872982635573,1083.94341435463,683,0.21734868339443,1.07031557227879,"OK","more nearby plots are associated with higher DGR"
"NE",320,"proximity_pressure",0.636864160504391,0.00305586484492871,0.0128104067868032,0.0113607891756238,1083.89264514896,683,0.216222078885601,1.05750624212318,"OK","more nearby plots are associated with higher DGR"
"NE",330,"proximity_pressure",0.638098297723745,0.00270373658315468,0.0131346163695283,0.0116854748370314,1083.66829967774,683,0.221943475065752,1.05425312038174,"OK","more nearby plots are associated with higher DGR"
"NE",340,"proximity_pressure",0.62135253136437,0.00319543914109602,0.0126922643420706,0.011242473247125,1083.9743786501,683,0.209025438542497,1.03367962418624,"OK","more nearby plots are associated with higher DGR"
"NE",350,"proximity_pressure",0.608675060982219,0.00362122241448382,0.0123617595117208,0.0109114830939701,1084.20297710694,683,0.199328264821043,1.0180218571434,"OK","more nearby plots are associated with higher DGR"
"NE",360,"proximity_pressure",0.601438182879018,0.00382634520379903,0.0122163634040855,0.0107658734825056,1084.30351820436,683,0.194528501684819,1.00834786407322,"OK","more nearby plots are associated with higher DGR"
"NE",370,"proximity_pressure",0.594576583361648,0.00405849644147771,0.0120610581251717,0.0106103401488504,1084.41089512748,683,0.18969573667138,0.999457430051917,"OK","more nearby plots are associated with higher DGR"
"NE",380,"proximity_pressure",0.574813162384329,0.00533987120663148,0.0113394443250191,0.00988766671022467,1084.90959225658,683,0.170980440702641,0.978645884066017,"OK","more nearby plots are associated with higher DGR"
"NE",390,"proximity_pressure",0.560461765674232,0.00629554355801454,0.0109080274245471,0.00945561630475933,1085.20756456958,683,0.158912992776432,0.962010538572032,"OK","more nearby plots are associated with higher DGR"
"NE",400,"proximity_pressure",0.539862530331494,0.00782392734209161,0.0103404840110595,0.00888723949418879,1085.59935925859,683,0.14248551904931,0.937239541613677,"OK","more nearby plots are associated with higher DGR"
"NE",410,"proximity_pressure",0.534092349824557,0.00780874182776752,0.0103455466292384,0.00889230954646192,1085.59586535286,683,0.14105980612,0.927124893529114,"OK","more nearby plots are associated with higher DGR"
"NE",420,"proximity_pressure",0.534811202154983,0.00703435982674027,0.0106179774851707,0.009165140447704,1085.40782407313,683,0.146384849172567,0.923237555137399,"OK","more nearby plots are associated with higher DGR"
"NE",430,"proximity_pressure",0.535646681588605,0.00619686211673105,0.0109493721859946,0.00949702177804446,1085.17901407776,683,0.152610185934151,0.91868317724306,"OK","more nearby plots are associated with higher DGR"
"NE",440,"proximity_pressure",0.544223443101751,0.00497635150958916,0.0115245616847193,0.0100730559015838,1084.78169497746,683,0.165000099699145,0.923446786504357,"OK","more nearby plots are associated with higher DGR"
"NE",450,"proximity_pressure",0.553782247783428,0.00395309335127853,0.0121304227309701,0.0106798066116323,1084.36293903729,683,0.177773497472195,0.929790998094661,"OK","more nearby plots are associated with higher DGR"
"NE",460,"proximity_pressure",0.557596039992934,0.00342839664558063,0.0125062671263713,0.011056202907761,1084.10303573359,683,0.184801031430246,0.930391048555622,"OK","more nearby plots are associated with higher DGR"
"NE",470,"proximity_pressure",0.560580190497832,0.00306764037057179,0.0128002302952383,0.0113505977406057,1083.89968585113,683,0.190173807303781,0.930986573691883,"OK","more nearby plots are associated with higher DGR"
"NE",480,"proximity_pressure",0.563846695420262,0.00276474708493415,0.0130754859534174,0.0116262575921154,1083.70922204163,683,0.195275685307069,0.932417705533455,"OK","more nearby plots are associated with higher DGR"
"NE",490,"proximity_pressure",0.555842494457169,0.00300494301407782,0.0128548761020433,0.0114053237908862,1083.86187778003,683,0.189358185627593,0.922326803286745,"OK","more nearby plots are associated with higher DGR"
"NE",500,"proximity_pressure",0.553654946319095,0.00301796312189649,0.0128434335812989,0.011393864467615,1083.86979474805,683,0.188448263537062,0.918861629101127,"OK","more nearby plots are associated with higher DGR"
"NW",10,"has_neighbour",NA,NA,NA,NA,NA,683,NA,NA,"Skipped: predictor has insufficient variation",NA
"NW",20,"has_neighbour",NA,NA,NA,NA,NA,683,NA,NA,"Skipped: predictor has insufficient variation",NA
"NW",30,"has_neighbour",NA,NA,NA,NA,NA,683,NA,NA,"Skipped: predictor has insufficient variation",NA
"NW",40,"has_neighbour",-1.22820029387339,0.0000703837137471807,0.02295143996395,0.021516713737759,1076.84015287397,683,-1.8311337551583,-0.625266832588483,"OK","more nearby plots are associated with lower DGR"
"NW",50,"has_neighbour",0.390789841180874,0.000000000000000000224766785073259,0.112229029120558,0.110925400675801,1011.3933444161,683,0.308093134050019,0.473486548311729,"OK","more nearby plots are associated with higher DGR"
"NW",60,"has_neighbour",0.452800593155364,0.00000000000000000000000342980437861753,0.140402137519607,0.139139879278079,989.367198236502,683,0.368503058195185,0.537098128115543,"OK","more nearby plots are associated with higher DGR"
"NW",70,"has_neighbour",0.451956509874179,0.0000000000000000000000111745561513564,0.137441610914927,0.136175005350925,991.715465603105,683,0.366768423223298,0.537144596525059,"OK","more nearby plots are associated with higher DGR"
"NW",80,"has_neighbour",0.46141277133713,0.00000000000000000000000479569486341715,0.13956288743889,0.138299396818389,990.03370544006,683,0.375211972689241,0.547613569985019,"OK","more nearby plots are associated with higher DGR"
"NW",90,"has_neighbour",0.473895522063934,0.00000000000000000000000232859787199915,0.141370672728582,0.14010983671203,988.597207374133,683,0.386023041540934,0.561768002586934,"OK","more nearby plots are associated with higher DGR"
"NW",100,"has_neighbour",0.458232141086327,0.00000000000000000000466234928446079,0.122169487131897,0.120880455541782,1003.70258903221,683,0.365814135227745,0.55065014694491,"OK","more nearby plots are associated with higher DGR"
"NW",110,"has_neighbour",0.450400264913004,0.000000000000000000670319885064574,0.109407986314259,0.108100215369052,1013.5602517006,683,0.353714929663716,0.547085600162291,"OK","more nearby plots are associated with higher DGR"
"NW",120,"has_neighbour",0.459073945998095,0.00000000000000000135879131771349,0.107579460085196,0.106269004079448,1014.96112108848,683,0.359590727146348,0.558557164849842,"OK","more nearby plots are associated with higher DGR"
"NW",130,"has_neighbour",0.452429864350685,0.0000000000000000620364221062277,0.097633315282165,0.0963082540711255,1022.53113980604,683,0.34894165869326,0.55591807000811,"OK","more nearby plots are associated with higher DGR"
"NW",140,"has_neighbour",0.423376244653721,0.0000000000000664811666400599,0.0792265334460119,0.0778744431867548,1036.32301332028,683,0.314780041349032,0.531972447958411,"OK","more nearby plots are associated with higher DGR"
"NW",150,"has_neighbour",0.410088651639483,0.00000000000163151022108729,0.0706815742315162,0.0693169363082144,1042.63215792845,683,0.298208253579591,0.521969049699375,"OK","more nearby plots are associated with higher DGR"
"NW",160,"has_neighbour",0.402264277101248,0.00000000000859395549386024,0.0662215392038811,0.0648503520367796,1045.90220766638,683,0.288611293336031,0.515917260866465,"OK","more nearby plots are associated with higher DGR"
"NW",170,"has_neighbour",0.413550928123826,0.000000000014380588826995,0.064836488575089,0.0634632675597808,1046.91453417701,683,0.295380143907999,0.531721712339653,"OK","more nearby plots are associated with higher DGR"
"NW",180,"has_neighbour",0.443143995007225,0.00000000000390175966876123,0.0683430668204528,0.0669749949655636,1044.34867867093,683,0.320039834340782,0.566248155673668,"OK","more nearby plots are associated with higher DGR"
"NW",190,"has_neighbour",0.535488653050951,0.00000000000000140591080345937,0.089438797299576,0.0881017030224829,1028.70556509624,683,0.406933658971185,0.664043647130717,"OK","more nearby plots are associated with higher DGR"
"NW",200,"has_neighbour",0.535488653050951,0.00000000000000140591080345937,0.089438797299576,0.0881017030224829,1028.70556509624,683,0.406933658971185,0.664043647130717,"OK","more nearby plots are associated with higher DGR"
"NW",210,"has_neighbour",0.540809091541983,0.00000000000000279535580299855,0.0876256346380603,0.0862858778607299,1030.06424230667,683,0.409509910453989,0.672108272629977,"OK","more nearby plots are associated with higher DGR"
"NW",220,"has_neighbour",0.535880205152338,0.0000000000000196593938995945,0.0824631834360122,0.0811158459667551,1033.91794139336,683,0.401388189982006,0.67037222032267,"OK","more nearby plots are associated with higher DGR"
"NW",230,"has_neighbour",0.528065602610129,0.0000000000000748527181589047,0.0789109650740024,0.0775584114250656,1036.5570516375,683,0.392322712269124,0.663808492951133,"OK","more nearby plots are associated with higher DGR"
"NW",240,"has_neighbour",0.526484285250044,0.000000000000138245831738256,0.0772772216097892,0.0759222689249284,1037.76742144858,683,0.389603537704271,0.663365032795816,"OK","more nearby plots are associated with higher DGR"
"NW",250,"has_neighbour",0.527772312941085,0.000000000000186151007334528,0.076484104244766,0.0751279869235395,1038.35423527847,683,0.3897878197331,0.665756806149069,"OK","more nearby plots are associated with higher DGR"
"NW",260,"has_neighbour",0.538809906003217,0.000000000000139077090489961,0.0772612462090393,0.0759062700654403,1037.77924634823,683,0.398708923173899,0.678910888832536,"OK","more nearby plots are associated with higher DGR"
"NW",270,"has_neighbour",0.540403778995541,0.000000000000186612399752665,0.0764775029352272,0.0751213759204479,1038.35911735827,683,0.399110224170987,0.681697333820095,"OK","more nearby plots are associated with higher DGR"
"NW",280,"has_neighbour",0.54635077032631,0.000000000000159471141341581,0.0768965454231173,0.0755410337423876,1038.04914010068,683,0.403924396433833,0.688777144218787,"OK","more nearby plots are associated with higher DGR"
"NW",290,"has_neighbour",0.555807188876265,0.000000000000157373619476457,0.0769318392169057,0.0755763793625986,1038.02302588578,683,0.410951661348947,0.700662716403583,"OK","more nearby plots are associated with higher DGR"
"NW",300,"has_neighbour",0.573072694494674,0.0000000000000737832232875305,0.0789492598759925,0.0775967624602451,1036.52865493262,683,0.425799215298619,0.72034617369073,"OK","more nearby plots are associated with higher DGR"
"NW",310,"has_neighbour",0.573072694494674,0.0000000000000737832232875305,0.0789492598759925,0.0775967624602451,1036.52865493262,683,0.425799215298619,0.72034617369073,"OK","more nearby plots are associated with higher DGR"
"NW",320,"has_neighbour",0.573072694494674,0.0000000000000737832232875305,0.0789492598759925,0.0775967624602451,1036.52865493262,683,0.425799215298619,0.72034617369073,"OK","more nearby plots are associated with higher DGR"
"NW",330,"has_neighbour",0.573072694494674,0.0000000000000737832232875305,0.0789492598759925,0.0775967624602451,1036.52865493262,683,0.425799215298619,0.72034617369073,"OK","more nearby plots are associated with higher DGR"
"NW",340,"has_neighbour",0.573072694494674,0.0000000000000737832232875305,0.0789492598759925,0.0775967624602451,1036.52865493262,683,0.425799215298619,0.72034617369073,"OK","more nearby plots are associated with higher DGR"
"NW",350,"has_neighbour",0.573072694494674,0.0000000000000737832232875305,0.0789492598759925,0.0775967624602451,1036.52865493262,683,0.425799215298619,0.72034617369073,"OK","more nearby plots are associated with higher DGR"
"NW",360,"has_neighbour",0.573072694494674,0.0000000000000737832232875305,0.0789492598759925,0.0775967624602451,1036.52865493262,683,0.425799215298619,0.72034617369073,"OK","more nearby plots are associated with higher DGR"
"NW",370,"has_neighbour",0.573072694494674,0.0000000000000737832232875305,0.0789492598759925,0.0775967624602451,1036.52865493262,683,0.425799215298619,0.72034617369073,"OK","more nearby plots are associated with higher DGR"
"NW",380,"has_neighbour",0.573072694494674,0.0000000000000737832232875305,0.0789492598759925,0.0775967624602451,1036.52865493262,683,0.425799215298619,0.72034617369073,"OK","more nearby plots are associated with higher DGR"
"NW",390,"has_neighbour",0.573072694494674,0.0000000000000737832232875305,0.0789492598759925,0.0775967624602451,1036.52865493262,683,0.425799215298619,0.72034617369073,"OK","more nearby plots are associated with higher DGR"
"NW",400,"has_neighbour",0.573072694494674,0.0000000000000737832232875305,0.0789492598759925,0.0775967624602451,1036.52865493262,683,0.425799215298619,0.72034617369073,"OK","more nearby plots are associated with higher DGR"
"NW",410,"has_neighbour",0.573072694494674,0.0000000000000737832232875305,0.0789492598759925,0.0775967624602451,1036.52865493262,683,0.425799215298619,0.72034617369073,"OK","more nearby plots are associated with higher DGR"
"NW",420,"has_neighbour",0.573072694494674,0.0000000000000737832232875305,0.0789492598759925,0.0775967624602451,1036.52865493262,683,0.425799215298619,0.72034617369073,"OK","more nearby plots are associated with higher DGR"
"NW",430,"has_neighbour",0.573072694494674,0.0000000000000737832232875305,0.0789492598759925,0.0775967624602451,1036.52865493262,683,0.425799215298619,0.72034617369073,"OK","more nearby plots are associated with higher DGR"
"NW",440,"has_neighbour",0.573072694494674,0.0000000000000737832232875305,0.0789492598759925,0.0775967624602451,1036.52865493262,683,0.425799215298619,0.72034617369073,"OK","more nearby plots are associated with higher DGR"
"NW",450,"has_neighbour",0.573072694494674,0.0000000000000737832232875305,0.0789492598759925,0.0775967624602451,1036.52865493262,683,0.425799215298619,0.72034617369073,"OK","more nearby plots are associated with higher DGR"
"NW",460,"has_neighbour",0.573072694494674,0.0000000000000737832232875305,0.0789492598759925,0.0775967624602451,1036.52865493262,683,0.425799215298619,0.72034617369073,"OK","more nearby plots are associated with higher DGR"
"NW",470,"has_neighbour",0.573072694494674,0.0000000000000737832232875305,0.0789492598759925,0.0775967624602451,1036.52865493262,683,0.425799215298619,0.72034617369073,"OK","more nearby plots are associated with higher DGR"
"NW",480,"has_neighbour",0.573072694494674,0.0000000000000737832232875305,0.0789492598759925,0.0775967624602451,1036.52865493262,683,0.425799215298619,0.72034617369073,"OK","more nearby plots are associated with higher DGR"
"NW",490,"has_neighbour",0.573072694494674,0.0000000000000737832232875305,0.0789492598759925,0.0775967624602451,1036.52865493262,683,0.425799215298619,0.72034617369073,"OK","more nearby plots are associated with higher DGR"
"NW",500,"has_neighbour",0.573072694494674,0.0000000000000737832232875305,0.0789492598759925,0.0775967624602451,1036.52865493262,683,0.425799215298619,0.72034617369073,"OK","more nearby plots are associated with higher DGR"
"NW",10,"n_neighbours",NA,NA,NA,NA,NA,683,NA,NA,"Skipped: predictor has insufficient variation",NA
"NW",20,"n_neighbours",NA,NA,NA,NA,NA,683,NA,NA,"Skipped: predictor has insufficient variation",NA
"NW",30,"n_neighbours",NA,NA,NA,NA,NA,683,NA,NA,"Skipped: predictor has insufficient variation",NA
"NW",40,"n_neighbours",-1.22820029387339,0.0000703837137471807,0.02295143996395,0.021516713737759,1076.84015287397,683,-1.8311337551583,-0.625266832588483,"OK","more nearby plots are associated with lower DGR"
"NW",50,"n_neighbours",0.114492975372541,0.0000000000551052624097686,0.0612156106042976,0.0598370725875638,1049.55394878472,683,0.0807582046475619,0.148227746097521,"OK","more nearby plots are associated with higher DGR"
"NW",60,"n_neighbours",0.109696428798973,0.000000000000000000266710772753812,0.111787822022339,0.11048354569638,1011.73269949892,683,0.0864315557041958,0.132961301893751,"OK","more nearby plots are associated with higher DGR"
"NW",70,"n_neighbours",0.107327051980334,0.0000000000000000000000178330065416815,0.136267405084541,0.134999075282903,992.644605259476,683,0.0869964636512207,0.127657640309447,"OK","more nearby plots are associated with higher DGR"
"NW",80,"n_neighbours",0.106270575996899,0.0000000000000000000000000140342525429683,0.154059257298614,0.152817053564838,978.428703903292,683,0.0875341742456439,0.125006977748154,"OK","more nearby plots are associated with higher DGR"
"NW",90,"n_neighbours",0.0837244249245706,0.0000000000000000000000142352453201676,0.136833653506395,0.135566155200237,992.196695220604,683,0.0679028378435187,0.0995460120056225,"OK","more nearby plots are associated with higher DGR"
"NW",100,"n_neighbours",0.069241798891731,0.00000000000000000000000000000000000389650734511848,0.206662160474634,0.205497200357857,934.579998031765,683,0.0590344248699497,0.0794491729135123,"OK","more nearby plots are associated with higher DGR"
"NW",110,"n_neighbours",0.0649110928553236,0.000000000000000000000000000000000000000118832939465612,0.230400947351198,0.229270845952301,913.830806587002,683,0.0559851081684211,0.0738370775422261,"OK","more nearby plots are associated with higher DGR"
"NW",120,"n_neighbours",0.0629620082903083,0.00000000000000000000000000000000000000000895144830344756,0.23619595679248,0.235074364952234,908.668419342295,683,0.0544431694256699,0.0714808471549467,"OK","more nearby plots are associated with higher DGR"
"NW",130,"n_neighbours",0.0618219413429155,0.0000000000000000000000000000000000000000000833201003682217,0.24656835589489,0.245461995184016,899.329779321907,683,0.0536909596774133,0.0699529230084178,"OK","more nearby plots are associated with higher DGR"
"NW",140,"n_neighbours",0.0549903364111153,0.000000000000000000000000000000000000000000000000905275011006512,0.271338610787797,0.270268623432126,876.49766394057,683,0.0482101670670083,0.0617705057552224,"OK","more nearby plots are associated with higher DGR"
"NW",150,"n_neighbours",0.0480185056722141,0.000000000000000000000000000000000000000000000000000160190958770213,0.289527614091178,0.288484335991459,859.232068448039,683,0.0423589240090368,0.0536780873353915,"OK","more nearby plots are associated with higher DGR"
"NW",160,"n_neighbours",0.0436926160958362,0.000000000000000000000000000000000000000000000000000287186531884791,0.288312860338189,0.287267798459097,860.39885318653,683,0.0385276475034729,0.0488575846881994,"OK","more nearby plots are associated with higher DGR"
"NW",170,"n_neighbours",0.0412304567807756,0.000000000000000000000000000000000000000000000000000126339738872755,0.290021015625677,0.288978462050972,858.757580875052,683,0.0363767532801868,0.0460841602813644,"OK","more nearby plots are associated with higher DGR"
"NW",180,"n_neighbours",0.0391219795147116,0.00000000000000000000000000000000000000000000000000426549477528903,0.282671528973037,0.281618183200604,865.791445554933,683,0.0344329182613691,0.0438110407680542,"OK","more nearby plots are associated with higher DGR"
"NW",190,"n_neighbours",0.0370981386043455,0.00000000000000000000000000000000000000000000000000476260890403623,0.282440109335722,0.281386423740033,866.011754838744,683,0.0326491110455567,0.0415471661631343,"OK","more nearby plots are associated with higher DGR"
"NW",200,"n_neighbours",0.0329030954787353,0.00000000000000000000000000000000000000000000000410696291324763,0.268108079308457,0.267033348147382,879.519062178688,683,0.0288128217957542,0.0369933691617164,"OK","more nearby plots are associated with higher DGR"
"NW",210,"n_neighbours",0.030316407733299,0.000000000000000000000000000000000000000000000443365665168764,0.258016764031168,0.256927214492301,888.87192494685,683,0.0264483058171963,0.0341845096494017,"OK","more nearby plots are associated with higher DGR"
"NW",220,"n_neighbours",0.0289634588915739,0.0000000000000000000000000000000000000000000000304782395301045,0.263804449317365,0.262723398582148,883.523438976455,683,0.0253230258644419,0.032603891918706,"OK","more nearby plots are associated with higher DGR"
"NW",230,"n_neighbours",0.0274280068614981,0.000000000000000000000000000000000000000000000023309728996595,0.264381636456389,0.263301433279379,882.987747837308,683,0.02398568106274,0.0308703326602561,"OK","more nearby plots are associated with higher DGR"
"NW",240,"n_neighbours",0.0256231379781533,0.0000000000000000000000000000000000000000000000566376369053035,0.26246889696223,0.261385885063496,884.761365298777,683,0.0223914408925185,0.0288548350637881,"OK","more nearby plots are associated with higher DGR"
"NW",250,"n_neighbours",0.0240637172337609,0.000000000000000000000000000000000000000000000212060008976771,0.259615524604114,0.258528322731286,887.398668498618,683,0.0210061703690374,0.0271212640984843,"OK","more nearby plots are associated with higher DGR"
"NW",260,"n_neighbours",0.0234267932773085,0.0000000000000000000000000000000000000000000000161273251260153,0.265173811012678,0.264094771087586,882.251840763005,683,0.0204926120946438,0.0263609744599732,"OK","more nearby plots are associated with higher DGR"
"NW",270,"n_neighbours",0.0222885881732204,0.00000000000000000000000000000000000000000000000180394616990706,0.269867385377459,0.268795237632051,877.875305051381,683,0.0195302004081534,0.0250469759382874,"OK","more nearby plots are associated with higher DGR"
"NW",280,"n_neighbours",0.0211416533217223,0.00000000000000000000000000000000000000000000000441203918676943,0.267954656016596,0.266879699564344,879.662221467345,683,0.0185124488096538,0.0237708578337908,"OK","more nearby plots are associated with higher DGR"
"NW",290,"n_neighbours",0.0201092324570379,0.00000000000000000000000000000000000000000000000835688251164268,0.266585571083916,0.265508604227945,880.938387894236,683,0.0175996643642177,0.0226188005498581,"OK","more nearby plots are associated with higher DGR"
"NW",300,"n_neighbours",0.0193816536847351,0.00000000000000000000000000000000000000000000000222635977738803,0.269417874282882,0.268345066462446,878.29566924544,683,0.0169802828463936,0.0217830245230765,"OK","more nearby plots are associated with higher DGR"
"NW",310,"n_neighbours",0.018802506857036,0.000000000000000000000000000000000000000000000000289110605704394,0.273767747077225,0.272701326735194,874.216945159063,683,0.0164983636628833,0.0211066500511888,"OK","more nearby plots are associated with higher DGR"
"NW",320,"n_neighbours",0.0177193706939691,0.0000000000000000000000000000000000000000000000000679633217098391,0.276837488415944,0.275775575770447,871.323825188365,683,0.0155646008936183,0.0198741404943199,"OK","more nearby plots are associated with higher DGR"
"NW",330,"n_neighbours",0.017084590116103,0.0000000000000000000000000000000000000000000000000225867841603467,0.279164551894226,0.278106056375715,869.122456798727,683,0.015019021717918,0.0191501585142881,"OK","more nearby plots are associated with higher DGR"
"NW",340,"n_neighbours",0.0165758516805735,0.00000000000000000000000000000000000000000000000000805049456334574,0.281337104336373,0.280281799056397,867.060829633878,683,0.0145825545510416,0.0185691488101054,"OK","more nearby plots are associated with higher DGR"
"NW",350,"n_neighbours",0.0160948952960558,0.00000000000000000000000000000000000000000000000000271183423850773,0.283621590776364,0.282569640102027,864.886250336034,683,0.0141703114332019,0.0180194791589097,"OK","more nearby plots are associated with higher DGR"
"NW",360,"n_neighbours",0.0155009592351406,0.00000000000000000000000000000000000000000000000000224209567142594,0.284020209384787,0.282968844053487,864.506098895407,683,0.0136492132192323,0.0173527052510489,"OK","more nearby plots are associated with higher DGR"
"NW",370,"n_neighbours",0.0149339250473432,0.00000000000000000000000000000000000000000000000000342408428578785,0.283132572487006,0.282079903724138,865.352324607497,683,0.0131460154398587,0.0167218346548278,"OK","more nearby plots are associated with higher DGR"
"NW",380,"n_neighbours",0.0146150623374917,0.00000000000000000000000000000000000000000000000000354934379820599,0.283057203961055,0.282004424524874,865.424128675325,683,0.0128650024809724,0.016365122194011,"OK","more nearby plots are associated with higher DGR"
"NW",390,"n_neighbours",0.0142932321264237,0.00000000000000000000000000000000000000000000000000225893944737809,0.284004528918721,0.282953140561773,864.521056916834,683,0.0125856954683628,0.0160007687844846,"OK","more nearby plots are associated with higher DGR"
"NW",400,"n_neighbours",0.0140135553834266,0.0000000000000000000000000000000000000000000000000022745034188906,0.283990143156623,0.282938733675209,864.534779596941,683,0.0123393710028184,0.0156877397640347,"OK","more nearby plots are associated with higher DGR"
"NW",410,"n_neighbours",0.013580492247373,0.00000000000000000000000000000000000000000000000000452582219812499,0.282547174294932,0.28149364591651,865.909838853692,683,0.0119522696141573,0.0152087148805887,"OK","more nearby plots are associated with higher DGR"
"NW",420,"n_neighbours",0.0132855768595813,0.0000000000000000000000000000000000000000000000000105172234599914,0.280774848558561,0.279718717646019,867.59497513511,683,0.0116857210858731,0.0148854326332895,"OK","more nearby plots are associated with higher DGR"
"NW",430,"n_neighbours",0.0131006695007388,0.00000000000000000000000000000000000000000000000000686125410140007,0.281673145792417,0.280618333965387,866.741389194331,683,0.0115265818773971,0.0146747571240805,"OK","more nearby plots are associated with higher DGR"
"NW",440,"n_neighbours",0.0129208459463548,0.0000000000000000000000000000000000000000000000000055297186267785,0.282126481968351,0.281072335833209,866.310211728525,683,0.0113701020782707,0.014471589814439,"OK","more nearby plots are associated with higher DGR"
"NW",450,"n_neighbours",0.0127154554338436,0.00000000000000000000000000000000000000000000000000431778548422548,0.282645953936882,0.28159257060933,865.815796238081,683,0.011191317072386,0.0142395937953012,"OK","more nearby plots are associated with higher DGR"
"NW",460,"n_neighbours",0.0124956602444059,0.00000000000000000000000000000000000000000000000000661059841200605,0.281751363528312,0.280696666558456,866.667014107167,683,0.0109945565820357,0.013996763906776,"OK","more nearby plots are associated with higher DGR"
"NW",470,"n_neighbours",0.0123618464634843,0.00000000000000000000000000000000000000000000000000565937096724204,0.28207779898502,0.281023581362384,866.356528174781,683,0.0108780146833662,0.0138456782436024,"OK","more nearby plots are associated with higher DGR"
"NW",480,"n_neighbours",0.0122532687864263,0.00000000000000000000000000000000000000000000000000287693437499269,0.283497694406399,0.282445561799067,865.004363756114,683,0.0107876093275452,0.0137189282453073,"OK","more nearby plots are associated with higher DGR"
"NW",490,"n_neighbours",0.0121515402008014,0.00000000000000000000000000000000000000000000000000115190281106855,0.285414165029607,0.284364846622896,863.175056139022,683,0.0107048756076322,0.0135982047939706,"OK","more nearby plots are associated with higher DGR"
"NW",500,"n_neighbours",0.0120531124273576,0.00000000000000000000000000000000000000000000000000087353683112008,0.285992354110043,0.284943884732818,862.622200244339,683,0.0106201971539176,0.0134860277007977,"OK","more nearby plots are associated with higher DGR"
"NW",10,"nearest_distance_m",NA,NA,NA,NA,NA,0,NA,NA,"Skipped: sample size < 10",NA
"NW",20,"nearest_distance_m",NA,NA,NA,NA,NA,0,NA,NA,"Skipped: sample size < 10",NA
"NW",30,"nearest_distance_m",NA,NA,NA,NA,NA,0,NA,NA,"Skipped: sample size < 10",NA
"NW",40,"nearest_distance_m",NA,NA,NA,NA,NA,3,NA,NA,"Skipped: sample size < 10",NA
"NW",50,"nearest_distance_m",0.038152282000983,0.000660495111406691,0.0241950277720175,0.0221363674930555,728.360051129544,476,0.01628432379791,0.0600202402040559,"OK","more spacing to the nearest plot is associated with higher DGR"
"NW",60,"nearest_distance_m",0.0290261359649217,0.00162779345826426,0.0197974240027482,0.0178251854192528,758.685088207505,499,0.0110261735028937,0.0470260984269498,"OK","more spacing to the nearest plot is associated with higher DGR"
"NW",70,"nearest_distance_m",0.0118355523617014,0.115326825758525,0.0049322878338895,0.00295008123594909,774.161360995606,504,-0.0029057283152612,0.0265768330386639,"OK","more spacing to the nearest plot is associated with higher DGR"
"NW",80,"nearest_distance_m",0.0019823481655736,0.688722224637369,0.000315529427614414,-0.0016484872139817,781.867918242473,511,-0.00773425750759214,0.0116989538387393,"OK","more spacing to the nearest plot is associated with higher DGR"
"NW",90,"nearest_distance_m",-0.00218384229424916,0.491007936726756,0.000914367618778287,-0.00101065286750535,792.087249600144,521,-0.00840885993096498,0.00404117534246667,"OK","closer nearest plots are associated with higher DGR"
"NW",100,"nearest_distance_m",-0.00664914245459394,0.000912577970821509,0.0203265428808651,0.0184987938937025,811.636967483195,538,-0.0105658578354055,-0.00273242707378235,"OK","closer nearest plots are associated with higher DGR"
"NW",110,"nearest_distance_m",-0.00702197714881813,0.00000558727344989677,0.036837677341324,0.0350864731183083,822.542203923535,552,-0.0100293448634781,-0.00401460943415817,"OK","closer nearest plots are associated with higher DGR"
"NW",120,"nearest_distance_m",-0.00633849177882469,0.00000203428887967097,0.0395929208659933,0.0378748402235354,832.399230720267,561,-0.00893200434092378,-0.00374497921672561,"OK","closer nearest plots are associated with higher DGR"
"NW",130,"nearest_distance_m",-0.00628390636772455,0.0000000389443623083863,0.0517379132946396,0.0500713718417303,841.820873796211,571,-0.00849907184165911,-0.00406874089378998,"OK","closer nearest plots are associated with higher DGR"
"NW",140,"nearest_distance_m",-0.00662241588907482,0.0000000000198693034072294,0.0748122062280586,0.0732142998484869,850.081554230955,581,-0.00852333116062668,-0.00472150061752297,"OK","closer nearest plots are associated with higher DGR"
"NW",150,"nearest_distance_m",-0.0064967480494148,0.000000000000710237760659383,0.0843635794613567,0.0827983889988976,856.848034974041,587,-0.00823474762645832,-0.00475874847237127,"OK","closer nearest plots are associated with higher DGR"
"NW",160,"nearest_distance_m",-0.00644164648960735,0.000000000000113038053711085,0.0895634365714678,0.0880150750690383,860.4610100687,590,-0.00810509991644304,-0.00477819306277166,"OK","closer nearest plots are associated with higher DGR"
"NW",170,"nearest_distance_m",-0.00556243187122071,0.000000000000475243065445086,0.0840858372717428,0.0825490685423329,871.103180010368,598,-0.00703928893012119,-0.00408557481232024,"OK","closer nearest plots are associated with higher DGR"
"NW",180,"nearest_distance_m",-0.00466705814263408,0.0000000000129970586494486,0.0731049349534604,0.0715703404749065,886.972715096739,606,-0.00599502092143219,-0.00333909536383597,"OK","closer nearest plots are associated with higher DGR"
"NW",190,"nearest_distance_m",-0.00335246907677969,0.0000000686300114954493,0.0464037937753049,0.0448481719054441,920.555450931133,615,-0.00455791151644112,-0.00214702663711827,"OK","closer nearest plots are associated with higher DGR"
"NW",200,"nearest_distance_m",-0.00335246907677969,0.0000000686300114954493,0.0464037937753049,0.0448481719054441,920.555450931133,615,-0.00455791151644112,-0.00214702663711827,"OK","closer nearest plots are associated with higher DGR"
"NW",210,"nearest_distance_m",-0.00328794433725296,0.0000000343123729677479,0.0482632678140861,0.0467182406514466,927.516384353691,618,-0.00444322203876742,-0.00213266663573849,"OK","closer nearest plots are associated with higher DGR"
"NW",220,"nearest_distance_m",-0.00333091096904576,0.00000000493983448712186,0.0538137352598186,0.052285162941983,929.227564042764,621,-0.0044333575225972,-0.00222846441549433,"OK","closer nearest plots are associated with higher DGR"
"NW",230,"nearest_distance_m",-0.0034034941045185,0.00000000129713720270482,0.0576993582890049,0.0561795185443096,930.253440457994,622,-0.0044882577719216,-0.0023187304371154,"OK","closer nearest plots are associated with higher DGR"
"NW",240,"nearest_distance_m",-0.00340256715757133,0.000000000690603383913241,0.0594744173487568,0.0579598833992379,930.738662911529,623,-0.00446885993427987,-0.00233627438086279,"OK","closer nearest plots are associated with higher DGR"
"NW",250,"nearest_distance_m",-0.00336158301820727,0.000000000529783483496715,0.0601642308574678,0.0586532408749234,931.380804384182,624,-0.00440774621734592,-0.00231541981906861,"OK","closer nearest plots are associated with higher DGR"
"NW",260,"nearest_distance_m",-0.00318049439565063,0.000000000933231733669299,0.0583102320757768,0.0568011138579495,933.894108355792,626,-0.00418528405397251,-0.00217570473732876,"OK","closer nearest plots are associated with higher DGR"
"NW",270,"nearest_distance_m",-0.00313201239133824,0.000000000736740724613546,0.0589148499880021,0.0574091137479829,934.594720104911,627,-0.00411528844034557,-0.00214873634233091,"OK","closer nearest plots are associated with higher DGR"
"NW",280,"nearest_distance_m",-0.00304327188273428,0.000000000989443713210756,0.0579575324511897,0.0564526722793866,935.854046637435,628,-0.00400626340438058,-0.00208028036108797,"OK","closer nearest plots are associated with higher DGR"
"NW",290,"nearest_distance_m",-0.00289384496641505,0.00000000130089683145838,0.0569766472695832,0.0554750177270188,938.97832958386,630,-0.00381640389827391,-0.00197128603455619,"OK","closer nearest plots are associated with higher DGR"
"NW",300,"nearest_distance_m",-0.0026896354341391,0.00000000392083531203451,0.0535750030926548,0.0520727411928019,943.88390305807,632,-0.00357407544208377,-0.00180519542619443,"OK","closer nearest plots are associated with higher DGR"
"NW",310,"nearest_distance_m",-0.0026896354341391,0.00000000392083531203451,0.0535750030926548,0.0520727411928019,943.88390305807,632,-0.00357407544208377,-0.00180519542619443,"OK","closer nearest plots are associated with higher DGR"
"NW",320,"nearest_distance_m",-0.0026896354341391,0.00000000392083531203451,0.0535750030926548,0.0520727411928019,943.88390305807,632,-0.00357407544208377,-0.00180519542619443,"OK","closer nearest plots are associated with higher DGR"
"NW",330,"nearest_distance_m",-0.0026896354341391,0.00000000392083531203451,0.0535750030926548,0.0520727411928019,943.88390305807,632,-0.00357407544208377,-0.00180519542619443,"OK","closer nearest plots are associated with higher DGR"
"NW",340,"nearest_distance_m",-0.0026896354341391,0.00000000392083531203451,0.0535750030926548,0.0520727411928019,943.88390305807,632,-0.00357407544208377,-0.00180519542619443,"OK","closer nearest plots are associated with higher DGR"
"NW",350,"nearest_distance_m",-0.0026896354341391,0.00000000392083531203451,0.0535750030926548,0.0520727411928019,943.88390305807,632,-0.00357407544208377,-0.00180519542619443,"OK","closer nearest plots are associated with higher DGR"
"NW",360,"nearest_distance_m",-0.0026896354341391,0.00000000392083531203451,0.0535750030926548,0.0520727411928019,943.88390305807,632,-0.00357407544208377,-0.00180519542619443,"OK","closer nearest plots are associated with higher DGR"
"NW",370,"nearest_distance_m",-0.0026896354341391,0.00000000392083531203451,0.0535750030926548,0.0520727411928019,943.88390305807,632,-0.00357407544208377,-0.00180519542619443,"OK","closer nearest plots are associated with higher DGR"
"NW",380,"nearest_distance_m",-0.0026896354341391,0.00000000392083531203451,0.0535750030926548,0.0520727411928019,943.88390305807,632,-0.00357407544208377,-0.00180519542619443,"OK","closer nearest plots are associated with higher DGR"
"NW",390,"nearest_distance_m",-0.0026896354341391,0.00000000392083531203451,0.0535750030926548,0.0520727411928019,943.88390305807,632,-0.00357407544208377,-0.00180519542619443,"OK","closer nearest plots are associated with higher DGR"
"NW",400,"nearest_distance_m",-0.0026896354341391,0.00000000392083531203451,0.0535750030926548,0.0520727411928019,943.88390305807,632,-0.00357407544208377,-0.00180519542619443,"OK","closer nearest plots are associated with higher DGR"
"NW",410,"nearest_distance_m",-0.0026896354341391,0.00000000392083531203451,0.0535750030926548,0.0520727411928019,943.88390305807,632,-0.00357407544208377,-0.00180519542619443,"OK","closer nearest plots are associated with higher DGR"
"NW",420,"nearest_distance_m",-0.0026896354341391,0.00000000392083531203451,0.0535750030926548,0.0520727411928019,943.88390305807,632,-0.00357407544208377,-0.00180519542619443,"OK","closer nearest plots are associated with higher DGR"
"NW",430,"nearest_distance_m",-0.0026896354341391,0.00000000392083531203451,0.0535750030926548,0.0520727411928019,943.88390305807,632,-0.00357407544208377,-0.00180519542619443,"OK","closer nearest plots are associated with higher DGR"
"NW",440,"nearest_distance_m",-0.0026896354341391,0.00000000392083531203451,0.0535750030926548,0.0520727411928019,943.88390305807,632,-0.00357407544208377,-0.00180519542619443,"OK","closer nearest plots are associated with higher DGR"
"NW",450,"nearest_distance_m",-0.0026896354341391,0.00000000392083531203451,0.0535750030926548,0.0520727411928019,943.88390305807,632,-0.00357407544208377,-0.00180519542619443,"OK","closer nearest plots are associated with higher DGR"
"NW",460,"nearest_distance_m",-0.0026896354341391,0.00000000392083531203451,0.0535750030926548,0.0520727411928019,943.88390305807,632,-0.00357407544208377,-0.00180519542619443,"OK","closer nearest plots are associated with higher DGR"
"NW",470,"nearest_distance_m",-0.0026896354341391,0.00000000392083531203451,0.0535750030926548,0.0520727411928019,943.88390305807,632,-0.00357407544208377,-0.00180519542619443,"OK","closer nearest plots are associated with higher DGR"
"NW",480,"nearest_distance_m",-0.0026896354341391,0.00000000392083531203451,0.0535750030926548,0.0520727411928019,943.88390305807,632,-0.00357407544208377,-0.00180519542619443,"OK","closer nearest plots are associated with higher DGR"
"NW",490,"nearest_distance_m",-0.0026896354341391,0.00000000392083531203451,0.0535750030926548,0.0520727411928019,943.88390305807,632,-0.00357407544208377,-0.00180519542619443,"OK","closer nearest plots are associated with higher DGR"
"NW",500,"nearest_distance_m",-0.0026896354341391,0.00000000392083531203451,0.0535750030926548,0.0520727411928019,943.88390305807,632,-0.00357407544208377,-0.00180519542619443,"OK","closer nearest plots are associated with higher DGR"
"NW",10,"neighbour_density_per_ha",NA,NA,NA,NA,NA,683,NA,NA,"Skipped: predictor has insufficient variation",NA
"NW",20,"neighbour_density_per_ha",NA,NA,NA,NA,NA,683,NA,NA,"Skipped: predictor has insufficient variation",NA
"NW",30,"neighbour_density_per_ha",NA,NA,NA,NA,NA,683,NA,NA,"Skipped: predictor has insufficient variation",NA
"NW",40,"neighbour_density_per_ha",-0.154340200814777,0.0000703837137471894,0.0229514399639501,0.0215167137377591,1076.84015287397,683,-0.230107054117822,-0.0785733475117317,"OK","more nearby plots are associated with lower DGR"
"NW",50,"neighbour_density_per_ha",0.022480643144876,0.0000000000551052624097557,0.0612156106042978,0.059837072587564,1049.55394878472,683,0.0158568364023678,0.0291044498873843,"OK","more nearby plots are associated with higher DGR"
"NW",60,"neighbour_density_per_ha",0.0310159345355901,0.000000000000000000266710772753812,0.111787822022338,0.11048354569638,1011.73269949892,683,0.0244379466394775,0.0375939224317027,"OK","more nearby plots are associated with higher DGR"
"NW",70,"neighbour_density_per_ha",0.0413042900590259,0.0000000000000000000000178330065416858,0.136267405084541,0.134999075282903,992.644605259476,683,0.0334801627591331,0.0491284173589187,"OK","more nearby plots are associated with higher DGR"
"NW",80,"neighbour_density_per_ha",0.0534174177351379,0.0000000000000000000000000140342525429719,0.154059257298614,0.152817053564838,978.428703903292,683,0.043999474999706,0.0628353604705697,"OK","more nearby plots are associated with higher DGR"
"NW",90,"neighbour_density_per_ha",0.053263177749485,0.000000000000000000000014235245320166,0.136833653506395,0.135566155200237,992.196695220604,683,0.0431979189467373,0.0633284365522327,"OK","more nearby plots are associated with higher DGR"
"NW",100,"neighbour_density_per_ha",0.0543823816799009,0.00000000000000000000000000000000000389650734511876,0.206662160474635,0.205497200357857,934.579998031765,683,0.0463655288700831,0.0623992344897188,"OK","more nearby plots are associated with higher DGR"
"NW",110,"neighbour_density_per_ha",0.0616870742663576,0.000000000000000000000000000000000000000118832939465651,0.230400947351198,0.229270845952301,913.830806587002,683,0.0532044273710332,0.070169721161682,"OK","more nearby plots are associated with higher DGR"
"NW",120,"neighbour_density_per_ha",0.0712083537720329,0.0000000000000000000000000000000000000000089514483034509,0.236195956792479,0.235074364952233,908.668419342296,683,0.0615737739980981,0.0808429335459676,"OK","more nearby plots are associated with higher DGR"
"NW",130,"neighbour_density_per_ha",0.0820576782283804,0.0000000000000000000000000000000000000000000833201003681966,0.24656835589489,0.245461995184016,899.329779321907,683,0.0712652400956511,0.0928501163611098,"OK","more nearby plots are associated with higher DGR"
"NW",140,"neighbour_density_per_ha",0.0846510460749196,0.000000000000000000000000000000000000000000000000905275011006565,0.271338610787797,0.270268623432125,876.49766394057,683,0.0742137862761642,0.0950883058736749,"OK","more nearby plots are associated with higher DGR"
"NW",150,"neighbour_density_per_ha",0.0848557038691054,0.000000000000000000000000000000000000000000000000000160190958770275,0.289527614091178,0.288484335991459,859.23206844804,683,0.0748543975204263,0.0948570102177844,"OK","more nearby plots are associated with higher DGR"
"NW",160,"neighbour_density_per_ha",0.0878492171153907,0.000000000000000000000000000000000000000000000000000287186531884828,0.288312860338189,0.287267798459097,860.39885318653,683,0.0774644315884848,0.0982340026422966,"OK","more nearby plots are associated with higher DGR"
"NW",170,"neighbour_density_per_ha",0.0935849193414947,0.000000000000000000000000000000000000000000000000000126339738872733,0.290021015625677,0.288978462050972,858.757580875052,683,0.0825679797760343,0.104601858906955,"OK","more nearby plots are associated with higher DGR"
"NW",180,"neighbour_density_per_ha",0.0995533119842196,0.0000000000000000000000000000000000000000000000000042654947752905,0.282671528973037,0.281618183200604,865.791445554933,683,0.0876211044717754,0.111485519496664,"OK","more nearby plots are associated with higher DGR"
"NW",190,"neighbour_density_per_ha",0.105183883830394,0.00000000000000000000000000000000000000000000000000476260890403596,0.282440109335722,0.281386423740033,866.011754838744,683,0.0925696121847799,0.117798155476008,"OK","more nearby plots are associated with higher DGR"
"NW",200,"neighbour_density_per_ha",0.103368123036358,0.00000000000000000000000000000000000000000000000410696291324774,0.268108079308457,0.267033348147382,879.519062178688,683,0.0905181492827332,0.116218096789983,"OK","more nearby plots are associated with higher DGR"
"NW",210,"neighbour_density_per_ha",0.105004088709527,0.000000000000000000000000000000000000000000000443365665168656,0.258016764031168,0.256927214492301,888.87192494685,683,0.0916065080888584,0.118401669330196,"OK","more nearby plots are associated with higher DGR"
"NW",220,"neighbour_density_per_ha",0.110099581508346,0.0000000000000000000000000000000000000000000000304782395300962,0.263804449317365,0.262723398582148,883.523438976455,683,0.0962611047470982,0.123938058269594,"OK","more nearby plots are associated with higher DGR"
"NW",230,"neighbour_density_per_ha",0.113956683875621,0.0000000000000000000000000000000000000000000000233097289965924,0.264381636456389,0.263301433279379,882.987747837308,683,0.0996546591303738,0.128258708620869,"OK","more nearby plots are associated with higher DGR"
"NW",240,"neighbour_density_per_ha",0.115916345329081,0.0000000000000000000000000000000000000000000000566376369052962,0.26246889696223,0.261385885063496,884.761365298777,683,0.101296492144166,0.130536198513997,"OK","more nearby plots are associated with higher DGR"
"NW",250,"neighbour_density_per_ha",0.118122495749446,0.000000000000000000000000000000000000000000000212060008976789,0.259615524604114,0.258528322731286,887.398668498618,683,0.103113797674099,0.133131193824792,"OK","more nearby plots are associated with higher DGR"
"NW",260,"neighbour_density_per_ha",0.124379676400599,0.0000000000000000000000000000000000000000000000161273251260171,0.265173811012678,0.264094771087586,882.251840763005,683,0.108801252939883,0.139958099861315,"OK","more nearby plots are associated with higher DGR"
"NW",270,"neighbour_density_per_ha",0.127614484214417,0.00000000000000000000000000000000000000000000000180394616990735,0.269867385377459,0.268795237632051,877.875305051381,683,0.111821189943525,0.143407778485308,"OK","more nearby plots are associated with higher DGR"
"NW",280,"neighbour_density_per_ha",0.13018018701012,0.00000000000000000000000000000000000000000000000441203918676841,0.267954656016596,0.266879699564344,879.662221467345,683,0.113990803433517,0.146369570586723,"OK","more nearby plots are associated with higher DGR"
"NW",290,"neighbour_density_per_ha",0.132825473150747,0.00000000000000000000000000000000000000000000000835688251163561,0.266585571083917,0.265508604227946,880.938387894235,683,0.116249277612454,0.149401668689041,"OK","more nearby plots are associated with higher DGR"
"NW",300,"neighbour_density_per_ha",0.137000836868367,0.00000000000000000000000000000000000000000000000222635977738826,0.269417874282882,0.268345066462446,878.29566924544,683,0.120026546653741,0.153975127082992,"OK","more nearby plots are associated with higher DGR"
"NW",310,"neighbour_density_per_ha",0.141915236330253,0.000000000000000000000000000000000000000000000000289110605704626,0.273767747077225,0.272701326735194,874.216945159063,683,0.124524309236159,0.159306163424348,"OK","more nearby plots are associated with higher DGR"
"NW",320,"neighbour_density_per_ha",0.142507634683923,0.0000000000000000000000000000000000000000000000000679633217098459,0.276837488415944,0.275775575770447,871.323825188365,683,0.125177947708028,0.159837321659819,"OK","more nearby plots are associated with higher DGR"
"NW",330,"neighbour_density_per_ha",0.146124260068486,0.0000000000000000000000000000000000000000000000000225867841603509,0.279164551894226,0.278106056375715,869.122456798727,683,0.12845748247801,0.163791037658962,"OK","more nearby plots are associated with higher DGR"
"NW",340,"neighbour_density_per_ha",0.150495518474716,0.00000000000000000000000000000000000000000000000000805049456334528,0.281337104336374,0.280281799056397,867.060829633878,683,0.13239796965708,0.168593067292352,"OK","more nearby plots are associated with higher DGR"
"NW",350,"neighbour_density_per_ha",0.154851039768557,0.0000000000000000000000000000000000000000000000000027118342385082,0.283621590776364,0.282569640102027,864.886250336034,683,0.136334373036482,0.173367706500632,"OK","more nearby plots are associated with higher DGR"
"NW",360,"neighbour_density_per_ha",0.157780546887749,0.00000000000000000000000000000000000000000000000000224209567142594,0.284020209384787,0.282968844053487,864.506098895407,683,0.1389320682449,0.176629025530597,"OK","more nearby plots are associated with higher DGR"
"NW",370,"neighbour_density_per_ha",0.160571068298585,0.00000000000000000000000000000000000000000000000000342408428578819,0.283132572487006,0.282079903724138,865.352324607497,683,0.141347283875871,0.179794852721299,"OK","more nearby plots are associated with higher DGR"
"NW",380,"neighbour_density_per_ha",0.165751606621107,0.00000000000000000000000000000000000000000000000000354934379820645,0.283057203961055,0.282004424524874,865.424128675325,683,0.145903916190321,0.185599297051893,"OK","more nearby plots are associated with higher DGR"
"NW",390,"neighbour_density_per_ha",0.17074560835143,0.00000000000000000000000000000000000000000000000000225893944737932,0.28400452891872,0.282953140561773,864.521056916834,683,0.150347535831221,0.191143680871639,"OK","more nearby plots are associated with higher DGR"
"NW",400,"neighbour_density_per_ha",0.176099530572987,0.00000000000000000000000000000000000000000000000000227450341888956,0.283990143156623,0.282938733675209,864.534779596941,683,0.155061109169494,0.19713795197648,"OK","more nearby plots are associated with higher DGR"
"NW",410,"neighbour_density_per_ha",0.179297034577908,0.00000000000000000000000000000000000000000000000000452582219812655,0.282547174294931,0.28149364591651,865.909838853692,683,0.15780035504299,0.200793714112825,"OK","more nearby plots are associated with higher DGR"
"NW",420,"neighbour_density_per_ha",0.184064009613966,0.00000000000000000000000000000000000000000000000001051722345999,0.280774848558561,0.279718717646019,867.59497513511,683,0.161898930022378,0.206229089205554,"OK","more nearby plots are associated with higher DGR"
"NW",430,"neighbour_density_per_ha",0.190248080237756,0.00000000000000000000000000000000000000000000000000686125410140096,0.281673145792417,0.280618333965387,866.741389194331,683,0.167389160817655,0.213106999657858,"OK","more nearby plots are associated with higher DGR"
"NW",440,"neighbour_density_per_ha",0.196465447963651,0.00000000000000000000000000000000000000000000000000552971862677945,0.282126481968351,0.281072335833209,866.310211728525,683,0.17288590913276,0.220044986794542,"OK","more nearby plots are associated with higher DGR"
"NW",450,"neighbour_density_per_ha",0.202230580726183,0.00000000000000000000000000000000000000000000000000431778548422548,0.282645953936882,0.28159257060933,865.815796238081,683,0.177990207461671,0.226470953990694,"OK","more nearby plots are associated with higher DGR"
"NW",460,"neighbour_density_per_ha",0.207665691711317,0.00000000000000000000000000000000000000000000000000661059841200245,0.281751363528312,0.280696666558456,866.667014107166,683,0.182718812212409,0.232612571210225,"OK","more nearby plots are associated with higher DGR"
"NW",470,"neighbour_density_per_ha",0.214471180625457,0.00000000000000000000000000000000000000000000000000565937096723847,0.28207779898502,0.281023581362384,866.356528174781,683,0.188727522129815,0.240214839121099,"OK","more nearby plots are associated with higher DGR"
"NW",480,"neighbour_density_per_ha",0.221729928202931,0.00000000000000000000000000000000000000000000000000287693437499368,0.283497694406399,0.282445561799066,865.004363756115,683,0.195207979468105,0.248251876937756,"OK","more nearby plots are associated with higher DGR"
"NW",490,"neighbour_density_per_ha",0.229146574521394,0.00000000000000000000000000000000000000000000000000115190281106868,0.285414165029607,0.284364846622896,863.175056139022,683,0.201866227295597,0.256426921747192,"OK","more nearby plots are associated with higher DGR"
"NW",500,"neighbour_density_per_ha",0.23666230909174,0.000000000000000000000000000000000000000000000000000873536831120192,0.285992354110043,0.284943884732818,862.622200244339,683,0.208527083490141,0.264797534693339,"OK","more nearby plots are associated with higher DGR"
"NW",10,"proximity_pressure",NA,NA,NA,NA,NA,683,NA,NA,"Skipped: predictor has insufficient variation",NA
"NW",20,"proximity_pressure",NA,NA,NA,NA,NA,683,NA,NA,"Skipped: predictor has insufficient variation",NA
"NW",30,"proximity_pressure",NA,NA,NA,NA,NA,683,NA,NA,"Skipped: predictor has insufficient variation",NA
"NW",40,"proximity_pressure",-47.1146529987677,0.0000727037474991845,0.0228633433766036,0.0214284877868482,1076.90173349456,683,-70.2891792485545,-23.9401267489809,"OK","more nearby plots are associated with lower DGR"
"NW",50,"proximity_pressure",5.04648570833785,0.000000000344601787634545,0.0562596144628032,0.0548737989186957,1053.15013325976,683,3.49136528011426,6.60160613656143,"OK","more nearby plots are associated with higher DGR"
"NW",60,"proximity_pressure",5.20742087212502,0.00000000000000000430419268651427,0.104588550141941,0.10327370219795,1017.2463396198,683,4.06101338349519,6.35382836075484,"OK","more nearby plots are associated with higher DGR"
"NW",70,"proximity_pressure",5.24454143908245,0.000000000000000000001198407628218,0.125629821291347,0.124345870955505,1001.00493993901,683,4.20352903756389,6.28555384060102,"OK","more nearby plots are associated with higher DGR"
"NW",80,"proximity_pressure",5.30049904797063,0.00000000000000000000000409643836660695,0.139957554574546,0.138694643494626,989.720353668886,683,4.31188764571907,6.28911045022219,"OK","more nearby plots are associated with higher DGR"
"NW",90,"proximity_pressure",4.69869027001178,0.0000000000000000000000417399098448725,0.134127227870543,0.132855755371087,994.334865721243,683,3.80045010726972,5.59693043275384,"OK","more nearby plots are associated with higher DGR"
"NW",100,"proximity_pressure",4.37710648727229,0.0000000000000000000000000000000147269169143969,0.18735113520449,0.186157818222411,951.006119056225,683,3.69121170547464,5.06300126906995,"OK","more nearby plots are associated with higher DGR"
"NW",110,"proximity_pressure",4.33973804477787,0.00000000000000000000000000000000000130255637285736,0.209197108261291,0.208035870534803,932.394117974608,683,3.70489424014701,4.97458184940872,"OK","more nearby plots are associated with higher DGR"
"NW",120,"proximity_pressure",4.33523661167629,0.0000000000000000000000000000000000000519333841636895,0.216605615952398,0.215455257091829,925.9653835479,683,3.71491735845729,4.95555586489528,"OK","more nearby plots are associated with higher DGR"
"NW",130,"proximity_pressure",4.36570528859833,0.000000000000000000000000000000000000000706475084457315,0.226381159372111,0.225245155200851,917.388983836205,683,3.75848695115962,4.97292362603705,"OK","more nearby plots are associated with higher DGR"
"NW",140,"proximity_pressure",4.23073939846766,0.0000000000000000000000000000000000000000000308370384931041,0.248754908070634,0.247651758155907,897.344746721233,683,3.67755699882384,4.78392179811147,"OK","more nearby plots are associated with higher DGR"
"NW",150,"proximity_pressure",4.0730061647968,0.00000000000000000000000000000000000000000000000143767864353528,0.270351962567832,0.269280526389518,877.421858524718,683,3.56955876997509,4.5764535596185,"OK","more nearby plots are associated with higher DGR"
"NW",160,"proximity_pressure",3.94462653330892,0.0000000000000000000000000000000000000000000000000859411452469401,0.276340755012351,0.275278112949227,871.792810295126,683,3.46434314757047,4.42490991904737,"OK","more nearby plots are associated with higher DGR"
"NW",170,"proximity_pressure",3.88486877176801,0.0000000000000000000000000000000000000000000000000047886815487122,0.282428646348237,0.281374943919967,866.022665646356,683,3.41895922256181,4.3507783209742,"OK","more nearby plots are associated with higher DGR"
"NW",180,"proximity_pressure",3.83645974581858,0.00000000000000000000000000000000000000000000000000343109299242098,0.283128283280002,0.282075608218739,865.35641116452,683,3.37714876807501,4.29577072356216,"OK","more nearby plots are associated with higher DGR"
"NW",190,"proximity_pressure",3.79932040381082,0.000000000000000000000000000000000000000000000000000287584038010451,0.288309979648178,0.287264913538998,860.401617754253,683,3.35019398244027,4.24844682518137,"OK","more nearby plots are associated with higher DGR"
"NW",200,"proximity_pressure",3.64107896247893,0.000000000000000000000000000000000000000000000000000741896462497093,0.286333550253796,0.285285581898809,862.295743427154,683,3.20857638195839,4.07358154299946,"OK","more nearby plots are associated with higher DGR"
"NW",210,"proximity_pressure",3.5426192168395,0.00000000000000000000000000000000000000000000000000150772844654997,0.284851064735663,0.283800919456273,863.713054554752,683,3.12028051259343,3.96495792108556,"OK","more nearby plots are associated with higher DGR"
"NW",220,"proximity_pressure",3.49481317726608,0.0000000000000000000000000000000000000000000000000000898928854386667,0.290727829330183,0.289686313661064,858.077287188662,683,3.08410419020609,3.90552216432608,"OK","more nearby plots are associated with higher DGR"
"NW",230,"proximity_pressure",3.41844099204134,0.0000000000000000000000000000000000000000000000000000394762167395924,0.292433909227807,0.291394898815513,856.432423177037,683,3.01836286079167,3.81851912329101,"OK","more nearby plots are associated with higher DGR"
"NW",240,"proximity_pressure",3.31944197883368,0.0000000000000000000000000000000000000000000000000000382380577389334,0.292499894510622,0.291460980993017,856.368725876776,683,2.93101215852476,3.7078717991426,"OK","more nearby plots are associated with higher DGR"
"NW",250,"proximity_pressure",3.23304183957417,0.0000000000000000000000000000000000000000000000000000469982498315506,0.292072656978487,0.291033116092993,856.781044068878,683,2.85433137821852,3.61175230092981,"OK","more nearby plots are associated with higher DGR"
"NW",260,"proximity_pressure",3.19658191507231,0.00000000000000000000000000000000000000000000000000000930559917785825,0.295420048439014,0.294385422959482,853.543860577845,683,2.82515097228027,3.56801285786435,"OK","more nearby plots are associated with higher DGR"
"NW",270,"proximity_pressure",3.13415777755753,0.00000000000000000000000000000000000000000000000000000166312554925893,0.298961984022985,0.297932559623606,850.101748738157,683,2.77305507287568,3.49526048223937,"OK","more nearby plots are associated with higher DGR"
"NW",280,"proximity_pressure",3.05948430495642,0.00000000000000000000000000000000000000000000000000000247257269781433,0.298147833674402,0.297117213753219,850.894490404644,683,2.70629925875733,3.41266935115552,"OK","more nearby plots are associated with higher DGR"
"NW",290,"proximity_pressure",2.99991457597745,0.00000000000000000000000000000000000000000000000000000210025627540157,0.298483000818341,0.297452873066239,850.568248145245,683,2.65388336621765,3.34594578573725,"OK","more nearby plots are associated with higher DGR"
"NW",300,"proximity_pressure",2.95431551351468,0.000000000000000000000000000000000000000000000000000000824855650859633,0.30039937689286,0.299372063202542,848.699902969553,683,2.61509700563564,3.29353402139372,"OK","more nearby plots are associated with higher DGR"
"NW",310,"proximity_pressure",2.91615898605124,0.000000000000000000000000000000000000000000000000000000251844559111118,0.302824584370735,0.301800831924877,846.328129219163,683,2.58324369030275,3.24907428179973,"OK","more nearby plots are associated with higher DGR"
"NW",320,"proximity_pressure",2.84816641787051,0.0000000000000000000000000000000000000000000000000000000714428375902374,0.305390972337767,0.304370988449864,843.809283751977,683,2.52497891407632,3.1713539216647,"OK","more nearby plots are associated with higher DGR"
"NW",330,"proximity_pressure",2.80601662094199,0.0000000000000000000000000000000000000000000000000000000314420517625585,0.307057776113488,0.306040239808221,842.168367749579,683,2.48885853643323,3.12317470545075,"OK","more nearby plots are associated with higher DGR"
"NW",340,"proximity_pressure",2.77134160223647,0.0000000000000000000000000000000000000000000000000000000154704332405311,0.308494882250116,0.307479456232862,840.750410107794,683,2.45915744251014,3.08352576196279,"OK","more nearby plots are associated with higher DGR"
"NW",350,"proximity_pressure",2.7382463730744,0.00000000000000000000000000000000000000000000000000000000744192641203683,0.309974662227019,0.308961409161273,839.287264497498,683,2.43085687417243,3.04563587197638,"OK","more nearby plots are associated with higher DGR"
"NW",360,"proximity_pressure",2.69550381444096,0.00000000000000000000000000000000000000000000000000000000587028933933306,0.310453685353896,0.309441135699496,838.81295378195,683,2.39325100511429,2.99775662376764,"OK","more nearby plots are associated with higher DGR"
"NW",370,"proximity_pressure",2.65730668414746,0.00000000000000000000000000000000000000000000000000000000522621261243396,0.310688238953202,0.309676033724059,838.580587430843,683,2.35950016402367,2.95511320427125,"OK","more nearby plots are associated with higher DGR"
"NW",380,"proximity_pressure",2.63570535126559,0.00000000000000000000000000000000000000000000000000000000440265130830374,0.311034181866772,0.310022484630159,838.237726140056,683,2.3405581150495,2.93085258748167,"OK","more nearby plots are associated with higher DGR"
"NW",390,"proximity_pressure",2.61272290017967,0.00000000000000000000000000000000000000000000000000000000312133633571786,0.311727538674385,0.310716859582864,837.550027073495,683,2.32062189760259,2.90482390275676,"OK","more nearby plots are associated with higher DGR"
"NW",400,"proximity_pressure",2.59254798044062,0.00000000000000000000000000000000000000000000000000000000284037705079048,0.311917565643036,0.310907165592585,837.361429756305,683,2.30283082914637,2.88226513173487,"OK","more nearby plots are associated with higher DGR"
"NW",410,"proximity_pressure",2.56242368187198,0.00000000000000000000000000000000000000000000000000000000314493412953672,0.311712362946827,0.310701661570831,837.565086382471,683,2.27593597277547,2.8489113909685,"OK","more nearby plots are associated with higher DGR"
"NW",420,"proximity_pressure",2.54171410382211,0.00000000000000000000000000000000000000000000000000000000404175061536449,0.311206663522657,0.310195219563072,838.066716611735,683,2.2572065458359,2.82622166180832,"OK","more nearby plots are associated with higher DGR"
"NW",430,"proximity_pressure",2.52822054565372,0.00000000000000000000000000000000000000000000000000000000310841081125667,0.311735899635995,0.310725232821951,837.541730110031,683,2.24557236775115,2.81086872355628,"OK","more nearby plots are associated with higher DGR"
"NW",440,"proximity_pressure",2.51522426490452,0.00000000000000000000000000000000000000000000000000000000263864339031054,0.312065949694588,0.31105576753555,837.21412584137,683,2.23424516988293,2.79620335992611,"OK","more nearby plots are associated with higher DGR"
"NW",450,"proximity_pressure",2.50058891957551,0.00000000000000000000000000000000000000000000000000000000216680779858338,0.312462595746841,0.311452996034281,836.820211070838,683,2.22150260945962,2.77967522969139,"OK","more nearby plots are associated with higher DGR"
"NW",460,"proximity_pressure",2.48529902750568,0.00000000000000000000000000000000000000000000000000000000235362055247046,0.312296121324341,0.311286277155948,836.985566827001,683,2.20781168609763,2.76278636891373,"OK","more nearby plots are associated with higher DGR"
"NW",470,"proximity_pressure",2.47615508051272,0.00000000000000000000000000000000000000000000000000000000203470763328696,0.31258919236601,0.311579778551569,836.694438346616,683,2.19987719464021,2.75243296638523,"OK","more nearby plots are associated with higher DGR"
"NW",480,"proximity_pressure",2.46834188320951,0.00000000000000000000000000000000000000000000000000000000145834362195914,0.313259096958207,0.31225066685095,836.028507694035,683,2.19336447852466,2.74331928789436,"OK","more nearby plots are associated with higher DGR"
"NW",490,"proximity_pressure",2.46143785545426,0.000000000000000000000000000000000000000000000000000000000929573192037565,0.314163873434088,0.313156771926649,835.12806653962,683,2.18780514178567,2.73507056912286,"OK","more nearby plots are associated with higher DGR"
"NW",500,"proximity_pressure",2.4551395194318,0.000000000000000000000000000000000000000000000000000000000768119248808938,0.314546821647271,0.31354028247201,834.746595415379,683,2.18244933346279,2.72782970540081,"OK","more nearby plots are associated with higher DGR"
"SE",10,"has_neighbour",NA,NA,NA,NA,NA,683,NA,NA,"Skipped: predictor has insufficient variation",NA
"SE",20,"has_neighbour",NA,NA,NA,NA,NA,683,NA,NA,"Skipped: predictor has insufficient variation",NA
"SE",30,"has_neighbour",NA,NA,NA,NA,NA,683,NA,NA,"Skipped: predictor has insufficient variation",NA
"SE",40,"has_neighbour",-0.524812238252766,0.167339771972456,0.00279786266006699,0.00133354234091876,1090.78506015709,683,-1.27028098818576,0.220656511680224,"OK","more nearby plots are associated with lower DGR"
"SE",50,"has_neighbour",-0.353646112304148,0.000000000000000414572250722924,0.0926530219303619,0.0913206475132259,1026.2903521238,683,-0.43691310443172,-0.270379120176577,"OK","more nearby plots are associated with lower DGR"
"SE",60,"has_neighbour",-0.371344480032457,0.000000000000000164803089012486,0.0950746324129646,0.093745813958358,1024.46506251105,683,-0.457542662965859,-0.285146297099054,"OK","more nearby plots are associated with lower DGR"
"SE",70,"has_neighbour",-0.400653868874656,0.000000000000000000853449403361105,0.108783330372527,0.107474642164557,1014.03913591492,683,-0.486937199413353,-0.314370538335958,"OK","more nearby plots are associated with lower DGR"
"SE",80,"has_neighbour",-0.405341236147737,0.000000000000000000941222074627635,0.108530044897406,0.107220984757754,1014.23321823794,683,-0.492748240488635,-0.317934231806839,"OK","more nearby plots are associated with lower DGR"
"SE",90,"has_neighbour",-0.421593461528532,0.0000000000000000000862472850964457,0.114695299876358,0.113395292974562,1009.49329689968,683,-0.509721585579368,-0.333465337477696,"OK","more nearby plots are associated with lower DGR"
"SE",100,"has_neighbour",-0.485250057831854,0.00000000000000000000000587229342627011,0.139055466348005,0.13779123061577,990.436368749355,683,-0.576096146505799,-0.39440396915791,"OK","more nearby plots are associated with lower DGR"
"SE",110,"has_neighbour",-0.510399186186825,0.0000000000000000000000000977915704253322,0.149261201364775,0.148011952027572,982.291638368727,683,-0.602080686372565,-0.418717686001086,"OK","more nearby plots are associated with lower DGR"
"SE",120,"has_neighbour",-0.530418373087761,0.00000000000000000000000000304568181228673,0.157817109124572,0.156580423528573,975.387911172776,683,-0.622610070004249,-0.438226676171272,"OK","more nearby plots are associated with lower DGR"
"SE",130,"has_neighbour",-0.562235032211639,0.0000000000000000000000000000579858122473599,0.167486626295127,0.166264139696441,967.500685579152,683,-0.656547808422988,-0.467922256000291,"OK","more nearby plots are associated with lower DGR"
"SE",140,"has_neighbour",-0.587918324883622,0.000000000000000000000000000000348651901897707,0.17981237723277,0.178607990121511,957.312945637145,683,-0.682392018588054,-0.49344463117919,"OK","more nearby plots are associated with lower DGR"
"SE",150,"has_neighbour",-0.587918324883622,0.000000000000000000000000000000348651901897707,0.17981237723277,0.178607990121511,957.312945637145,683,-0.682392018588054,-0.49344463117919,"OK","more nearby plots are associated with lower DGR"
"SE",160,"has_neighbour",-0.587918324883622,0.000000000000000000000000000000348651901897707,0.17981237723277,0.178607990121511,957.312945637145,683,-0.682392018588054,-0.49344463117919,"OK","more nearby plots are associated with lower DGR"
"SE",170,"has_neighbour",-0.600147697117054,0.0000000000000000000000000000000640598313317367,0.183857079275443,0.182658631521075,953.936443093234,683,-0.695284413756846,-0.505010980477262,"OK","more nearby plots are associated with lower DGR"
"SE",180,"has_neighbour",-0.600147697117054,0.0000000000000000000000000000000640598313317367,0.183857079275443,0.182658631521075,953.936443093234,683,-0.695284413756846,-0.505010980477262,"OK","more nearby plots are associated with lower DGR"
"SE",190,"has_neighbour",-0.692791294872662,0.0000000000000000000000000000000000000000125350780482286,0.235443805651313,0.234321109330683,909.340668277156,683,-0.786722647773587,-0.598859941971737,"OK","more nearby plots are associated with lower DGR"
"SE",200,"has_neighbour",-0.692791294872662,0.0000000000000000000000000000000000000000125350780482286,0.235443805651313,0.234321109330683,909.340668277156,683,-0.786722647773587,-0.598859941971737,"OK","more nearby plots are associated with lower DGR"
"SE",210,"has_neighbour",-0.692791294872662,0.0000000000000000000000000000000000000000125350780482286,0.235443805651313,0.234321109330683,909.340668277156,683,-0.786722647773587,-0.598859941971737,"OK","more nearby plots are associated with lower DGR"
"SE",220,"has_neighbour",-0.692791294872662,0.0000000000000000000000000000000000000000125350780482286,0.235443805651313,0.234321109330683,909.340668277156,683,-0.786722647773587,-0.598859941971737,"OK","more nearby plots are associated with lower DGR"
"SE",230,"has_neighbour",-0.692791294872662,0.0000000000000000000000000000000000000000125350780482286,0.235443805651313,0.234321109330683,909.340668277156,683,-0.786722647773587,-0.598859941971737,"OK","more nearby plots are associated with lower DGR"
"SE",240,"has_neighbour",-0.692791294872662,0.0000000000000000000000000000000000000000125350780482286,0.235443805651313,0.234321109330683,909.340668277156,683,-0.786722647773587,-0.598859941971737,"OK","more nearby plots are associated with lower DGR"
"SE",250,"has_neighbour",-0.692791294872662,0.0000000000000000000000000000000000000000125350780482286,0.235443805651313,0.234321109330683,909.340668277156,683,-0.786722647773587,-0.598859941971737,"OK","more nearby plots are associated with lower DGR"
"SE",260,"has_neighbour",-0.692791294872662,0.0000000000000000000000000000000000000000125350780482286,0.235443805651313,0.234321109330683,909.340668277156,683,-0.786722647773587,-0.598859941971737,"OK","more nearby plots are associated with lower DGR"
"SE",270,"has_neighbour",-0.692791294872662,0.0000000000000000000000000000000000000000125350780482286,0.235443805651313,0.234321109330683,909.340668277156,683,-0.786722647773587,-0.598859941971737,"OK","more nearby plots are associated with lower DGR"
"SE",280,"has_neighbour",-0.692791294872662,0.0000000000000000000000000000000000000000125350780482286,0.235443805651313,0.234321109330683,909.340668277156,683,-0.786722647773587,-0.598859941971737,"OK","more nearby plots are associated with lower DGR"
"SE",290,"has_neighbour",-0.692791294872662,0.0000000000000000000000000000000000000000125350780482286,0.235443805651313,0.234321109330683,909.340668277156,683,-0.786722647773587,-0.598859941971737,"OK","more nearby plots are associated with lower DGR"
"SE",300,"has_neighbour",-0.692791294872662,0.0000000000000000000000000000000000000000125350780482286,0.235443805651313,0.234321109330683,909.340668277156,683,-0.786722647773587,-0.598859941971737,"OK","more nearby plots are associated with lower DGR"
"SE",310,"has_neighbour",-0.692791294872662,0.0000000000000000000000000000000000000000125350780482286,0.235443805651313,0.234321109330683,909.340668277156,683,-0.786722647773587,-0.598859941971737,"OK","more nearby plots are associated with lower DGR"
"SE",320,"has_neighbour",-0.692791294872662,0.0000000000000000000000000000000000000000125350780482286,0.235443805651313,0.234321109330683,909.340668277156,683,-0.786722647773587,-0.598859941971737,"OK","more nearby plots are associated with lower DGR"
"SE",330,"has_neighbour",-0.692791294872662,0.0000000000000000000000000000000000000000125350780482286,0.235443805651313,0.234321109330683,909.340668277156,683,-0.786722647773587,-0.598859941971737,"OK","more nearby plots are associated with lower DGR"
"SE",340,"has_neighbour",-0.692791294872662,0.0000000000000000000000000000000000000000125350780482286,0.235443805651313,0.234321109330683,909.340668277156,683,-0.786722647773587,-0.598859941971737,"OK","more nearby plots are associated with lower DGR"
"SE",350,"has_neighbour",-0.692791294872662,0.0000000000000000000000000000000000000000125350780482286,0.235443805651313,0.234321109330683,909.340668277156,683,-0.786722647773587,-0.598859941971737,"OK","more nearby plots are associated with lower DGR"
"SE",360,"has_neighbour",-0.692791294872662,0.0000000000000000000000000000000000000000125350780482286,0.235443805651313,0.234321109330683,909.340668277156,683,-0.786722647773587,-0.598859941971737,"OK","more nearby plots are associated with lower DGR"
"SE",370,"has_neighbour",-0.692791294872662,0.0000000000000000000000000000000000000000125350780482286,0.235443805651313,0.234321109330683,909.340668277156,683,-0.786722647773587,-0.598859941971737,"OK","more nearby plots are associated with lower DGR"
"SE",380,"has_neighbour",-0.692791294872662,0.0000000000000000000000000000000000000000125350780482286,0.235443805651313,0.234321109330683,909.340668277156,683,-0.786722647773587,-0.598859941971737,"OK","more nearby plots are associated with lower DGR"
"SE",390,"has_neighbour",-0.692791294872662,0.0000000000000000000000000000000000000000125350780482286,0.235443805651313,0.234321109330683,909.340668277156,683,-0.786722647773587,-0.598859941971737,"OK","more nearby plots are associated with lower DGR"
"SE",400,"has_neighbour",-0.692791294872662,0.0000000000000000000000000000000000000000125350780482286,0.235443805651313,0.234321109330683,909.340668277156,683,-0.786722647773587,-0.598859941971737,"OK","more nearby plots are associated with lower DGR"
"SE",410,"has_neighbour",-0.692791294872662,0.0000000000000000000000000000000000000000125350780482286,0.235443805651313,0.234321109330683,909.340668277156,683,-0.786722647773587,-0.598859941971737,"OK","more nearby plots are associated with lower DGR"
"SE",420,"has_neighbour",-0.692791294872662,0.0000000000000000000000000000000000000000125350780482286,0.235443805651313,0.234321109330683,909.340668277156,683,-0.786722647773587,-0.598859941971737,"OK","more nearby plots are associated with lower DGR"
"SE",430,"has_neighbour",-0.692791294872662,0.0000000000000000000000000000000000000000125350780482286,0.235443805651313,0.234321109330683,909.340668277156,683,-0.786722647773587,-0.598859941971737,"OK","more nearby plots are associated with lower DGR"
"SE",440,"has_neighbour",-0.692791294872662,0.0000000000000000000000000000000000000000125350780482286,0.235443805651313,0.234321109330683,909.340668277156,683,-0.786722647773587,-0.598859941971737,"OK","more nearby plots are associated with lower DGR"
"SE",450,"has_neighbour",-0.692791294872662,0.0000000000000000000000000000000000000000125350780482286,0.235443805651313,0.234321109330683,909.340668277156,683,-0.786722647773587,-0.598859941971737,"OK","more nearby plots are associated with lower DGR"
"SE",460,"has_neighbour",-0.692791294872662,0.0000000000000000000000000000000000000000125350780482286,0.235443805651313,0.234321109330683,909.340668277156,683,-0.786722647773587,-0.598859941971737,"OK","more nearby plots are associated with lower DGR"
"SE",470,"has_neighbour",-0.692791294872662,0.0000000000000000000000000000000000000000125350780482286,0.235443805651313,0.234321109330683,909.340668277156,683,-0.786722647773587,-0.598859941971737,"OK","more nearby plots are associated with lower DGR"
"SE",480,"has_neighbour",-0.692791294872662,0.0000000000000000000000000000000000000000125350780482286,0.235443805651313,0.234321109330683,909.340668277156,683,-0.786722647773587,-0.598859941971737,"OK","more nearby plots are associated with lower DGR"
"SE",490,"has_neighbour",-0.692791294872662,0.0000000000000000000000000000000000000000125350780482286,0.235443805651313,0.234321109330683,909.340668277156,683,-0.786722647773587,-0.598859941971737,"OK","more nearby plots are associated with lower DGR"
"SE",500,"has_neighbour",-0.692791294872662,0.0000000000000000000000000000000000000000125350780482286,0.235443805651313,0.234321109330683,909.340668277156,683,-0.786722647773587,-0.598859941971737,"OK","more nearby plots are associated with lower DGR"
"SE",10,"n_neighbours",NA,NA,NA,NA,NA,683,NA,NA,"Skipped: predictor has insufficient variation",NA
"SE",20,"n_neighbours",NA,NA,NA,NA,NA,683,NA,NA,"Skipped: predictor has insufficient variation",NA
"SE",30,"n_neighbours",NA,NA,NA,NA,NA,683,NA,NA,"Skipped: predictor has insufficient variation",NA
"SE",40,"n_neighbours",-0.290863885121345,0.226284086237502,0.00214914452617087,0.000683871610643982,1091.22923332208,683,-0.762423811440685,0.180696041197995,"OK","more nearby plots are associated with lower DGR"
"SE",50,"n_neighbours",-0.122333007993335,0.00000000000195908936449411,0.0701911983921256,0.0688258403868277,1042.99246323853,683,-0.155833118277692,-0.0888328977089792,"OK","more nearby plots are associated with lower DGR"
"SE",60,"n_neighbours",-0.100453051012608,0.000000000000000374536525411169,0.0929198900720451,0.0915879075317692,1026.08943918187,683,-0.124067547758094,-0.0768385542671223,"OK","more nearby plots are associated with lower DGR"
"SE",70,"n_neighbours",-0.100489374467006,0.0000000000000000000134740117489647,0.119457623458196,0.118164609689412,1005.80931436768,683,-0.12101684430686,-0.0799619046271521,"OK","more nearby plots are associated with lower DGR"
"SE",80,"n_neighbours",-0.0992074049869586,0.0000000000000000000000365521996321846,0.134461554396415,0.133190572831652,994.071098202967,683,-0.118145456433904,-0.0802693535400133,"OK","more nearby plots are associated with lower DGR"
"SE",90,"n_neighbours",-0.0849980134824192,0.00000000000000000000000135611707531335,0.142721177667694,0.141462324771465,987.522097305933,683,-0.100671755620243,-0.0693242713445956,"OK","more nearby plots are associated with lower DGR"
"SE",100,"n_neighbours",-0.0591131729443768,0.0000000000000000000000000919769166015702,0.149413100880894,0.148164074597312,982.169677747169,683,-0.0697251514243595,-0.048501194464394,"OK","more nearby plots are associated with lower DGR"
"SE",110,"n_neighbours",-0.0565208583132377,0.00000000000000000000000000000298823770543708,0.174655791938617,0.173443832749099,961.593579069461,683,-0.0657653256125996,-0.0472763910138758,"OK","more nearby plots are associated with lower DGR"
"SE",120,"n_neighbours",-0.0563969562795632,0.00000000000000000000000000000000156532447618537,0.192650829151174,0.191465294392218,946.537343417123,683,-0.0650835200218316,-0.0477103925372948,"OK","more nearby plots are associated with lower DGR"
"SE",130,"n_neighbours",-0.0559566069071118,0.00000000000000000000000000000000000190556522847788,0.208317858433113,0.20715532959087,933.153085903912,683,-0.064164101955614,-0.0477491118586096,"OK","more nearby plots are associated with lower DGR"
"SE",140,"n_neighbours",-0.048191934551148,0.000000000000000000000000000000000000220154431286241,0.213293043429985,0.212137820292584,928.847350884915,683,-0.0551556271955142,-0.0412282419067819,"OK","more nearby plots are associated with lower DGR"
"SE",150,"n_neighbours",-0.0424550540372008,0.0000000000000000000000000000000000000000836309503240885,0.231190742923809,0.230061801283462,913.129522772978,683,-0.0482801161965198,-0.0366299918778819,"OK","more nearby plots are associated with lower DGR"
"SE",160,"n_neighbours",-0.0397028500078214,0.000000000000000000000000000000000000000000264333232443554,0.244020782102612,0.242910680461059,901.635307387379,683,-0.0449607253883981,-0.0344449746272446,"OK","more nearby plots are associated with lower DGR"
"SE",170,"n_neighbours",-0.0379087449651702,0.00000000000000000000000000000000000000000000312542581554211,0.25376690215907,0.252671112000713,892.772787318813,683,-0.0427998417386227,-0.0330176481917176,"OK","more nearby plots are associated with lower DGR"
"SE",180,"n_neighbours",-0.0376213096080579,0.0000000000000000000000000000000000000000000000000865373671891111,0.276326117189741,0.275263453632017,871.80662554284,683,-0.0422021111428542,-0.0330405080732616,"OK","more nearby plots are associated with lower DGR"
"SE",190,"n_neighbours",-0.0373202869667056,0.00000000000000000000000000000000000000000000000000000000142568632499898,0.313304627999441,0.312296264751275,835.983223174121,683,-0.0414773892869022,-0.0331631846465089,"OK","more nearby plots are associated with lower DGR"
"SE",200,"n_neighbours",-0.033937817631467,0.000000000000000000000000000000000000000000000000000000000206607532574555,0.317176879828855,0.316174202706724,832.120909430342,683,-0.0376843918791788,-0.0301912433837552,"OK","more nearby plots are associated with lower DGR"
"SE",210,"n_neighbours",-0.032072070261194,0.00000000000000000000000000000000000000000000000000000000000618359577454434,0.324155971094598,0.323163542270948,825.104089655015,683,-0.0355564084967012,-0.0285877320256868,"OK","more nearby plots are associated with lower DGR"
"SE",220,"n_neighbours",-0.0300386515637449,0.000000000000000000000000000000000000000000000000000000000000203652216440683,0.330876940914185,0.329894381356056,818.277958907443,683,-0.0332526618699875,-0.0268246412575023,"OK","more nearby plots are associated with lower DGR"
"SE",230,"n_neighbours",-0.0282011415770934,0.000000000000000000000000000000000000000000000000000000000000000676403488393454,0.341967563412719,0.341001289643868,806.862459325782,683,-0.0311445123102729,-0.0252577708439138,"OK","more nearby plots are associated with lower DGR"
"SE",240,"n_neighbours",-0.0260357380540805,0.00000000000000000000000000000000000000000000000000000000000000016827144351484,0.344643223255352,0.343680878502423,804.07961600388,683,-0.028737026764298,-0.0233344493438631,"OK","more nearby plots are associated with lower DGR"
"SE",250,"n_neighbours",-0.0242805692021229,0.000000000000000000000000000000000000000000000000000000000000000709481692690684,0.341875545501304,0.340909136610704,806.957961972957,683,-0.0268152655782714,-0.0217458728259745,"OK","more nearby plots are associated with lower DGR"
"SE",260,"n_neighbours",-0.0231618815388934,0.0000000000000000000000000000000000000000000000000000000000000000717257661842676,0.346277902841202,0.345317958498825,802.373856695239,683,-0.0255563279061597,-0.0207674351716271,"OK","more nearby plots are associated with lower DGR"
"SE",270,"n_neighbours",-0.0214393718262652,0.0000000000000000000000000000000000000000000000000000000000000000690718019856375,0.346350086907645,0.345390248562429,802.298435595439,683,-0.0236553939618599,-0.0192233496906706,"OK","more nearby plots are associated with lower DGR"
"SE",280,"n_neighbours",-0.0199908030592869,0.0000000000000000000000000000000000000000000000000000000000000000598699618017818,0.346623737236553,0.345664300727355,802.01243799137,683,-0.0220558496340564,-0.0179257564845174,"OK","more nearby plots are associated with lower DGR"
"SE",290,"n_neighbours",-0.0186619436030504,0.00000000000000000000000000000000000000000000000000000000000000212552469529474,0.339757335891902,0.338787816561347,809.152704829788,683,-0.0206193063930333,-0.0167045808130675,"OK","more nearby plots are associated with lower DGR"
"SE",300,"n_neighbours",-0.0175885293960427,0.0000000000000000000000000000000000000000000000000000000000000109833093966213,0.336574139460057,0.335599945832246,812.43770755307,683,-0.0194464726246401,-0.0157305861674454,"OK","more nearby plots are associated with lower DGR"
"SE",310,"n_neighbours",-0.0166186395378971,0.0000000000000000000000000000000000000000000000000000000000000773308390364739,0.332771558092141,0.331791780644405,816.341306165123,683,-0.0183891835530406,-0.0148480955227536,"OK","more nearby plots are associated with lower DGR"
"SE",320,"n_neighbours",-0.0151913517746561,0.0000000000000000000000000000000000000000000000000000000000199361600135122,0.321835518495292,0.32083968225226,827.445095143128,683,-0.0168505338179987,-0.0135321697313135,"OK","more nearby plots are associated with lower DGR"
"SE",330,"n_neighbours",-0.0143406872065819,0.000000000000000000000000000000000000000000000000000000000264947569676885,0.316679504479272,0.315676096996863,832.618232515371,683,-0.0159256508070903,-0.0127557236060735,"OK","more nearby plots are associated with lower DGR"
"SE",340,"n_neighbours",-0.0136647355829063,0.00000000000000000000000000000000000000000000000000000000473629134586289,0.310886837175836,0.309874923574039,838.383779342642,683,-0.0151954438305524,-0.0121340273352603,"OK","more nearby plots are associated with lower DGR"
"SE",350,"n_neighbours",-0.0130698473431867,0.0000000000000000000000000000000000000000000000000000000165110140752745,0.308363097118365,0.30734747758403,840.880561956145,683,-0.0145425852953051,-0.0115971093910682,"OK","more nearby plots are associated with lower DGR"
"SE",360,"n_neighbours",-0.012390225872598,0.000000000000000000000000000000000000000000000000000000304737970813147,0.302435442889947,0.301411119017539,846.709252071406,683,-0.0138060267214307,-0.0109744250237653,"OK","more nearby plots are associated with lower DGR"
"SE",370,"n_neighbours",-0.011765462209601,0.00000000000000000000000000000000000000000000000000000761942758459781,0.295832173934748,0.294798153632156,853.144240821793,683,-0.0131312130113624,-0.0103997114078396,"OK","more nearby plots are associated with lower DGR"
"SE",380,"n_neighbours",-0.0113904910298157,0.0000000000000000000000000000000000000000000000000000326432509908407,0.292827365700243,0.291788933050758,856.052521541717,683,-0.0127223137628647,-0.0100586682967667,"OK","more nearby plots are associated with lower DGR"
"SE",390,"n_neighbours",-0.0110220707465919,0.000000000000000000000000000000000000000000000000000120695183806016,0.290115974091887,0.289073559956926,858.666224692029,683,-0.0123193042584092,-0.00972483723477467,"OK","more nearby plots are associated with lower DGR"
"SE",400,"n_neighbours",-0.0107204332747605,0.000000000000000000000000000000000000000000000000000396148438559829,0.28764264980687,0.286596603771344,861.041745778649,683,-0.0119897842964572,-0.00945108225306376,"OK","more nearby plots are associated with lower DGR"
"SE",410,"n_neighbours",-0.0103095079989621,0.00000000000000000000000000000000000000000000000000632785231407134,0.281843225891169,0.280788663814651,866.579654377866,683,-0.0115477081553174,-0.0090713078426069,"OK","more nearby plots are associated with lower DGR"
"SE",420,"n_neighbours",-0.0100468750631654,0.0000000000000000000000000000000000000000000000000204220968357155,0.279377005117925,0.278318821571843,868.921125218836,683,-0.0112609257401292,-0.00883282438620159,"OK","more nearby plots are associated with lower DGR"
"SE",430,"n_neighbours",-0.00982624394365043,0.0000000000000000000000000000000000000000000000000742952124932523,0.276648992798578,0.275586803360691,871.501829065575,683,-0.0110217303014728,-0.00863075758582807,"OK","more nearby plots are associated with lower DGR"
"SE",440,"n_neighbours",-0.00963210437816602,0.000000000000000000000000000000000000000000000000209195293494504,0.274454838375368,0.273389426977975,873.570450197828,683,-0.0108104292480085,-0.00845377950832358,"OK","more nearby plots are associated with lower DGR"
"SE",450,"n_neighbours",-0.00941182792301457,0.000000000000000000000000000000000000000000000000776348522521295,0.271666040244849,0.270596533696016,876.190683793942,683,-0.0105713223524848,-0.00825233349354437,"OK","more nearby plots are associated with lower DGR"
"SE",460,"n_neighbours",-0.00922086918587237,0.00000000000000000000000000000000000000000000000243157158679996,0.269229413901928,0.268156329340844,878.471832658783,683,-0.0103638744264223,-0.00807786394532242,"OK","more nearby plots are associated with lower DGR"
"SE",470,"n_neighbours",-0.00907573254446424,0.00000000000000000000000000000000000000000000000465016524977802,0.267842082393192,0.266766960634591,879.767244843475,683,-0.0102047268427951,-0.00794673824613338,"OK","more nearby plots are associated with lower DGR"
"SE",480,"n_neighbours",-0.00890937710156108,0.0000000000000000000000000000000000000000000000139811614155672,0.265480695315268,0.264402106027919,881.9665409712,683,-0.0100243891489653,-0.00779436505415682,"OK","more nearby plots are associated with lower DGR"
"SE",490,"n_neighbours",-0.00875339101743338,0.000000000000000000000000000000000000000000000035142930119795,0.263497723481874,0.262416222341612,883.807942348159,683,-0.00985447900958139,-0.00765230302528537,"OK","more nearby plots are associated with lower DGR"
"SE",500,"n_neighbours",-0.00864605347569811,0.0000000000000000000000000000000000000000000000681013613943928,0.262071165133202,0.260987569193603,885.129590607819,683,-0.00973765120202578,-0.00755445574937043,"OK","more nearby plots are associated with lower DGR"
"SE",10,"nearest_distance_m",NA,NA,NA,NA,NA,0,NA,NA,"Skipped: sample size < 10",NA
"SE",20,"nearest_distance_m",NA,NA,NA,NA,NA,0,NA,NA,"Skipped: sample size < 10",NA
"SE",30,"nearest_distance_m",NA,NA,NA,NA,NA,0,NA,NA,"Skipped: sample size < 10",NA
"SE",40,"nearest_distance_m",NA,NA,NA,NA,NA,2,NA,NA,"Skipped: sample size < 10",NA
"SE",50,"nearest_distance_m",0.0169649619195595,0.0921229436109068,0.00601135251251054,0.00390097321848182,609.032770062449,473,-0.00278710581406968,0.0367170296531888,"OK","more spacing to the nearest plot is associated with higher DGR"
"SE",60,"nearest_distance_m",0.0175500670999488,0.0302841523629887,0.00944566923668647,0.00744454937655847,646.832539687744,497,0.00167884972124286,0.0334212844786547,"OK","more spacing to the nearest plot is associated with higher DGR"
"SE",70,"nearest_distance_m",0.00262730694838228,0.698056859118096,0.000301258145148882,-0.00169813933856089,660.302752447185,502,-0.0106708549592149,0.0159254688559795,"OK","more spacing to the nearest plot is associated with higher DGR"
"SE",80,"nearest_distance_m",0.00460811714639721,0.286582863455831,0.00223955076882865,0.000271581440956514,671.011439661675,509,-0.00387857208057702,0.0130948063733714,"OK","more spacing to the nearest plot is associated with higher DGR"
"SE",90,"nearest_distance_m",0.00209157477125441,0.519084357403013,0.00081081645480594,-0.00113692074508731,675.932221624272,515,-0.0042771315753835,0.00846028111789233,"OK","more spacing to the nearest plot is associated with higher DGR"
"SE",100,"nearest_distance_m",-0.0000149732833952931,0.993385337583649,0.000000129070016098285,-0.00187604329570612,720.803709663095,535,-0.00356127858998745,0.00353133202319686,"OK","closer nearest plots are associated with higher DGR"
"SE",110,"nearest_distance_m",-0.000303325258454419,0.849166735102746,0.0000671640782948213,-0.00178799888259884,731.450412020137,541,-0.00343484727193086,0.00282819675502202,"OK","closer nearest plots are associated with higher DGR"
"SE",120,"nearest_distance_m",-0.000617417778998377,0.670680600992881,0.000333229177885669,-0.00150777776653821,733.569763235191,545,-0.00346812439656623,0.00223328883856948,"OK","closer nearest plots are associated with higher DGR"
"SE",130,"nearest_distance_m",0.0000776627903978291,0.947323047462254,0.00000790057522706194,-0.00180040340203291,740.877866638214,555,-0.00223024790757806,0.00238557348837372,"OK","more spacing to the nearest plot is associated with higher DGR"
"SE",140,"nearest_distance_m",-0.000505817326820245,0.649281596616699,0.000372220473557435,-0.00142567121623838,747.961448328111,558,-0.00268940102580955,0.00167776637216906,"OK","closer nearest plots are associated with higher DGR"
"SE",150,"nearest_distance_m",-0.000505817326820245,0.649281596616699,0.000372220473557435,-0.00142567121623838,747.961448328111,558,-0.00268940102580955,0.00167776637216906,"OK","closer nearest plots are associated with higher DGR"
"SE",160,"nearest_distance_m",-0.000505817326820245,0.649281596616699,0.000372220473557435,-0.00142567121623838,747.961448328111,558,-0.00268940102580955,0.00167776637216906,"OK","closer nearest plots are associated with higher DGR"
"SE",170,"nearest_distance_m",-0.000305366514617564,0.762225157370201,0.00016389444797757,-0.00162472112546053,749.371267910409,561,-0.0022868352231156,0.00167610219388047,"OK","closer nearest plots are associated with higher DGR"
"SE",180,"nearest_distance_m",-0.000305366514617564,0.762225157370201,0.00016389444797757,-0.00162472112546053,749.371267910409,561,-0.0022868352231156,0.00167610219388047,"OK","closer nearest plots are associated with higher DGR"
"SE",190,"nearest_distance_m",-0.00261370848952721,0.00208736773862944,0.0166378253825969,0.0148973613567254,772.904440524175,567,-0.00427413939945278,-0.000953277579601636,"OK","closer nearest plots are associated with higher DGR"
"SE",200,"nearest_distance_m",-0.00261370848952721,0.00208736773862944,0.0166378253825969,0.0148973613567254,772.904440524175,567,-0.00427413939945278,-0.000953277579601636,"OK","closer nearest plots are associated with higher DGR"
"SE",210,"nearest_distance_m",-0.00261370848952721,0.00208736773862944,0.0166378253825969,0.0148973613567254,772.904440524175,567,-0.00427413939945278,-0.000953277579601636,"OK","closer nearest plots are associated with higher DGR"
"SE",220,"nearest_distance_m",-0.00261370848952721,0.00208736773862944,0.0166378253825969,0.0148973613567254,772.904440524175,567,-0.00427413939945278,-0.000953277579601636,"OK","closer nearest plots are associated with higher DGR"
"SE",230,"nearest_distance_m",-0.00261370848952721,0.00208736773862944,0.0166378253825969,0.0148973613567254,772.904440524175,567,-0.00427413939945278,-0.000953277579601636,"OK","closer nearest plots are associated with higher DGR"
"SE",240,"nearest_distance_m",-0.00261370848952721,0.00208736773862944,0.0166378253825969,0.0148973613567254,772.904440524175,567,-0.00427413939945278,-0.000953277579601636,"OK","closer nearest plots are associated with higher DGR"
"SE",250,"nearest_distance_m",-0.00261370848952721,0.00208736773862944,0.0166378253825969,0.0148973613567254,772.904440524175,567,-0.00427413939945278,-0.000953277579601636,"OK","closer nearest plots are associated with higher DGR"
"SE",260,"nearest_distance_m",-0.00261370848952721,0.00208736773862944,0.0166378253825969,0.0148973613567254,772.904440524175,567,-0.00427413939945278,-0.000953277579601636,"OK","closer nearest plots are associated with higher DGR"
"SE",270,"nearest_distance_m",-0.00261370848952721,0.00208736773862944,0.0166378253825969,0.0148973613567254,772.904440524175,567,-0.00427413939945278,-0.000953277579601636,"OK","closer nearest plots are associated with higher DGR"
"SE",280,"nearest_distance_m",-0.00261370848952721,0.00208736773862944,0.0166378253825969,0.0148973613567254,772.904440524175,567,-0.00427413939945278,-0.000953277579601636,"OK","closer nearest plots are associated with higher DGR"
"SE",290,"nearest_distance_m",-0.00261370848952721,0.00208736773862944,0.0166378253825969,0.0148973613567254,772.904440524175,567,-0.00427413939945278,-0.000953277579601636,"OK","closer nearest plots are associated with higher DGR"
"SE",300,"nearest_distance_m",-0.00261370848952721,0.00208736773862944,0.0166378253825969,0.0148973613567254,772.904440524175,567,-0.00427413939945278,-0.000953277579601636,"OK","closer nearest plots are associated with higher DGR"
"SE",310,"nearest_distance_m",-0.00261370848952721,0.00208736773862944,0.0166378253825969,0.0148973613567254,772.904440524175,567,-0.00427413939945278,-0.000953277579601636,"OK","closer nearest plots are associated with higher DGR"
"SE",320,"nearest_distance_m",-0.00261370848952721,0.00208736773862944,0.0166378253825969,0.0148973613567254,772.904440524175,567,-0.00427413939945278,-0.000953277579601636,"OK","closer nearest plots are associated with higher DGR"
"SE",330,"nearest_distance_m",-0.00261370848952721,0.00208736773862944,0.0166378253825969,0.0148973613567254,772.904440524175,567,-0.00427413939945278,-0.000953277579601636,"OK","closer nearest plots are associated with higher DGR"
"SE",340,"nearest_distance_m",-0.00261370848952721,0.00208736773862944,0.0166378253825969,0.0148973613567254,772.904440524175,567,-0.00427413939945278,-0.000953277579601636,"OK","closer nearest plots are associated with higher DGR"
"SE",350,"nearest_distance_m",-0.00261370848952721,0.00208736773862944,0.0166378253825969,0.0148973613567254,772.904440524175,567,-0.00427413939945278,-0.000953277579601636,"OK","closer nearest plots are associated with higher DGR"
"SE",360,"nearest_distance_m",-0.00261370848952721,0.00208736773862944,0.0166378253825969,0.0148973613567254,772.904440524175,567,-0.00427413939945278,-0.000953277579601636,"OK","closer nearest plots are associated with higher DGR"
"SE",370,"nearest_distance_m",-0.00261370848952721,0.00208736773862944,0.0166378253825969,0.0148973613567254,772.904440524175,567,-0.00427413939945278,-0.000953277579601636,"OK","closer nearest plots are associated with higher DGR"
"SE",380,"nearest_distance_m",-0.00261370848952721,0.00208736773862944,0.0166378253825969,0.0148973613567254,772.904440524175,567,-0.00427413939945278,-0.000953277579601636,"OK","closer nearest plots are associated with higher DGR"
"SE",390,"nearest_distance_m",-0.00261370848952721,0.00208736773862944,0.0166378253825969,0.0148973613567254,772.904440524175,567,-0.00427413939945278,-0.000953277579601636,"OK","closer nearest plots are associated with higher DGR"
"SE",400,"nearest_distance_m",-0.00261370848952721,0.00208736773862944,0.0166378253825969,0.0148973613567254,772.904440524175,567,-0.00427413939945278,-0.000953277579601636,"OK","closer nearest plots are associated with higher DGR"
"SE",410,"nearest_distance_m",-0.00261370848952721,0.00208736773862944,0.0166378253825969,0.0148973613567254,772.904440524175,567,-0.00427413939945278,-0.000953277579601636,"OK","closer nearest plots are associated with higher DGR"
"SE",420,"nearest_distance_m",-0.00261370848952721,0.00208736773862944,0.0166378253825969,0.0148973613567254,772.904440524175,567,-0.00427413939945278,-0.000953277579601636,"OK","closer nearest plots are associated with higher DGR"
"SE",430,"nearest_distance_m",-0.00261370848952721,0.00208736773862944,0.0166378253825969,0.0148973613567254,772.904440524175,567,-0.00427413939945278,-0.000953277579601636,"OK","closer nearest plots are associated with higher DGR"
"SE",440,"nearest_distance_m",-0.00261370848952721,0.00208736773862944,0.0166378253825969,0.0148973613567254,772.904440524175,567,-0.00427413939945278,-0.000953277579601636,"OK","closer nearest plots are associated with higher DGR"
"SE",450,"nearest_distance_m",-0.00261370848952721,0.00208736773862944,0.0166378253825969,0.0148973613567254,772.904440524175,567,-0.00427413939945278,-0.000953277579601636,"OK","closer nearest plots are associated with higher DGR"
"SE",460,"nearest_distance_m",-0.00261370848952721,0.00208736773862944,0.0166378253825969,0.0148973613567254,772.904440524175,567,-0.00427413939945278,-0.000953277579601636,"OK","closer nearest plots are associated with higher DGR"
"SE",470,"nearest_distance_m",-0.00261370848952721,0.00208736773862944,0.0166378253825969,0.0148973613567254,772.904440524175,567,-0.00427413939945278,-0.000953277579601636,"OK","closer nearest plots are associated with higher DGR"
"SE",480,"nearest_distance_m",-0.00261370848952721,0.00208736773862944,0.0166378253825969,0.0148973613567254,772.904440524175,567,-0.00427413939945278,-0.000953277579601636,"OK","closer nearest plots are associated with higher DGR"
"SE",490,"nearest_distance_m",-0.00261370848952721,0.00208736773862944,0.0166378253825969,0.0148973613567254,772.904440524175,567,-0.00427413939945278,-0.000953277579601636,"OK","closer nearest plots are associated with higher DGR"
"SE",500,"nearest_distance_m",-0.00261370848952721,0.00208736773862944,0.0166378253825969,0.0148973613567254,772.904440524175,567,-0.00427413939945278,-0.000953277579601636,"OK","closer nearest plots are associated with higher DGR"
"SE",10,"neighbour_density_per_ha",NA,NA,NA,NA,NA,683,NA,NA,"Skipped: predictor has insufficient variation",NA
"SE",20,"neighbour_density_per_ha",NA,NA,NA,NA,NA,683,NA,NA,"Skipped: predictor has insufficient variation",NA
"SE",30,"neighbour_density_per_ha",NA,NA,NA,NA,NA,683,NA,NA,"Skipped: predictor has insufficient variation",NA
"SE",40,"neighbour_density_per_ha",-0.0365510337876718,0.226284086237504,0.00214914452617088,0.000683871610643982,1091.22923332208,683,-0.0958090017977588,0.0227069342224151,"OK","more nearby plots are associated with lower DGR"
"SE",50,"neighbour_density_per_ha",-0.0240200299502129,0.00000000000195908936449377,0.0701911983921257,0.0688258403868278,1042.99246323853,683,-0.0305977612229493,-0.0174422986774766,"OK","more nearby plots are associated with lower DGR"
"SE",60,"neighbour_density_per_ha",-0.02840243103827,0.00000000000000037453652541123,0.0929198900720451,0.0915879075317692,1026.08943918187,683,-0.0350792726927154,-0.0217255893838246,"OK","more nearby plots are associated with lower DGR"
"SE",70,"neighbour_density_per_ha",-0.0386728433721992,0.0000000000000000000134740117489628,0.119457623458196,0.118164609689412,1005.80931436768,683,-0.0465727395567939,-0.0307729471876045,"OK","more nearby plots are associated with lower DGR"
"SE",80,"neighbour_density_per_ha",-0.0498670807501976,0.0000000000000000000000365521996321934,0.134461554396415,0.133190572831651,994.071098202967,683,-0.0593863836780421,-0.040347777822353,"OK","more nearby plots are associated with lower DGR"
"SE",90,"neighbour_density_per_ha",-0.0540733997820336,0.00000000000000000000000135611707531403,0.142721177667694,0.141462324771465,987.522097305933,683,-0.0640446036958091,-0.044102195868258,"OK","more nearby plots are associated with lower DGR"
"SE",100,"neighbour_density_per_ha",-0.0464273774631094,0.0000000000000000000000000919769166015608,0.149413100880894,0.148164074597312,982.169677747169,683,-0.0547620058713011,-0.0380927490549176,"OK","more nearby plots are associated with lower DGR"
"SE",110,"neighbour_density_per_ha",-0.0537135677585657,0.00000000000000000000000000000298823770543738,0.174655791938617,0.173443832749099,961.593579069461,683,-0.0624988788011586,-0.0449282567159727,"OK","more nearby plots are associated with lower DGR"
"SE",120,"neighbour_density_per_ha",-0.0637834548717724,0.00000000000000000000000000000000156532447618496,0.192650829151174,0.191465294392218,946.537343417123,683,-0.0736077270133264,-0.0539591827302185,"OK","more nearby plots are associated with lower DGR"
"SE",130,"neighbour_density_per_ha",-0.0742724855382089,0.00000000000000000000000000000000000190556522847901,0.208317858433112,0.20715532959087,933.153085903912,683,-0.0851664816360554,-0.0633784894403625,"OK","more nearby plots are associated with lower DGR"
"SE",140,"neighbour_density_per_ha",-0.0741857194986018,0.000000000000000000000000000000000000220154431286203,0.213293043429985,0.212137820292584,928.847350884915,683,-0.0849054914687668,-0.0634659475284368,"OK","more nearby plots are associated with lower DGR"
"SE",150,"neighbour_density_per_ha",-0.0750242733024532,0.0000000000000000000000000000000000000000836309503240825,0.231190742923809,0.230061801283462,913.129522772978,683,-0.0853180078260646,-0.0647305387788417,"OK","more nearby plots are associated with lower DGR"
"SE",160,"neighbour_density_per_ha",-0.0798273164231357,0.000000000000000000000000000000000000000000264333232443482,0.244020782102612,0.242910680461059,901.635307387379,683,-0.0903989021313664,-0.069255730714905,"OK","more nearby plots are associated with lower DGR"
"SE",170,"neighbour_density_per_ha",-0.0860452955630826,0.00000000000000000000000000000000000000000000312542581554193,0.25376690215907,0.252671112000713,892.772787318813,683,-0.0971471104051734,-0.0749434807209917,"OK","more nearby plots are associated with lower DGR"
"SE",180,"neighbour_density_per_ha",-0.0957345722053124,0.0000000000000000000000000000000000000000000000000865373671891309,0.276326117189741,0.275263453632017,871.80662554284,683,-0.10739129228922,-0.0840778521214046,"OK","more nearby plots are associated with lower DGR"
"SE",190,"neighbour_density_per_ha",-0.10581373827643,0.00000000000000000000000000000000000000000000000000000000142568632499898,0.313304627999441,0.312296264751275,835.983223174121,683,-0.117600317980119,-0.0940271585727406,"OK","more nearby plots are associated with lower DGR"
"SE",200,"neighbour_density_per_ha",-0.106618798549886,0.000000000000000000000000000000000000000000000000000000000206607532574649,0.317176879828855,0.316174202706724,832.120909430342,683,-0.118389008682626,-0.0948485884171463,"OK","more nearby plots are associated with lower DGR"
"SE",210,"neighbour_density_per_ha",-0.111085011800575,0.00000000000000000000000000000000000000000000000000000000000618359577454822,0.324155971094598,0.323163542270948,825.104089655015,683,-0.123153386272704,-0.0990166373284465,"OK","more nearby plots are associated with lower DGR"
"SE",220,"neighbour_density_per_ha",-0.11418674056245,0.000000000000000000000000000000000000000000000000000000000000203652216440636,0.330876940914185,0.329894381356056,818.277958907443,683,-0.126404245074101,-0.101969236050799,"OK","more nearby plots are associated with lower DGR"
"SE",230,"neighbour_density_per_ha",-0.117168870193908,0.000000000000000000000000000000000000000000000000000000000000000676403488393203,0.341967563412719,0.341001289643868,806.862459325782,683,-0.129397858244824,-0.104939882142992,"OK","more nearby plots are associated with lower DGR"
"SE",240,"neighbour_density_per_ha",-0.117782904098141,0.000000000000000000000000000000000000000000000000000000000000000168271443515085,0.344643223255352,0.343680878502423,804.079616003881,683,-0.130003246322972,-0.10556256187331,"OK","more nearby plots are associated with lower DGR"
"SE",250,"neighbour_density_per_ha",-0.119186965359951,0.000000000000000000000000000000000000000000000000000000000000000709481692690219,0.341875545501304,0.340909136610704,806.957961972957,683,-0.131629127101183,-0.106744803618718,"OK","more nearby plots are associated with lower DGR"
"SE",260,"neighbour_density_per_ha",-0.122973182737178,0.0000000000000000000000000000000000000000000000000000000000000000717257661843207,0.346277902841202,0.345317958498825,802.373856695239,683,-0.135685996684601,-0.110260368789755,"OK","more nearby plots are associated with lower DGR"
"SE",270,"neighbour_density_per_ha",-0.122752251341661,0.0000000000000000000000000000000000000000000000000000000000000000690718019856768,0.346350086907645,0.345390248562429,802.298435595439,683,-0.13544020266652,-0.110064300016802,"OK","more nearby plots are associated with lower DGR"
"SE",280,"neighbour_density_per_ha",-0.123093801659615,0.0000000000000000000000000000000000000000000000000000000000000000598699618017955,0.346623737236552,0.345664300727355,802.01243799137,683,-0.135809370550904,-0.110378232768327,"OK","more nearby plots are associated with lower DGR"
"SE",290,"neighbour_density_per_ha",-0.123265842904918,0.00000000000000000000000000000000000000000000000000000000000000212552469529571,0.339757335891902,0.338787816561347,809.152704829788,683,-0.136194612775304,-0.110337073034531,"OK","more nearby plots are associated with lower DGR"
"SE",300,"neighbour_density_per_ha",-0.124325988160626,0.0000000000000000000000000000000000000000000000000000000000000109833093966141,0.336574139460058,0.335599945832246,812.437707553069,683,-0.13745901495556,-0.111192961365693,"OK","more nearby plots are associated with lower DGR"
"SE",310,"neighbour_density_per_ha",-0.125432112613506,0.0000000000000000000000000000000000000000000000000000000000000773308390365268,0.332771558092141,0.331791780644405,816.341306165124,683,-0.13879560580368,-0.112068619423332,"OK","more nearby plots are associated with lower DGR"
"SE",320,"neighbour_density_per_ha",-0.122176100181396,0.0000000000000000000000000000000000000000000000000000000000199361600135099,0.321835518495292,0.32083968225226,827.445095143128,683,-0.135520033924329,-0.108832166438463,"OK","more nearby plots are associated with lower DGR"
"SE",330,"neighbour_density_per_ha",-0.122655696899644,0.000000000000000000000000000000000000000000000000000000000264947569676945,0.316679504479272,0.315676096996863,832.618232515371,683,-0.136211868384348,-0.10909952541494,"OK","more nearby plots are associated with lower DGR"
"SE",340,"neighbour_density_per_ha",-0.124064905140261,0.00000000000000000000000000000000000000000000000000000000473629134586397,0.310886837175836,0.309874923574039,838.383779342642,683,-0.137962515700628,-0.110167294579894,"OK","more nearby plots are associated with lower DGR"
"SE",350,"neighbour_density_per_ha",-0.125746667715491,0.0000000000000000000000000000000000000000000000000000000165110140752825,0.308363097118365,0.30734747758403,840.880561956145,683,-0.139916067329295,-0.111577268101687,"OK","more nearby plots are associated with lower DGR"
"SE",360,"neighbour_density_per_ha",-0.126117137951656,0.000000000000000000000000000000000000000000000000000000304737970813512,0.302435442889947,0.301411119017538,846.709252071407,683,-0.140528235279526,-0.111706040623786,"OK","more nearby plots are associated with lower DGR"
"SE",370,"neighbour_density_per_ha",-0.126503436305806,0.00000000000000000000000000000000000000000000000000000761942758459629,0.295832173934748,0.294798153632156,853.144240821793,683,-0.141188126671752,-0.11181874593986,"OK","more nearby plots are associated with lower DGR"
"SE",380,"neighbour_density_per_ha",-0.129181261413578,0.0000000000000000000000000000000000000000000000000000326432509908551,0.292827365700243,0.291788933050758,856.052521541717,683,-0.144285662109229,-0.114076860717927,"OK","more nearby plots are associated with lower DGR"
"SE",390,"neighbour_density_per_ha",-0.131668621783605,0.000000000000000000000000000000000000000000000000000120695183806028,0.290115974091887,0.289073559956926,858.666224692029,683,-0.147165251460501,-0.116171992106709,"OK","more nearby plots are associated with lower DGR"
"SE",400,"neighbour_density_per_ha",-0.134716937677149,0.000000000000000000000000000000000000000000000000000396148438559784,0.28764264980687,0.286596603771344,861.041745778649,683,-0.150668073055505,-0.118765802298792,"OK","more nearby plots are associated with lower DGR"
"SE",410,"neighbour_density_per_ha",-0.136111723971471,0.00000000000000000000000000000000000000000000000000632785231407071,0.281843225891169,0.280788663814651,866.579654377866,683,-0.152459114935252,-0.11976433300769,"OK","more nearby plots are associated with lower DGR"
"SE",420,"neighbour_density_per_ha",-0.139193663004789,0.0000000000000000000000000000000000000000000000000204220968357158,0.279377005117925,0.278318821571843,868.921125218836,683,-0.156013635358142,-0.122373690651436,"OK","more nearby plots are associated with lower DGR"
"SE",430,"neighbour_density_per_ha",-0.142696832869644,0.0000000000000000000000000000000000000000000000000742952124932864,0.276648992798578,0.275586803360691,871.501829065575,683,-0.160057700153054,-0.125335965586235,"OK","more nearby plots are associated with lower DGR"
"SE",440,"neighbour_density_per_ha",-0.146459118028793,0.000000000000000000000000000000000000000000000000209195293494468,0.274454838375368,0.273389426977975,873.570450197828,683,-0.164375911121247,-0.12854232493634,"OK","more nearby plots are associated with lower DGR"
"SE",450,"neighbour_density_per_ha",-0.149688655390206,0.000000000000000000000000000000000000000000000000776348522521607,0.271666040244849,0.270596533696016,876.190683793942,683,-0.168129617496559,-0.131247693283853,"OK","more nearby plots are associated with lower DGR"
"SE",460,"neighbour_density_per_ha",-0.15324185678952,0.00000000000000000000000000000000000000000000000243157158680062,0.269229413901928,0.268156329340844,878.471832658783,683,-0.172237489614502,-0.134246223964537,"OK","more nearby plots are associated with lower DGR"
"SE",470,"neighbour_density_per_ha",-0.157458926512464,0.00000000000000000000000000000000000000000000000465016524977502,0.267842082393192,0.266766960634592,879.767244843475,683,-0.177046351481515,-0.137871501543412,"OK","more nearby plots are associated with lower DGR"
"SE",480,"neighbour_density_per_ha",-0.161220289825873,0.0000000000000000000000000000000000000000000000139811614155779,0.265480695315268,0.264402106027919,881.9665409712,683,-0.18139707248898,-0.141043507162767,"OK","more nearby plots are associated with lower DGR"
"SE",490,"neighbour_density_per_ha",-0.165066282458492,0.0000000000000000000000000000000000000000000000351429301197819,0.263497723481874,0.262416222341612,883.807942348159,683,-0.185829950065889,-0.144302614851096,"OK","more nearby plots are associated with lower DGR"
"SE",500,"neighbour_density_per_ha",-0.169764863011236,0.0000000000000000000000000000000000000000000000681013613943605,0.262071165133202,0.260987569193603,885.129590607818,683,-0.191198334246901,-0.148331391775572,"OK","more nearby plots are associated with lower DGR"
"SE",10,"proximity_pressure",NA,NA,NA,NA,NA,683,NA,NA,"Skipped: predictor has insufficient variation",NA
"SE",20,"proximity_pressure",NA,NA,NA,NA,NA,683,NA,NA,"Skipped: predictor has insufficient variation",NA
"SE",30,"proximity_pressure",NA,NA,NA,NA,NA,683,NA,NA,"Skipped: predictor has insufficient variation",NA
"SE",40,"proximity_pressure",-11.0954723579606,0.228596139729751,0.00212789379205447,0.000662589671337921,1091.243778679,683,-29.1736790662448,6.98273435032347,"OK","more nearby plots are associated with lower DGR"
"SE",50,"proximity_pressure",-5.64599747880495,0.00000000000161787075548249,0.0707040689192068,0.0693394640277518,1042.61562532002,683,-7.18607498694397,-4.10591997066592,"OK","more nearby plots are associated with lower DGR"
"SE",60,"proximity_pressure",-4.9317315586789,0.000000000000000323899339616846,0.0933014700987433,0.0919700478815608,1025.8020621488,683,-6.08846615818635,-3.77499695917144,"OK","more nearby plots are associated with lower DGR"
"SE",70,"proximity_pressure",-5.01930065883107,0.000000000000000000063858912262175,0.115467860405717,0.114168987954036,1008.89701721646,683,-6.06454191915923,-3.97405939850291,"OK","more nearby plots are associated with lower DGR"
"SE",80,"proximity_pressure",-5.0507192959481,0.000000000000000000000531819727077754,0.127693203580636,0.126412283174734,999.391257753676,683,-6.04395209708512,-4.05748649481108,"OK","more nearby plots are associated with lower DGR"
"SE",90,"proximity_pressure",-4.72013867111171,0.0000000000000000000000120583546743127,0.137250492471837,0.135983606264013,991.866782243365,683,-5.61054296672151,-3.82973437550192,"OK","more nearby plots are associated with lower DGR"
"SE",100,"proximity_pressure",-3.86851084091664,0.000000000000000000000000227108427520152,0.14717071493544,0.145918395867797,983.967888307398,683,-4.5691771823162,-3.16784449951708,"OK","more nearby plots are associated with lower DGR"
"SE",110,"proximity_pressure",-3.87284204334332,0.0000000000000000000000000000428931153644069,0.168218194053437,0.166996781709904,966.900238233974,683,-4.52079741400563,-3.22488667268101,"OK","more nearby plots are associated with lower DGR"
"SE",120,"proximity_pressure",-3.95020695245577,0.0000000000000000000000000000000989752332388123,0.182820319032663,0.181620348869716,954.803519003635,683,-4.57857411570848,-3.32183978920306,"OK","more nearby plots are associated with lower DGR"
"SE",130,"proximity_pressure",-4.01612423258782,0.00000000000000000000000000000000042014158903687,0.195744838232329,0.194563846805357,943.914850096745,683,-4.62862409029644,-3.4036243748792,"OK","more nearby plots are associated with lower DGR"
"SE",140,"proximity_pressure",-3.80058053156211,0.000000000000000000000000000000000008192461442215,0.204938470334718,0.20377097910173,936.062346678486,683,-4.36381036228382,-3.23735070084039,"OK","more nearby plots are associated with lower DGR"
"SE",150,"proximity_pressure",-3.6610755764346,0.00000000000000000000000000000000000000293138027153774,0.223157613994688,0.222016876276619,920.229022177445,683,-4.17502026332675,-3.14713088954245,"OK","more nearby plots are associated with lower DGR"
"SE",160,"proximity_pressure",-3.61200401763891,0.00000000000000000000000000000000000000000777720091138308,0.236509854637329,0.235388723733713,908.387671556237,683,-4.10028791961693,-3.1237201156609,"OK","more nearby plots are associated with lower DGR"
"SE",170,"proximity_pressure",-3.59251957398764,0.0000000000000000000000000000000000000000000626945698695067,0.247194652487627,0.246089211448696,898.761793540291,683,-4.06422192350684,-3.12081722446844,"OK","more nearby plots are associated with lower DGR"
"SE",180,"proximity_pressure",-3.6673237287625,0.0000000000000000000000000000000000000000000000109707986522952,0.266001478834037,0.264923654280196,881.482113541081,683,-4.12567865126236,-3.20896880626265,"OK","more nearby plots are associated with lower DGR"
"SE",190,"proximity_pressure",-3.7721631453867,0.0000000000000000000000000000000000000000000000000000115757430923552,0.294969759234024,0.293934472536864,853.980218854967,683,-4.21094906003136,-3.33337723074204,"OK","more nearby plots are associated with lower DGR"
"SE",200,"proximity_pressure",-3.69820386100432,0.0000000000000000000000000000000000000000000000000000000282082765558157,0.307277886887904,0.306260673799634,841.951380624809,683,-4.11598786134364,-3.28041986066499,"OK","more nearby plots are associated with lower DGR"
"SE",210,"proximity_pressure",-3.66963080529239,0.000000000000000000000000000000000000000000000000000000000105295000970009,0.318523062189019,0.31752236183981,830.773049265699,683,-4.07348499969829,-3.26577661088649,"OK","more nearby plots are associated with lower DGR"
"SE",220,"proximity_pressure",-3.63768601637537,0.000000000000000000000000000000000000000000000000000000000000181571913538882,0.331101762412651,0.330119532988881,818.048436275361,683,-4.02670569847926,-3.24866633427148,"OK","more nearby plots are associated with lower DGR"
"SE",230,"proximity_pressure",-3.62679034016443,0.00000000000000000000000000000000000000000000000000000000000000002945435378723,0.347979733628614,0.347022288303545,800.593488502506,683,-4.00031829201994,-3.25326238830892,"OK","more nearby plots are associated with lower DGR"
"SE",240,"proximity_pressure",-3.57659161934615,0.0000000000000000000000000000000000000000000000000000000000000000000483687533293728,0.360110709925544,0.359171078075215,787.766429060866,683,-3.93530769584566,-3.21787554284664,"OK","more nearby plots are associated with lower DGR"
"SE",250,"proximity_pressure",-3.51896087373347,0.00000000000000000000000000000000000000000000000000000000000000000000166979031723584,0.366389484421953,0.365459072504805,781.031543495527,683,-3.86713878074202,-3.17078296672491,"OK","more nearby plots are associated with lower DGR"
"SE",260,"proximity_pressure",-3.50376822000456,0.00000000000000000000000000000000000000000000000000000000000000000000000597705706669941,0.376759065699692,0.375843880774141,769.761182595362,683,-3.84282980113699,-3.16470663887214,"OK","more nearby plots are associated with lower DGR"
"SE",270,"proximity_pressure",-3.45563524674868,0.0000000000000000000000000000000000000000000000000000000000000000000000000177264266561312,0.387297789246587,0.386398079686009,758.113199163196,683,-3.78265741534411,-3.12861307815325,"OK","more nearby plots are associated with lower DGR"
"SE",280,"proximity_pressure",-3.40746057093577,0.0000000000000000000000000000000000000000000000000000000000000000000000000000948858463255401,0.396616178675437,0.395730152506091,747.645873035508,683,-3.72368072155445,-3.09124042031708,"OK","more nearby plots are associated with lower DGR"
"SE",290,"proximity_pressure",-3.33790025051455,0.0000000000000000000000000000000000000000000000000000000000000000000000000000295990624343605,0.39867243881557,0.397789432117796,745.314315352968,683,-3.64633825660399,-3.0294622444251,"OK","more nearby plots are associated with lower DGR"
"SE",300,"proximity_pressure",-3.28503675541398,0.00000000000000000000000000000000000000000000000000000000000000000000000000000298416699836972,0.402702040687008,0.401824951172598,740.722007914546,683,-3.58605368240404,-2.98401982842393,"OK","more nearby plots are associated with lower DGR"
"SE",310,"proximity_pressure",-3.23215114670664,0.000000000000000000000000000000000000000000000000000000000000000000000000000000558607123609528,0.405627901203159,0.404755108106541,737.368115224994,683,-3.52652826062058,-2.93777403279269,"OK","more nearby plots are associated with lower DGR"
"SE",320,"proximity_pressure",-3.13779802444092,0.000000000000000000000000000000000000000000000000000000000000000000000000000000650021061559914,0.405363848676862,0.404490667837914,737.671473722983,683,-3.42373822455004,-2.8518578243318,"OK","more nearby plots are associated with lower DGR"
"SE",330,"proximity_pressure",-3.08044610201804,0.000000000000000000000000000000000000000000000000000000000000000000000000000000345036716135055,0.406466534935297,0.405594973312588,736.403750797999,683,-3.36051888483263,-2.80037331920345,"OK","more nearby plots are associated with lower DGR"
"SE",340,"proximity_pressure",-3.02812597274854,0.000000000000000000000000000000000000000000000000000000000000000000000000000000566060519804278,0.405604813047658,0.404731986047728,737.394645581943,683,-3.30393413517117,-2.75231781032591,"OK","more nearby plots are associated with lower DGR"
"SE",350,"proximity_pressure",-2.98113010252557,0.000000000000000000000000000000000000000000000000000000000000000000000000000000320090678028703,0.406597058065017,0.405725688106229,736.253536688072,683,-3.25209981213079,-2.71016039292035,"OK","more nearby plots are associated with lower DGR"
"SE",360,"proximity_pressure",-2.92434166800674,0.000000000000000000000000000000000000000000000000000000000000000000000000000000577026733151263,0.405571388615002,0.404698512533673,737.433051420625,683,-3.19071539943596,-2.65796793657751,"OK","more nearby plots are associated with lower DGR"
"SE",370,"proximity_pressure",-2.868826697958,0.00000000000000000000000000000000000000000000000000000000000000000000000000000173735158240258,0.4036481855529,0.402772485384842,739.639249650023,683,-3.13118884026832,-2.60646455564768,"OK","more nearby plots are associated with lower DGR"
"SE",380,"proximity_pressure",-2.83513251836385,0.00000000000000000000000000000000000000000000000000000000000000000000000000000228115134886252,0.403172083108628,0.402295683818038,740.184310847687,683,-3.09466982059305,-2.57559521613464,"OK","more nearby plots are associated with lower DGR"
"SE",390,"proximity_pressure",-2.79976704901726,0.0000000000000000000000000000000000000000000000000000000000000000000000000000031654629585777,0.402598795890958,0.401721554768918,740.840056370654,683,-3.05637245014635,-2.54316164788816,"OK","more nearby plots are associated with lower DGR"
"SE",400,"proximity_pressure",-2.77104253683498,0.00000000000000000000000000000000000000000000000000000000000000000000000000000433386134393661,0.402048546358053,0.401170497233763,741.468859017441,683,-3.02530601979581,-2.51677905387416,"OK","more nearby plots are associated with lower DGR"
"SE",410,"proximity_pressure",-2.73146066194356,0.0000000000000000000000000000000000000000000000000000000000000000000000000000162310731724227,0.399730232213848,0.398848778810344,744.111794241717,683,-2.98330475683315,-2.47961656705398,"OK","more nearby plots are associated with lower DGR"
"SE",420,"proximity_pressure",-2.70604371894499,0.0000000000000000000000000000000000000000000000000000000000000000000000000000235993036029331,0.399071476436405,0.398189055696958,744.860929907894,683,-2.95588716339834,-2.45620027449164,"OK","more nearby plots are associated with lower DGR"
"SE",430,"proximity_pressure",-2.68516770376577,0.0000000000000000000000000000000000000000000000000000000000000000000000000000390871014849521,0.398182277819827,0.397298551355539,745.870823337902,683,-2.93354392893471,-2.43679147859682,"OK","more nearby plots are associated with lower DGR"
"SE",440,"proximity_pressure",-2.66691577637982,0.0000000000000000000000000000000000000000000000000000000000000000000000000000557118405340116,0.397556946378618,0.396672301659644,746.580140491322,683,-2.91392587690414,-2.41990567585549,"OK","more nearby plots are associated with lower DGR"
"SE",450,"proximity_pressure",-2.64536624122435,0.000000000000000000000000000000000000000000000000000000000000000000000000000098679916445664,0.396546851781873,0.395660723810921,747.724343068415,683,-2.89089785424061,-2.39983462820808,"OK","more nearby plots are associated with lower DGR"
"SE",460,"proximity_pressure",-2.62645385093144,0.000000000000000000000000000000000000000000000000000000000000000000000000000165180624116979,0.39563519642656,0.394747729754646,748.755393691569,683,-2.87069508224142,-2.38221261962147,"OK","more nearby plots are associated with lower DGR"
"SE",470,"proximity_pressure",-2.61259333612804,0.0000000000000000000000000000000000000000000000000000000000000000000000000001980715580814,0.395313519403184,0.394425580371471,749.118828088481,683,-2.85570914210422,-2.36947753015187,"OK","more nearby plots are associated with lower DGR"
"SE",480,"proximity_pressure",-2.59591767229162,0.00000000000000000000000000000000000000000000000000000000000000000000000000034019246049657,0.394354358202469,0.393465010710843,750.20135283538,683,-2.83796705266321,-2.35386829192004,"OK","more nearby plots are associated with lower DGR"
"SE",490,"proximity_pressure",-2.57974370265614,0.000000000000000000000000000000000000000000000000000000000000000000000000000545604194401483,0.393515433758789,0.392624854366364,751.14677187159,683,-2.82070796519579,-2.33877944011649,"OK","more nearby plots are associated with lower DGR"
"SE",500,"proximity_pressure",-2.56972741547897,0.000000000000000000000000000000000000000000000000000000000000000000000000000700366792064168,0.393071495359561,0.392180264075214,751.646535632962,683,-2.8099794832618,-2.32947534769613,"OK","more nearby plots are associated with lower DGR"
"SW",10,"has_neighbour",NA,NA,NA,NA,NA,683,NA,NA,"Skipped: predictor has insufficient variation",NA
"SW",20,"has_neighbour",-0.226675296216496,0.00000815291220221439,0.0288220819969538,0.0273959763904882,1072.72393672574,683,-0.325675936005177,-0.127674656427815,"OK","more nearby plots are associated with lower DGR"
"SW",30,"has_neighbour",-0.233280592375046,0.00000593137002426215,0.0296901865387437,0.0282653556819724,1072.11315208677,683,-0.333620672301118,-0.132940512448974,"OK","more nearby plots are associated with lower DGR"
"SW",40,"has_neighbour",-0.249635467103014,0.00000163033227723077,0.0332164662493174,0.0317968134831637,1069.62648647904,683,-0.350966222662605,-0.148304711543422,"OK","more nearby plots are associated with lower DGR"
"SW",50,"has_neighbour",-0.260694234987545,0.00000259358560427178,0.031948578409684,0.0305270638405353,1070.52161969548,683,-0.368663950225699,-0.15272451974939,"OK","more nearby plots are associated with lower DGR"
"SW",60,"has_neighbour",-0.206617087934407,0.00171197463901592,0.0143490405136033,0.012901682276472,1082.82729088397,683,-0.33546086992508,-0.077773305943734,"OK","more nearby plots are associated with lower DGR"
"SW",70,"has_neighbour",-0.20453315509068,0.0041331647978811,0.0120130172864986,0.0105622287656271,1084.44410679034,683,-0.344092962811773,-0.0649733473695866,"OK","more nearby plots are associated with lower DGR"
"SW",80,"has_neighbour",-0.19771168667323,0.0105408300499074,0.00956618470165305,0.00811180318139115,1086.1335224184,683,-0.349075748816304,-0.0463476245301556,"OK","more nearby plots are associated with lower DGR"
"SW",90,"has_neighbour",-0.158800041199384,0.0479335352490603,0.0057326781657393,0.00427266741414711,1088.77199344172,683,-0.316151399998636,-0.00144868240013274,"OK","more nearby plots are associated with lower DGR"
"SW",100,"has_neighbour",-0.154255302329435,0.0710283774236966,0.00477781026650947,0.0033163973594118,1089.42761371161,683,-0.321762225465445,0.0132516208065745,"OK","more nearby plots are associated with lower DGR"
"SW",110,"has_neighbour",-0.0682742034644701,0.457798589339031,0.00080976955101094,-0.00065747014127826,1092.14538196984,683,-0.248720135093504,0.112171728164564,"OK","more nearby plots are associated with lower DGR"
"SW",120,"has_neighbour",-0.0582114354959353,0.561566774770058,0.000495099435432242,-0.000972602327511396,1092.36044197312,683,-0.255000808446281,0.13857793745441,"OK","more nearby plots are associated with lower DGR"
"SW",130,"has_neighbour",-0.0450650856869825,0.663696476991642,0.000277792880131793,-0.00119022798201196,1092.50891972963,683,-0.24847232241278,0.158342151038815,"OK","more nearby plots are associated with lower DGR"
"SW",140,"has_neighbour",-0.00634449092174472,0.955589710412527,0.00000455729045639356,-0.00146386479869132,1092.69556598834,683,-0.229953615107248,0.217264633263758,"OK","more nearby plots are associated with lower DGR"
"SW",150,"has_neighbour",-0.0167368239931691,0.885667725514352,0.0000303816681145629,-0.00143800249977377,1092.67792763027,683,-0.245195538323646,0.211721890337308,"OK","more nearby plots are associated with lower DGR"
"SW",160,"has_neighbour",0.0836971309382138,0.492246534606167,0.000692797071087475,-0.000774614386957806,1092.22533424052,683,-0.155471458873837,0.322865720750265,"OK","more nearby plots are associated with higher DGR"
"SW",170,"has_neighbour",0.0836971309382138,0.492246534606167,0.000692797071087475,-0.000774614386957806,1092.22533424052,683,-0.155471458873837,0.322865720750265,"OK","more nearby plots are associated with higher DGR"
"SW",180,"has_neighbour",0.0836971309382138,0.492246534606167,0.000692797071087475,-0.000774614386957806,1092.22533424052,683,-0.155471458873837,0.322865720750265,"OK","more nearby plots are associated with higher DGR"
"SW",190,"has_neighbour",0.0796739649733364,0.523706708151146,0.000597304680462946,-0.000870247001357294,1092.29059764158,683,-0.16553470066051,0.324882630607183,"OK","more nearby plots are associated with higher DGR"
"SW",200,"has_neighbour",0.0796739649733364,0.523706708151146,0.000597304680462946,-0.000870247001357294,1092.29059764158,683,-0.16553470066051,0.324882630607183,"OK","more nearby plots are associated with higher DGR"
"SW",210,"has_neighbour",0.0669561341657169,0.611728759466501,0.000378569192963317,-0.00108930368634219,1092.44006691172,683,-0.191914388102805,0.325826656434239,"OK","more nearby plots are associated with higher DGR"
"SW",220,"has_neighbour",0.0669561341657169,0.611728759466501,0.000378569192963317,-0.00108930368634219,1092.44006691172,683,-0.191914388102805,0.325826656434239,"OK","more nearby plots are associated with higher DGR"
"SW",230,"has_neighbour",0.0669561341657169,0.611728759466501,0.000378569192963317,-0.00108930368634219,1092.44006691172,683,-0.191914388102805,0.325826656434239,"OK","more nearby plots are associated with higher DGR"
"SW",240,"has_neighbour",0.0407513708054834,0.764233506403744,0.000132181792773148,-0.00133605288888217,1092.60839249313,683,-0.225919011105705,0.307421752716671,"OK","more nearby plots are associated with higher DGR"
"SW",250,"has_neighbour",0.0407513708054834,0.764233506403744,0.000132181792773148,-0.00133605288888217,1092.60839249313,683,-0.225919011105705,0.307421752716671,"OK","more nearby plots are associated with higher DGR"
"SW",260,"has_neighbour",-0.0377158634435331,0.787952564677179,0.000106305860593087,-0.00136196681802558,1092.62606786249,683,-0.312929183797556,0.23749745691049,"OK","more nearby plots are associated with lower DGR"
"SW",270,"has_neighbour",-0.0377158634435331,0.787952564677179,0.000106305860593087,-0.00136196681802558,1092.62606786249,683,-0.312929183797556,0.23749745691049,"OK","more nearby plots are associated with lower DGR"
"SW",280,"has_neighbour",-0.0377158634435331,0.787952564677179,0.000106305860593087,-0.00136196681802558,1092.62606786249,683,-0.312929183797556,0.23749745691049,"OK","more nearby plots are associated with lower DGR"
"SW",290,"has_neighbour",-0.0377158634435331,0.787952564677179,0.000106305860593087,-0.00136196681802558,1092.62606786249,683,-0.312929183797556,0.23749745691049,"OK","more nearby plots are associated with lower DGR"
"SW",300,"has_neighbour",-0.0377158634435331,0.787952564677179,0.000106305860593087,-0.00136196681802558,1092.62606786249,683,-0.312929183797556,0.23749745691049,"OK","more nearby plots are associated with lower DGR"
"SW",310,"has_neighbour",-0.0377158634435331,0.787952564677179,0.000106305860593087,-0.00136196681802558,1092.62606786249,683,-0.312929183797556,0.23749745691049,"OK","more nearby plots are associated with lower DGR"
"SW",320,"has_neighbour",-0.0377158634435331,0.787952564677179,0.000106305860593087,-0.00136196681802558,1092.62606786249,683,-0.312929183797556,0.23749745691049,"OK","more nearby plots are associated with lower DGR"
"SW",330,"has_neighbour",-0.0377158634435331,0.787952564677179,0.000106305860593087,-0.00136196681802558,1092.62606786249,683,-0.312929183797556,0.23749745691049,"OK","more nearby plots are associated with lower DGR"
"SW",340,"has_neighbour",-0.0377158634435331,0.787952564677179,0.000106305860593087,-0.00136196681802558,1092.62606786249,683,-0.312929183797556,0.23749745691049,"OK","more nearby plots are associated with lower DGR"
"SW",350,"has_neighbour",-0.0828110894709028,0.567985109681245,0.00047904082531499,-0.000988684518553828,1092.37141534863,683,-0.367417889239151,0.201795710297345,"OK","more nearby plots are associated with lower DGR"
"SW",360,"has_neighbour",-0.0828110894709028,0.567985109681245,0.00047904082531499,-0.000988684518553828,1092.37141534863,683,-0.367417889239151,0.201795710297345,"OK","more nearby plots are associated with lower DGR"
"SW",370,"has_neighbour",-0.0828110894709028,0.567985109681245,0.00047904082531499,-0.000988684518553828,1092.37141534863,683,-0.367417889239151,0.201795710297345,"OK","more nearby plots are associated with lower DGR"
"SW",380,"has_neighbour",-0.0828110894709028,0.567985109681245,0.00047904082531499,-0.000988684518553828,1092.37141534863,683,-0.367417889239151,0.201795710297345,"OK","more nearby plots are associated with lower DGR"
"SW",390,"has_neighbour",-0.0828110894709028,0.567985109681245,0.00047904082531499,-0.000988684518553828,1092.37141534863,683,-0.367417889239151,0.201795710297345,"OK","more nearby plots are associated with lower DGR"
"SW",400,"has_neighbour",-0.0828110894709028,0.567985109681245,0.00047904082531499,-0.000988684518553828,1092.37141534863,683,-0.367417889239151,0.201795710297345,"OK","more nearby plots are associated with lower DGR"
"SW",410,"has_neighbour",-0.10643845114233,0.479057503942063,0.000735964090019644,-0.000731383980332678,1092.19583008939,683,-0.401530458767404,0.188653556482745,"OK","more nearby plots are associated with lower DGR"
"SW",420,"has_neighbour",-0.10643845114233,0.479057503942063,0.000735964090019644,-0.000731383980332678,1092.19583008939,683,-0.401530458767404,0.188653556482745,"OK","more nearby plots are associated with lower DGR"
"SW",430,"has_neighbour",-0.10643845114233,0.479057503942063,0.000735964090019644,-0.000731383980332678,1092.19583008939,683,-0.401530458767404,0.188653556482745,"OK","more nearby plots are associated with lower DGR"
"SW",440,"has_neighbour",-0.10643845114233,0.479057503942063,0.000735964090019644,-0.000731383980332678,1092.19583008939,683,-0.401530458767404,0.188653556482745,"OK","more nearby plots are associated with lower DGR"
"SW",450,"has_neighbour",-0.096328559344969,0.537967934182041,0.000557256667456304,-0.000910353822018761,1092.31796623383,683,-0.403268547769981,0.210611429080043,"OK","more nearby plots are associated with lower DGR"
"SW",460,"has_neighbour",-0.0701438643697242,0.667435776966776,0.000271258097723897,-0.00119677236028237,1092.51338421163,683,-0.390539436827899,0.250251708088451,"OK","more nearby plots are associated with lower DGR"
"SW",470,"has_neighbour",-0.0701438643697242,0.667435776966776,0.000271258097723897,-0.00119677236028237,1092.51338421163,683,-0.390539436827899,0.250251708088451,"OK","more nearby plots are associated with lower DGR"
"SW",480,"has_neighbour",-0.0501770057853791,0.769319307405397,0.000126376384132951,-0.00134186682235149,1092.6123580999,683,-0.385985300908158,0.2856312893374,"OK","more nearby plots are associated with lower DGR"
"SW",490,"has_neighbour",-0.0501770057853791,0.769319307405397,0.000126376384132951,-0.00134186682235149,1092.6123580999,683,-0.385985300908158,0.2856312893374,"OK","more nearby plots are associated with lower DGR"
"SW",500,"has_neighbour",-0.0501770057853791,0.769319307405397,0.000126376384132951,-0.00134186682235149,1092.6123580999,683,-0.385985300908158,0.2856312893374,"OK","more nearby plots are associated with lower DGR"
"SW",10,"n_neighbours",NA,NA,NA,NA,NA,683,NA,NA,"Skipped: predictor has insufficient variation",NA
"SW",20,"n_neighbours",-0.226675296216496,0.00000815291220221439,0.0288220819969538,0.0273959763904882,1072.72393672574,683,-0.325675936005177,-0.127674656427815,"OK","more nearby plots are associated with lower DGR"
"SW",30,"n_neighbours",-0.210673025386223,0.00000298678920064638,0.0315631208570094,0.0301410402708964,1070.79352168616,683,-0.298474479209184,-0.122871571563263,"OK","more nearby plots are associated with lower DGR"
"SW",40,"n_neighbours",-0.146425064671279,0.000000012549573750505,0.0464960273282689,0.0450958746518052,1060.17989603462,683,-0.196315332845132,-0.096534796497426,"OK","more nearby plots are associated with lower DGR"
"SW",50,"n_neighbours",-0.109750460291612,0.0000000162940482950728,0.0457849450704442,0.0443837482203273,1060.68905823047,683,-0.14744819190167,-0.0720527286815534,"OK","more nearby plots are associated with lower DGR"
"SW",60,"n_neighbours",-0.0610229294031489,0.000042623186370863,0.0243149684438415,0.0228822444621144,1075.88632065934,683,-0.0901071950382622,-0.0319386637680357,"OK","more nearby plots are associated with lower DGR"
"SW",70,"n_neighbours",-0.0267906954864791,0.0148601559691453,0.00868064542910468,0.00722496355748803,1086.74391464343,683,-0.0483314968782409,-0.00524989409471729,"OK","more nearby plots are associated with lower DGR"
"SW",80,"n_neighbours",-0.0104164099902998,0.283609016436395,0.00168808661554199,0.000222136669309259,1091.544741219,683,-0.0294754452490097,0.00864262526841018,"OK","more nearby plots are associated with lower DGR"
"SW",90,"n_neighbours",0.00193987898618534,0.823665622931067,0.0000729649387490834,-0.00139535669863888,1092.64884175346,683,-0.0151464501166364,0.0190262080890071,"OK","more nearby plots are associated with higher DGR"
"SW",100,"n_neighbours",0.00663956243896027,0.395176300864635,0.00106182355926981,-0.000405046009659404,1091.9730678303,683,-0.00868293899706075,0.0219620638749813,"OK","more nearby plots are associated with higher DGR"
"SW",110,"n_neighbours",0.015102237670692,0.0303183472239579,0.00686996966073068,0.00541162894070246,1087.99029754682,683,0.00144024548237205,0.028764229859012,"OK","more nearby plots are associated with higher DGR"
"SW",120,"n_neighbours",0.0203446950695883,0.000591824697267884,0.0171928837277786,0.0157497014718723,1080.85382110015,683,0.00877137264296042,0.0319180174962161,"OK","more nearby plots are associated with higher DGR"
"SW",130,"n_neighbours",0.020907435205524,0.0000352381172377907,0.0248327033588624,0.0234007396339855,1075.52379916025,683,0.0110497395035656,0.0307651309074823,"OK","more nearby plots are associated with higher DGR"
"SW",140,"n_neighbours",0.0199579021095848,0.00000317597370830191,0.0313954231767336,0.0299730963385203,1070.91178194906,683,0.0116172105664061,0.0282985936527635,"OK","more nearby plots are associated with higher DGR"
"SW",150,"n_neighbours",0.0176189138549734,0.00000365717590646576,0.031010226783895,0.0295873343122121,1071.18334461105,683,0.0102086556290012,0.0250291720809456,"OK","more nearby plots are associated with higher DGR"
"SW",160,"n_neighbours",0.017101501342781,0.000000450316764432542,0.0367304068397058,0.0353159140450505,1067.13948335815,683,0.0105121543254679,0.0236908483600942,"OK","more nearby plots are associated with higher DGR"
"SW",170,"n_neighbours",0.016136515306103,0.000000165968306828252,0.0394557139304821,0.0380452230551964,1065.20438349403,683,0.0101460496584376,0.0221269809537684,"OK","more nearby plots are associated with higher DGR"
"SW",180,"n_neighbours",0.0157196188710061,0.0000000247705259873149,0.0446438325029743,0.0432409600103209,1061.50534616695,683,0.0102483127119698,0.0211909250300423,"OK","more nearby plots are associated with higher DGR"
"SW",190,"n_neighbours",0.0143751892052678,0.0000000240861158524496,0.0447201831913126,0.0433174228142073,1061.45075960981,683,0.00937629243982466,0.019374085970711,"OK","more nearby plots are associated with higher DGR"
"SW",200,"n_neighbours",0.0142923464267546,0.00000000309126865498029,0.0503074801082115,0.0489129242787082,1057.44426076093,683,0.0096200988723792,0.0189645939811301,"OK","more nearby plots are associated with higher DGR"
"SW",210,"n_neighbours",0.0136695268083359,0.0000000012780955891429,0.0527061392434886,0.0513151056740958,1055.71701055056,683,0.00930926743567518,0.0180297861809966,"OK","more nearby plots are associated with higher DGR"
"SW",220,"n_neighbours",0.0133568717513873,0.00000000029267899692232,0.0567018087107089,0.055316642497362,1052.83003521772,683,0.00925787206552798,0.0174558714372466,"OK","more nearby plots are associated with higher DGR"
"SW",230,"n_neighbours",0.013183877200915,0.000000000040253053332124,0.0620629761507136,0.0606856824299363,1048.93718094326,683,0.00932766633154125,0.0170400880702888,"OK","more nearby plots are associated with higher DGR"
"SW",240,"n_neighbours",0.013070032399429,0.0000000000038400235405838,0.0683858817223413,0.0670178727380862,1044.31729023931,683,0.00944043417410528,0.0166996306247527,"OK","more nearby plots are associated with higher DGR"
"SW",250,"n_neighbours",0.0126030962425311,0.000000000000913291159657927,0.0722352606110583,0.0708729041655531,1041.48932483974,683,0.00920474200787675,0.0160014504771854,"OK","more nearby plots are associated with higher DGR"
"SW",260,"n_neighbours",0.0119192662230852,0.000000000000526314235322937,0.0737093240813523,0.0723491321930724,1040.40328873313,683,0.00874013073994087,0.0150984017062294,"OK","more nearby plots are associated with higher DGR"
"SW",270,"n_neighbours",0.0111707711551041,0.000000000000614040485163842,0.0732971988169886,0.071936401752109,1040.70710152435,683,0.00818224687616249,0.0141592954340458,"OK","more nearby plots are associated with higher DGR"
"SW",280,"n_neighbours",0.0103242459395598,0.00000000000064240144107475,0.0731764650047754,0.0718154906508911,1040.79607915823,683,0.00755973546533983,0.0130887564137797,"OK","more nearby plots are associated with higher DGR"
"SW",290,"n_neighbours",0.00970723057500971,0.000000000000447591854040529,0.0741422939924203,0.0727827378896192,1040.08396393439,683,0.00712626897467348,0.0122881921753459,"OK","more nearby plots are associated with higher DGR"
"SW",300,"n_neighbours",0.00904685537622541,0.000000000000914810416638191,0.0722308125872543,0.070868449610143,1041.4925993692,683,0.00660734059310325,0.0114863701593476,"OK","more nearby plots are associated with higher DGR"
"SW",310,"n_neighbours",0.00859997129233258,0.000000000000951709570975877,0.072124985686391,0.0707624673100128,1041.57050199008,683,0.00627912725719139,0.0109208153274738,"OK","more nearby plots are associated with higher DGR"
"SW",320,"n_neighbours",0.0082589127386254,0.00000000000084208676667494,0.0724524662471197,0.0710904287526222,1041.3294041059,683,0.00603554416498558,0.0104822813122652,"OK","more nearby plots are associated with higher DGR"
"SW",330,"n_neighbours",0.00799866941787449,0.000000000000436855818429697,0.0742071620621478,0.0728477012134872,1040.03610944933,683,0.00587298480328676,0.0101243540324622,"OK","more nearby plots are associated with higher DGR"
"SW",340,"n_neighbours",0.00793931145997135,0.0000000000000694247120037376,0.0791112710275395,0.07775901151363,1036.4085059064,683,0.00590126386561821,0.0099773590543245,"OK","more nearby plots are associated with higher DGR"
"SW",350,"n_neighbours",0.00790007980337894,0.00000000000000996264403096181,0.0842648468080952,0.0829201549531878,1032.57549302826,683,0.00594060227136697,0.00985955733539091,"OK","more nearby plots are associated with higher DGR"
"SW",360,"n_neighbours",0.00791967273361976,0.000000000000000819367784483566,0.0908610446289666,0.0895260388207859,1027.63792203487,683,0.00603480625554908,0.00980453921169045,"OK","more nearby plots are associated with higher DGR"
"SW",370,"n_neighbours",0.00788657058979487,0.0000000000000000904690929155964,0.0966460067135529,0.0953194957101954,1023.27802367106,683,0.00607242429340396,0.00970071688618578,"OK","more nearby plots are associated with higher DGR"
"SW",380,"n_neighbours",0.00782590442293229,0.00000000000000000842072126892891,0.102843581287396,0.101526170980917,1018.57606791071,683,0.00608679418168784,0.00956501466417674,"OK","more nearby plots are associated with higher DGR"
"SW",390,"n_neighbours",0.0076747529792873,0.00000000000000000169139144370295,0.107012165660114,0.105700876622904,1015.39515300068,683,0.00600666986893149,0.00934283608964311,"OK","more nearby plots are associated with higher DGR"
"SW",400,"n_neighbours",0.00742357881890252,0.000000000000000000765012535044886,0.109066297456472,0.107758024765512,1013.82224454259,683,0.00582719316147704,0.009019964476328,"OK","more nearby plots are associated with higher DGR"
"SW",410,"n_neighbours",0.00713372609499865,0.000000000000000000599941515442102,0.109694727060917,0.108387377174075,1013.34031320878,683,0.00560461122561802,0.00866284096437928,"OK","more nearby plots are associated with higher DGR"
"SW",420,"n_neighbours",0.00679764054828381,0.00000000000000000106594066847831,0.108207994935506,0.106898461888422,1014.47991236508,683,0.00532936558735786,0.00826591550920976,"OK","more nearby plots are associated with higher DGR"
"SW",430,"n_neighbours",0.00648407844735837,0.00000000000000000239111678597864,0.106114514078458,0.10480190690383,1016.08137521341,683,0.00506812526826444,0.0079000316264523,"OK","more nearby plots are associated with higher DGR"
"SW",440,"n_neighbours",0.00618684651386308,0.00000000000000000761008949632909,0.10310696131648,0.101789937764815,1018.37552877795,683,0.0048139343303774,0.00755975869734875,"OK","more nearby plots are associated with higher DGR"
"SW",450,"n_neighbours",0.0059676814749866,0.0000000000000000129370200652064,0.101725512422952,0.100406460311973,1019.4267173347,683,0.00463341581563136,0.00730194713434183,"OK","more nearby plots are associated with higher DGR"
"SW",460,"n_neighbours",0.00575853445053192,0.0000000000000000278633901070481,0.0997247648344611,0.0984027747681387,1020.94628740756,683,0.00445673166889377,0.00706033723217006,"OK","more nearby plots are associated with higher DGR"
"SW",470,"n_neighbours",0.00565148962933502,0.0000000000000000196121720682823,0.100641008539549,0.0993203639118535,1020.2508188558,683,0.0043803622603316,0.00692261699833844,"OK","more nearby plots are associated with higher DGR"
"SW",480,"n_neighbours",0.00557975666648002,0.00000000000000000991413828455455,0.102418611614722,0.101100577270544,1018.89951826731,683,0.00433693212231717,0.00682258121064286,"OK","more nearby plots are associated with higher DGR"
"SW",490,"n_neighbours",0.00548031152768293,0.00000000000000000739675854724301,0.103180933018123,0.101864018088634,1018.31919568849,683,0.00426467141477459,0.00669595164059127,"OK","more nearby plots are associated with higher DGR"
"SW",500,"n_neighbours",0.00543226398407054,0.00000000000000000346410395712114,0.105152488620245,0.103838468779746,1016.81604433653,683,0.00423994436381492,0.00662458360432615,"OK","more nearby plots are associated with higher DGR"
"SW",10,"nearest_distance_m",NA,NA,NA,NA,NA,0,NA,NA,"Skipped: sample size < 10",NA
"SW",20,"nearest_distance_m",0.011594088941227,0.570362159452131,0.000593513690559582,-0.00124701390853699,868.384063692652,545,-0.0285119355151634,0.0517001133976174,"OK","more spacing to the nearest plot is associated with higher DGR"
"SW",30,"nearest_distance_m",0.0107845311077694,0.57549037317376,0.000572588337029018,-0.00125118431199112,874.697339795463,550,-0.0270225985305677,0.0485916607461064,"OK","more spacing to the nearest plot is associated with higher DGR"
"SW",40,"nearest_distance_m",-0.00316558086044398,0.770349253265069,0.000154505078511218,-0.00165680922388267,881.515735592207,554,-0.0244558088948909,0.018124647174003,"OK","closer nearest plots are associated with higher DGR"
"SW",50,"nearest_distance_m",0.00384651651130811,0.304493033675104,0.0018465173594433,0.0000984377050814444,916.780043893206,573,-0.00350439394851372,0.0111974269711299,"OK","more spacing to the nearest plot is associated with higher DGR"
"SW",60,"nearest_distance_m",0.00751461184601969,0.000362382130254009,0.0207492185043828,0.0191359552729239,963.195154115821,609,0.00339957989212815,0.0116296437999112,"OK","more spacing to the nearest plot is associated with higher DGR"
"SW",70,"nearest_distance_m",0.00656855321565754,0.000242549106018752,0.0215412954474986,0.019960586716396,978.06006020415,621,0.00307427216280938,0.0100628342685057,"OK","more spacing to the nearest plot is associated with higher DGR"
"SW",80,"nearest_distance_m",0.0060190040575931,0.000120812446796942,0.0232418534490958,0.02168897881229,996.06347418877,631,0.00296378733631384,0.00907422077887236,"OK","more spacing to the nearest plot is associated with higher DGR"
"SW",90,"nearest_distance_m",0.00645200825065723,0.000011274492726311,0.0300258205064887,0.0284934758311435,1001.6581106701,635,0.00358977527940476,0.0093142412219097,"OK","more spacing to the nearest plot is associated with higher DGR"
"SW",100,"nearest_distance_m",0.00570285399946963,0.0000171522247165874,0.0285308877389742,0.0270105917886438,1011.25059659164,641,0.00311779687367631,0.00828791112526294,"OK","more spacing to the nearest plot is associated with higher DGR"
"SW",110,"nearest_distance_m",0.00611842121575283,0.000000297667083935226,0.0399328693335622,0.0384443931619862,1019.77728053664,647,0.00379884388670909,0.00843799854479656,"OK","more spacing to the nearest plot is associated with higher DGR"
"SW",120,"nearest_distance_m",0.00512900560670332,0.00000141626792953822,0.0351229887578317,0.0336408428112231,1027.01281794131,653,0.00306010703177226,0.00719790418163437,"OK","more spacing to the nearest plot is associated with higher DGR"
"SW",130,"nearest_distance_m",0.0049234337110026,0.00000147549078049284,0.0349007231223265,0.0334227762970928,1028.7902236579,655,0.00293397888165921,0.00691288854034599,"OK","more spacing to the nearest plot is associated with higher DGR"
"SW",140,"nearest_distance_m",0.0043764346387782,0.00000210394361637842,0.0336381838321391,0.0321695488531606,1035.36877896001,660,0.00258083801910841,0.006172031258448,"OK","more spacing to the nearest plot is associated with higher DGR"
"SW",150,"nearest_distance_m",0.00413692819617676,0.00000482282266428045,0.0312497460491071,0.0297797153147356,1037.71991566973,661,0.00237509658413349,0.00589875980822004,"OK","more spacing to the nearest plot is associated with higher DGR"
"SW",160,"nearest_distance_m",0.00444782990033484,0.000000291223785292133,0.0390461369557108,0.0375923489632081,1040.27222801136,663,0.00276262113889549,0.00613303866177419,"OK","more spacing to the nearest plot is associated with higher DGR"
"SW",170,"nearest_distance_m",0.00444782990033484,0.000000291223785292133,0.0390461369557108,0.0375923489632081,1040.27222801136,663,0.00276262113889549,0.00613303866177419,"OK","more spacing to the nearest plot is associated with higher DGR"
"SW",180,"nearest_distance_m",0.00444782990033484,0.000000291223785292133,0.0390461369557108,0.0375923489632081,1040.27222801136,663,0.00276262113889549,0.00613303866177419,"OK","more spacing to the nearest plot is associated with higher DGR"
"SW",190,"nearest_distance_m",0.00412694546554716,0.000000936368184948917,0.0357105741552187,0.034253943602583,1043.21586544394,664,0.00249032546616485,0.00576356546492947,"OK","more spacing to the nearest plot is associated with higher DGR"
"SW",200,"nearest_distance_m",0.00412694546554716,0.000000936368184948917,0.0357105741552187,0.034253943602583,1043.21586544394,664,0.00249032546616485,0.00576356546492947,"OK","more spacing to the nearest plot is associated with higher DGR"
"SW",210,"nearest_distance_m",0.00343034158390919,0.0000122104408388437,0.0284203541056823,0.0269571317474078,1051.92810037154,666,0.00190200775234383,0.00495867541547456,"OK","more spacing to the nearest plot is associated with higher DGR"
"SW",220,"nearest_distance_m",0.00343034158390919,0.0000122104408388437,0.0284203541056823,0.0269571317474078,1051.92810037154,666,0.00190200775234383,0.00495867541547456,"OK","more spacing to the nearest plot is associated with higher DGR"
"SW",230,"nearest_distance_m",0.00343034158390919,0.0000122104408388437,0.0284203541056823,0.0269571317474078,1051.92810037154,666,0.00190200775234383,0.00495867541547456,"OK","more spacing to the nearest plot is associated with higher DGR"
"SW",240,"nearest_distance_m",0.00293626743282436,0.0000911322109403926,0.0227794981730519,0.0213099936590263,1057.13671978065,667,0.00147190614721236,0.00440062871843636,"OK","more spacing to the nearest plot is associated with higher DGR"
"SW",250,"nearest_distance_m",0.00293626743282436,0.0000911322109403926,0.0227794981730519,0.0213099936590263,1057.13671978065,667,0.00147190614721236,0.00440062871843636,"OK","more spacing to the nearest plot is associated with higher DGR"
"SW",260,"nearest_distance_m",0.00216834855025925,0.00251167732057056,0.0136283803248772,0.0121473418568967,1068.81690738213,668,0.000764797555390511,0.00357189954512798,"OK","more spacing to the nearest plot is associated with higher DGR"
"SW",270,"nearest_distance_m",0.00216834855025925,0.00251167732057056,0.0136283803248772,0.0121473418568967,1068.81690738213,668,0.000764797555390511,0.00357189954512798,"OK","more spacing to the nearest plot is associated with higher DGR"
"SW",280,"nearest_distance_m",0.00216834855025925,0.00251167732057056,0.0136283803248772,0.0121473418568967,1068.81690738213,668,0.000764797555390511,0.00357189954512798,"OK","more spacing to the nearest plot is associated with higher DGR"
"SW",290,"nearest_distance_m",0.00216834855025925,0.00251167732057056,0.0136283803248772,0.0121473418568967,1068.81690738213,668,0.000764797555390511,0.00357189954512798,"OK","more spacing to the nearest plot is associated with higher DGR"
"SW",300,"nearest_distance_m",0.00216834855025925,0.00251167732057056,0.0136283803248772,0.0121473418568967,1068.81690738213,668,0.000764797555390511,0.00357189954512798,"OK","more spacing to the nearest plot is associated with higher DGR"
"SW",310,"nearest_distance_m",0.00216834855025925,0.00251167732057056,0.0136283803248772,0.0121473418568967,1068.81690738213,668,0.000764797555390511,0.00357189954512798,"OK","more spacing to the nearest plot is associated with higher DGR"
"SW",320,"nearest_distance_m",0.00216834855025925,0.00251167732057056,0.0136283803248772,0.0121473418568967,1068.81690738213,668,0.000764797555390511,0.00357189954512798,"OK","more spacing to the nearest plot is associated with higher DGR"
"SW",330,"nearest_distance_m",0.00216834855025925,0.00251167732057056,0.0136283803248772,0.0121473418568967,1068.81690738213,668,0.000764797555390511,0.00357189954512798,"OK","more spacing to the nearest plot is associated with higher DGR"
"SW",340,"nearest_distance_m",0.00216834855025925,0.00251167732057056,0.0136283803248772,0.0121473418568967,1068.81690738213,668,0.000764797555390511,0.00357189954512798,"OK","more spacing to the nearest plot is associated with higher DGR"
"SW",350,"nearest_distance_m",0.00155416873560107,0.0186765783690492,0.00826504480544172,0.00677818580215162,1074.19425611442,669,0.000259831856407357,0.00284850561479478,"OK","more spacing to the nearest plot is associated with higher DGR"
"SW",360,"nearest_distance_m",0.00155416873560107,0.0186765783690492,0.00826504480544172,0.00677818580215162,1074.19425611442,669,0.000259831856407357,0.00284850561479478,"OK","more spacing to the nearest plot is associated with higher DGR"
"SW",370,"nearest_distance_m",0.00155416873560107,0.0186765783690492,0.00826504480544172,0.00677818580215162,1074.19425611442,669,0.000259831856407357,0.00284850561479478,"OK","more spacing to the nearest plot is associated with higher DGR"
"SW",380,"nearest_distance_m",0.00155416873560107,0.0186765783690492,0.00826504480544172,0.00677818580215162,1074.19425611442,669,0.000259831856407357,0.00284850561479478,"OK","more spacing to the nearest plot is associated with higher DGR"
"SW",390,"nearest_distance_m",0.00155416873560107,0.0186765783690492,0.00826504480544172,0.00677818580215162,1074.19425611442,669,0.000259831856407357,0.00284850561479478,"OK","more spacing to the nearest plot is associated with higher DGR"
"SW",400,"nearest_distance_m",0.00155416873560107,0.0186765783690492,0.00826504480544172,0.00677818580215162,1074.19425611442,669,0.000259831856407357,0.00284850561479478,"OK","more spacing to the nearest plot is associated with higher DGR"
"SW",410,"nearest_distance_m",0.00118077717252713,0.0492191881388227,0.00577778978033421,0.00428943317820896,1076.63461354338,670,0.00000404868452779251,0.00235750566052647,"OK","more spacing to the nearest plot is associated with higher DGR"
"SW",420,"nearest_distance_m",0.00118077717252713,0.0492191881388227,0.00577778978033421,0.00428943317820896,1076.63461354338,670,0.00000404868452779251,0.00235750566052647,"OK","more spacing to the nearest plot is associated with higher DGR"
"SW",430,"nearest_distance_m",0.00118077717252713,0.0492191881388227,0.00577778978033421,0.00428943317820896,1076.63461354338,670,0.00000404868452779251,0.00235750566052647,"OK","more spacing to the nearest plot is associated with higher DGR"
"SW",440,"nearest_distance_m",0.00118077717252713,0.0492191881388227,0.00577778978033421,0.00428943317820896,1076.63461354338,670,0.00000404868452779251,0.00235750566052647,"OK","more spacing to the nearest plot is associated with higher DGR"
"SW",450,"nearest_distance_m",0.00106411302357123,0.0502247624346521,0.00571871907373187,0.00423249892287048,1077.44366972129,671,-0.00000104602153782945,0.0021292720686803,"OK","more spacing to the nearest plot is associated with higher DGR"
"SW",460,"nearest_distance_m",0.00103544649893466,0.0378491480188139,0.00641961281345723,0.00493665701168622,1078.05756066474,672,0.000058275239115472,0.00201261775875386,"OK","more spacing to the nearest plot is associated with higher DGR"
"SW",470,"nearest_distance_m",0.00103544649893466,0.0378491480188139,0.00641961281345723,0.00493665701168622,1078.05756066474,672,0.000058275239115472,0.00201261775875386,"OK","more spacing to the nearest plot is associated with higher DGR"
"SW",480,"nearest_distance_m",0.000973172386595663,0.0348760222533883,0.00661668773850816,0.00513623570831212,1078.76189944049,673,0.0000693173310745913,0.00187702744211673,"OK","more spacing to the nearest plot is associated with higher DGR"
"SW",490,"nearest_distance_m",0.000973172386595663,0.0348760222533883,0.00661668773850816,0.00513623570831212,1078.76189944049,673,0.0000693173310745913,0.00187702744211673,"OK","more spacing to the nearest plot is associated with higher DGR"
"SW",500,"nearest_distance_m",0.000973172386595663,0.0348760222533883,0.00661668773850816,0.00513623570831212,1078.76189944049,673,0.0000693173310745913,0.00187702744211673,"OK","more spacing to the nearest plot is associated with higher DGR"
"SW",10,"neighbour_density_per_ha",NA,NA,NA,NA,NA,683,NA,NA,"Skipped: predictor has insufficient variation",NA
"SW",20,"neighbour_density_per_ha",-0.00712121445344033,0.00000815291220221455,0.0288220819969538,0.0273959763904882,1072.72393672574,683,-0.0102314112800484,-0.00401101762683223,"OK","more nearby plots are associated with lower DGR"
"SW",30,"neighbour_density_per_ha",-0.0148915986494153,0.00000298678920064601,0.0315631208570095,0.0301410402708965,1070.79352168616,683,-0.0210979177012715,-0.00868527959755915,"OK","more nearby plots are associated with lower DGR"
"SW",40,"neighbour_density_per_ha",-0.0184003162989079,0.0000000125495737505066,0.0464960273282689,0.0450958746518052,1060.17989603462,683,-0.0246697122981319,-0.0121309202996838,"OK","more nearby plots are associated with lower DGR"
"SW",50,"neighbour_density_per_ha",-0.0215494524862641,0.0000000162940482950734,0.0457849450704442,0.0443837482203274,1060.68905823047,683,-0.0289513847789616,-0.0141475201935666,"OK","more nearby plots are associated with lower DGR"
"SW",60,"neighbour_density_per_ha",-0.0172538268042117,0.0000426231863708594,0.0243149684438415,0.0228822444621144,1075.88632065934,683,-0.025477209177101,-0.0090304444313223,"OK","more nearby plots are associated with lower DGR"
"SW",70,"neighbour_density_per_ha",-0.0103102678852982,0.0148601559691455,0.00868064542910472,0.00722496355748814,1086.74391464343,683,-0.0186001397523856,-0.00202039601821078,"OK","more nearby plots are associated with lower DGR"
"SW",80,"neighbour_density_per_ha",-0.0052358587363688,0.283609016436395,0.00168808661554199,0.000222136669309259,1091.544741219,683,-0.0148159747608923,0.0043442572881547,"OK","more nearby plots are associated with lower DGR"
"SW",90,"neighbour_density_per_ha",0.00123409768830025,0.823665622931066,0.0000729649387490837,-0.00139535669863888,1092.64884175346,683,-0.00963575522391379,0.0121039506005143,"OK","more nearby plots are associated with higher DGR"
"SW",100,"neighbour_density_per_ha",0.00521470014532208,0.395176300864635,0.00106182355926982,-0.000405046009659182,1091.9730678303,683,-0.00681956434118359,0.0172489646318278,"OK","more nearby plots are associated with higher DGR"
"SW",110,"neighbour_density_per_ha",0.0143521363730015,0.0303183472239574,0.00686996966073068,0.00541162894070246,1087.99029754682,683,0.00136871104960279,0.0273355616964003,"OK","more nearby plots are associated with higher DGR"
"SW",120,"neighbour_density_per_ha",0.0230093080452515,0.000591824697267886,0.0171928837277786,0.0157497014718723,1080.85382110015,683,0.00992018874852825,0.0360984273419747,"OK","more nearby plots are associated with higher DGR"
"SW",130,"neighbour_density_per_ha",0.0277509174478908,0.0000352381172377906,0.0248327033588623,0.0234007396339855,1075.52379916025,683,0.014666572239484,0.0408352626562976,"OK","more nearby plots are associated with higher DGR"
"SW",140,"neighbour_density_per_ha",0.0307228033377825,0.000003175973708302,0.0313954231767337,0.0299730963385203,1070.91178194906,683,0.0178833062516072,0.0435623004239578,"OK","more nearby plots are associated with higher DGR"
"SW",150,"neighbour_density_per_ha",0.0311351908111965,0.00000365717590646552,0.031010226783895,0.0295873343122119,1071.18334461105,683,0.0180401836089929,0.0442301980134001,"OK","more nearby plots are associated with higher DGR"
"SW",160,"neighbour_density_per_ha",0.0343846086296557,0.000000450316764432523,0.0367304068397058,0.0353159140450504,1067.13948335815,683,0.0211359403534671,0.0476332769058444,"OK","more nearby plots are associated with higher DGR"
"SW",170,"neighbour_density_per_ha",0.0366266736117892,0.000000165968306828243,0.0394557139304821,0.0380452230551964,1065.20438349403,683,0.0230295105380064,0.050223836685572,"OK","more nearby plots are associated with higher DGR"
"SW",180,"neighbour_density_per_ha",0.0400015577215313,0.0000000247705259873139,0.0446438325029743,0.0432409600103209,1061.50534616695,683,0.0260787793813685,0.0539243360616941,"OK","more nearby plots are associated with higher DGR"
"SW",190,"neighbour_density_per_ha",0.0407577923931125,0.0000000240861158524496,0.0447201831913126,0.0433174228142073,1061.45075960981,683,0.0265844835307935,0.0549311012554315,"OK","more nearby plots are associated with higher DGR"
"SW",200,"neighbour_density_per_ha",0.0449007305368526,0.00000000309126865498033,0.0503074801082115,0.0489129242787082,1057.44426076093,683,0.0302224319442739,0.0595790291294314,"OK","more nearby plots are associated with higher DGR"
"SW",210,"neighbour_density_per_ha",0.0473458537115262,0.00000000127809558914288,0.0527061392434886,0.0513151056740958,1055.71701055056,683,0.0322436336203074,0.062448073802745,"OK","more nearby plots are associated with higher DGR"
"SW",220,"neighbour_density_per_ha",0.0507738387046101,0.00000000029267899692233,0.056701808710709,0.055316642497362,1052.83003521772,683,0.0351922000714135,0.0663554773378067,"OK","more nearby plots are associated with higher DGR"
"SW",230,"neighbour_density_per_ha",0.0547757966528969,0.0000000000402530533321276,0.0620629761507135,0.0606856824299363,1048.93718094326,683,0.0387541803095006,0.0707974129962932,"OK","more nearby plots are associated with higher DGR"
"SW",240,"neighbour_density_per_ha",0.0591274335862468,0.00000000000384002354058333,0.0683858817223413,0.0670178727380862,1044.31729023931,683,0.0427075180532169,0.0755473491192766,"OK","more nearby plots are associated with higher DGR"
"SW",250,"neighbour_density_per_ha",0.0618653040125322,0.000000000000913291159658015,0.0722352606110582,0.0708729041655531,1041.48932483974,683,0.0451836716720858,0.0785469363529787,"OK","more nearby plots are associated with higher DGR"
"SW",260,"neighbour_density_per_ha",0.0632828598524367,0.00000000000052631423532292,0.0737093240813524,0.0723491321930724,1040.40328873313,683,0.0464039025855812,0.0801618171192923,"OK","more nearby plots are associated with higher DGR"
"SW",270,"neighbour_density_per_ha",0.0639588379558597,0.000000000000614040485163903,0.0732971988169886,0.071936401752109,1040.70710152435,683,0.0468478849670282,0.0810697909446911,"OK","more nearby plots are associated with higher DGR"
"SW",280,"neighbour_density_per_ha",0.0635717673872474,0.000000000000642401441074776,0.0731764650047754,0.0718154906508911,1040.79607915823,683,0.0465492344259478,0.0805943003485469,"OK","more nearby plots are associated with higher DGR"
"SW",290,"neighbour_density_per_ha",0.0641181853590736,0.000000000000447591854040523,0.0741422939924203,0.0727827378896192,1040.08396393439,683,0.0470704215281579,0.0811659491899893,"OK","more nearby plots are associated with higher DGR"
"SW",300,"neighbour_density_per_ha",0.0639484523730879,0.000000000000914810416638208,0.0722308125872543,0.070868449610143,1041.4925993692,683,0.0467045385008822,0.0811923662452935,"OK","more nearby plots are associated with higher DGR"
"SW",310,"neighbour_density_per_ha",0.0649097999359629,0.000000000000951709570975947,0.072124985686391,0.0707624673100128,1041.57050199008,683,0.0473928202993102,0.0824267795726156,"OK","more nearby plots are associated with higher DGR"
"SW",320,"neighbour_density_per_ha",0.0664221173409403,0.000000000000842086766674884,0.0724524662471197,0.0710904287526221,1041.3294041059,683,0.0485407262953868,0.0843035083864937,"OK","more nearby plots are associated with higher DGR"
"SW",330,"neighbour_density_per_ha",0.0684125075448952,0.000000000000436855818429676,0.0742071620621477,0.0728477012134872,1040.03610944933,683,0.0502315567971902,0.0865934582926003,"OK","more nearby plots are associated with higher DGR"
"SW",340,"neighbour_density_per_ha",0.0720826185903292,0.0000000000000694247120037301,0.0791112710275395,0.07775901151363,1036.4085059064,683,0.0535787712285801,0.0905864659520784,"OK","more nearby plots are associated with higher DGR"
"SW",350,"neighbour_density_per_ha",0.0760076750612717,0.00000000000000996264403096306,0.0842648468080952,0.0829201549531878,1032.57549302826,683,0.0571552918892273,0.0948600582333161,"OK","more nearby plots are associated with higher DGR"
"SW",360,"neighbour_density_per_ha",0.0806124495992316,0.000000000000000819367784483674,0.0908610446289665,0.0895260388207858,1027.63792203487,683,0.0614268457143969,0.0997980534840662,"OK","more nearby plots are associated with higher DGR"
"SW",370,"neighbour_density_per_ha",0.0847972023966231,0.0000000000000000904690929155931,0.0966460067135528,0.0953194957101954,1023.27802367106,683,0.0652913184486364,0.10430308634461,"OK","more nearby plots are associated with higher DGR"
"SW",380,"neighbour_density_per_ha",0.0887547518724355,0.00000000000000000842072126892965,0.102843581287396,0.101526170980917,1018.57606791071,683,0.0690312426652239,0.108478261079647,"OK","more nearby plots are associated with higher DGR"
"SW",390,"neighbour_density_per_ha",0.091681878164757,0.00000000000000000169139144370301,0.107012165660114,0.105700876622904,1015.39515300068,683,0.0717551140193744,0.11160864231014,"OK","more nearby plots are associated with higher DGR"
"SW",400,"neighbour_density_per_ha",0.0932874427232358,0.000000000000000000765012535044875,0.109066297456472,0.107758024765512,1013.82224454259,683,0.0732266689085798,0.113348216537892,"OK","more nearby plots are associated with higher DGR"
"SW",410,"neighbour_density_per_ha",0.0941833264233644,0.000000000000000000599941515441997,0.109694727060917,0.108387377174075,1013.34031320878,683,0.0739951214146714,0.114371531432057,"OK","more nearby plots are associated with higher DGR"
"SW",420,"neighbour_density_per_ha",0.0941773916523051,0.00000000000000000106594066847849,0.108207994935506,0.106898461888422,1014.47991236508,683,0.073835288378941,0.114519494925669,"OK","more nearby plots are associated with higher DGR"
"SW",430,"neighbour_density_per_ha",0.0941618652887456,0.00000000000000000239111678597872,0.106114514078458,0.10480190690383,1016.08137521341,683,0.0735993761721415,0.11472435440535,"OK","more nearby plots are associated with higher DGR"
"SW",440,"neighbour_density_per_ha",0.0940729095351048,0.00000000000000000761008949632936,0.10310696131648,0.101789937764815,1018.37552877795,683,0.0731973563195382,0.114948462750671,"OK","more nearby plots are associated with higher DGR"
"SW",450,"neighbour_density_per_ha",0.0949118729214579,0.0000000000000000129370200652061,0.101725512422952,0.100406460311973,1019.4267173347,683,0.0736912945050346,0.116132451337881,"OK","more nearby plots are associated with higher DGR"
"SW",460,"neighbour_density_per_ha",0.0957012287884922,0.0000000000000000278633901070477,0.0997247648344611,0.0984027747681387,1020.94628740756,683,0.0740665356363934,0.117335921940591,"OK","more nearby plots are associated with higher DGR"
"SW",470,"neighbour_density_per_ha",0.0980502109192484,0.0000000000000000196121720682836,0.100641008539549,0.0993203639118535,1020.2508188558,683,0.0759968559968437,0.120103565841653,"OK","more nearby plots are associated with higher DGR"
"SW",480,"neighbour_density_per_ha",0.100968897900858,0.00000000000000000991413828455491,0.102418611614722,0.101100577270544,1018.89951826731,683,0.0784792747848339,0.123458521016882,"OK","more nearby plots are associated with higher DGR"
"SW",490,"neighbour_density_per_ha",0.1033444808746,0.00000000000000000739675854724263,0.103180933018123,0.101864018088634,1018.31919568849,683,0.0804206569707481,0.126268304778452,"OK","more nearby plots are associated with higher DGR"
"SW",500,"neighbour_density_per_ha",0.106662253904478,0.00000000000000000346410395712114,0.105152488620245,0.103838468779746,1016.81604433653,683,0.08325111290619,0.130073394902765,"OK","more nearby plots are associated with higher DGR"
"SW",10,"proximity_pressure",NA,NA,NA,NA,NA,683,NA,NA,"Skipped: predictor has insufficient variation",NA
"SW",20,"proximity_pressure",-3.73237051790071,0.0000062584811078781,0.0295436760005658,0.0281186300035036,1072.21627290678,683,-5.34185786177437,-2.12288317402705,"OK","more nearby plots are associated with lower DGR"
"SW",30,"proximity_pressure",-3.68589291842291,0.00000247008666676472,0.0320818091484202,0.0306604902191226,1070.42761347336,683,-5.20917277451372,-2.1626130623321,"OK","more nearby plots are associated with lower DGR"
"SW",40,"proximity_pressure",-3.13761411209687,0.0000000422796879798372,0.0431864818316965,0.041781469323373,1062.54643651439,683,-4.24879906660129,-2.02642915759245,"OK","more nearby plots are associated with lower DGR"
"SW",50,"proximity_pressure",-2.86751087298904,0.0000000176386275463453,0.0455689690196433,0.0441674550240775,1060.84363025345,683,-3.85490339031216,-1.88011835566591,"OK","more nearby plots are associated with lower DGR"
"SW",60,"proximity_pressure",-2.28799556700019,0.000000612680039439107,0.035889538647432,0.0344738110977219,1067.73543537126,683,-3.18023563633642,-1.39575549766395,"OK","more nearby plots are associated with lower DGR"
"SW",70,"proximity_pressure",-1.67352139180821,0.0000404423587969415,0.0244578558536503,0.0230253416919082,1075.78628914862,683,-2.46875033807649,-0.878292445539921,"OK","more nearby plots are associated with lower DGR"
"SW",80,"proximity_pressure",-1.35199550654807,0.000673855205501844,0.0168440264004627,0.0154003318724164,1081.09621584121,683,-2.12915577038608,-0.574835242710061,"OK","more nearby plots are associated with lower DGR"
"SW",90,"proximity_pressure",-1.07223551433941,0.00639952760128018,0.010865168907105,0.00941269485263674,1085.23715912099,683,-1.84198034088394,-0.302490687794881,"OK","more nearby plots are associated with lower DGR"
"SW",100,"proximity_pressure",-0.909074515189217,0.0192784547415754,0.00801484285404874,0.00655818329876834,1087.20248585442,683,-1.67001667822521,-0.14813235215322,"OK","more nearby plots are associated with lower DGR"
"SW",110,"proximity_pressure",-0.617077885013171,0.111778184471648,0.0037093381023173,0.00224635621994185,1090.16049028588,683,-1.37798542268798,0.143829652661638,"OK","more nearby plots are associated with lower DGR"
"SW",120,"proximity_pressure",-0.254831377467283,0.498415373884166,0.000673261510506174,-0.00079417863411857,1092.23868614814,683,-0.99352074251304,0.483857987578475,"OK","more nearby plots are associated with lower DGR"
"SW",130,"proximity_pressure",0.00891423855218552,0.980354608550883,0.000000891046946456042,-0.00146753642581876,1092.69807003948,683,-0.701613193396415,0.719441670500786,"OK","more nearby plots are associated with higher DGR"
"SW",140,"proximity_pressure",0.233252100377188,0.495537494817514,0.000682324327512018,-0.000785102509011537,1092.23249204581,683,-0.438376225546211,0.904880426300588,"OK","more nearby plots are associated with higher DGR"
"SW",150,"proximity_pressure",0.303695320078614,0.350170555583614,0.00128182093598916,-0.000184725582460299,1091.82263333891,683,-0.334117113527203,0.941507753684431,"OK","more nearby plots are associated with higher DGR"
"SW",160,"proximity_pressure",0.432980029350208,0.158959879298302,0.00291139234013338,0.00144723873123487,1090.70729740182,683,-0.169900779616666,1.03586083831708,"OK","more nearby plots are associated with higher DGR"
"SW",170,"proximity_pressure",0.497176431717165,0.0890282568483595,0.00424058707782572,0.00277838529673591,1089.7961991835,683,-0.0760442283664916,1.07039709180082,"OK","more nearby plots are associated with higher DGR"
"SW",180,"proximity_pressure",0.571466137179309,0.0402780897766866,0.00616187627208676,0.00470249576734683,1088.47709730144,683,0.025407947853722,1.1175243265049,"OK","more nearby plots are associated with higher DGR"
"SW",190,"proximity_pressure",0.590559374923508,0.0262819334061399,0.00722924672002799,0.00577143357277399,1087.7431691543,683,0.0698581293926043,1.11126062045441,"OK","more nearby plots are associated with higher DGR"
"SW",200,"proximity_pressure",0.650102436369902,0.0115638539895695,0.0093266042797027,0.00787187095265374,1086.29871633429,683,0.145984264124583,1.15422060861522,"OK","more nearby plots are associated with higher DGR"
"SW",210,"proximity_pressure",0.678648387253568,0.00645820344286868,0.0108412966633661,0.00938878755420802,1085.25364276428,683,0.190912985296618,1.16638378921052,"OK","more nearby plots are associated with higher DGR"
"SW",220,"proximity_pressure",0.717897556010569,0.00310245150108597,0.0127703761441229,0.0113206997507956,1083.92034030986,683,0.242981553080013,1.19281355894112,"OK","more nearby plots are associated with higher DGR"
"SW",230,"proximity_pressure",0.764633416771305,0.0012593012532141,0.0151684787119369,0.0137223237614404,1082.25923069853,683,0.301068761509057,1.22819807203355,"OK","more nearby plots are associated with higher DGR"
"SW",240,"proximity_pressure",0.815874948417641,0.000437073135102133,0.0180087193744576,0.0165667351150955,1080.28662216555,683,0.362577699686117,1.26917219714916,"OK","more nearby plots are associated with higher DGR"
"SW",250,"proximity_pressure",0.847988758043514,0.000177187023222545,0.0204474739171306,0.0190090707951293,1078.58829638237,683,0.406386574437422,1.28959094164961,"OK","more nearby plots are associated with higher DGR"
"SW",260,"proximity_pressure",0.862612152270442,0.0000885177673691769,0.0223289200142315,0.0208932796618294,1077.27518317839,683,0.433149717581855,1.29207458695903,"OK","more nearby plots are associated with higher DGR"
"SW",270,"proximity_pressure",0.86547954492173,0.000054758041342694,0.0236336588578283,0.0221999344214961,1076.36308522881,683,0.446931988340832,1.28402710150263,"OK","more nearby plots are associated with higher DGR"
"SW",280,"proximity_pressure",0.865294805068538,0.0000297604211848495,0.0252926165352088,0.0238613281600769,1075.20160337149,683,0.461136573223285,1.26945303691379,"OK","more nearby plots are associated with higher DGR"
"SW",290,"proximity_pressure",0.865264352401852,0.0000161264132144713,0.0269618930568301,0.0255330558953865,1074.03089996181,683,0.474166321173827,1.25636238362988,"OK","more nearby plots are associated with higher DGR"
"SW",300,"proximity_pressure",0.849901022669053,0.0000133433416923665,0.0274783615831649,0.0260502828189699,1073.66828142736,683,0.469475491439707,1.2303265538984,"OK","more nearby plots are associated with higher DGR"
"SW",310,"proximity_pressure",0.842622320138829,0.00000967159270665692,0.028356067682191,0.0269292777668931,1073.05159186615,683,0.471505521935177,1.21373911834248,"OK","more nearby plots are associated with higher DGR"
"SW",320,"proximity_pressure",0.839412927039947,0.00000691681502826317,0.0292707256353931,0.0278452788301586,1072.40834634973,683,0.475703082321839,1.20312277175805,"OK","more nearby plots are associated with higher DGR"
"SW",330,"proximity_pressure",0.843035610404178,0.00000408559511891167,0.0307077870274147,0.0292844504444888,1071.39648837117,683,0.486669738528468,1.19940148227989,"OK","more nearby plots are associated with higher DGR"
"SW",340,"proximity_pressure",0.861636305391899,0.00000166829392827675,0.0331536010746777,0.0317338559954922,1069.67089716339,683,0.511542470845703,1.21173013993809,"OK","more nearby plots are associated with higher DGR"
"SW",350,"proximity_pressure",0.882541909866514,0.00000064361416021899,0.0357550106043057,0.0343390855097452,1067.83073175821,683,0.537709829388803,1.22737399034423,"OK","more nearby plots are associated with higher DGR"
"SW",360,"proximity_pressure",0.90888193530456,0.000000204301746208757,0.0388884605976555,0.0374771367512496,1065.60761286782,683,0.568919387128429,1.24884448348069,"OK","more nearby plots are associated with higher DGR"
"SW",370,"proximity_pressure",0.930784826347605,0.0000000698108892248681,0.0418188398264435,0.0404118190332371,1063.52200021591,683,0.595561521817493,1.26600813087772,"OK","more nearby plots are associated with higher DGR"
"SW",380,"proximity_pressure",0.953043875559516,0.0000000211521110880754,0.0450741142091324,0.0436718735545203,1061.19766133081,683,0.622992754701374,1.28309499641766,"OK","more nearby plots are associated with higher DGR"
"SW",390,"proximity_pressure",0.966849987343068,0.00000000794363048611214,0.047740864330966,0.046342539608985,1059.28763005461,683,0.64195828817683,1.29174168650931,"OK","more nearby plots are associated with higher DGR"
"SW",400,"proximity_pressure",0.971046090333919,0.00000000374171774509725,0.0497884353884005,0.0483931173786918,1057.81744544466,683,0.65186816686197,1.29022401380587,"OK","more nearby plots are associated with higher DGR"
"SW",410,"proximity_pressure",0.968370663492703,0.00000000215440461656326,0.0512884727898331,0.0498953574782175,1056.73838567369,683,0.65500896421028,1.28173236277513,"OK","more nearby plots are associated with higher DGR"
"SW",420,"proximity_pressure",0.958048119757658,0.0000000016620527523966,0.0519930771031846,0.0506009964528221,1056.23093580085,683,0.650248980380031,1.26584725913529,"OK","more nearby plots are associated with higher DGR"
"SW",430,"proximity_pressure",0.945645672194841,0.00000000147667193157322,0.0523141423613257,0.050922533172429,1055.99958230765,683,0.6428161797705,1.24847516461918,"OK","more nearby plots are associated with higher DGR"
"SW",440,"proximity_pressure",0.930025109784166,0.00000000160280268452294,0.0520916315925047,0.050699695662391,1056.15992765341,683,0.631527431788139,1.22852278778019,"OK","more nearby plots are associated with higher DGR"
"SW",450,"proximity_pressure",0.92056877271171,0.00000000145874988582805,0.0523472901053647,0.0509557295915694,1055.97569221269,683,0.625868304723985,1.21526924069943,"OK","more nearby plots are associated with higher DGR"
"SW",460,"proximity_pressure",0.911256994988272,0.00000000145135382516505,0.0523610881814012,0.0509695479290978,1055.96574747825,683,0.619578056781324,1.20293593319522,"OK","more nearby plots are associated with higher DGR"
"SW",470,"proximity_pressure",0.910436848356762,0.00000000103627955775186,0.053275257718497,0.0518850598590529,1055.3065521427,683,0.621670889484772,1.19920280722875,"OK","more nearby plots are associated with higher DGR"
"SW",480,"proximity_pressure",0.913775900699251,0.000000000654349554511659,0.0545221207660028,0.0531337538361438,1054.40642910617,683,0.627472767715511,1.20007903368299,"OK","more nearby plots are associated with higher DGR"
"SW",490,"proximity_pressure",0.914707566113088,0.000000000461686590225548,0.0554673216725226,0.0540803427028786,1053.7232876598,683,0.630706969813773,1.1987081624124,"OK","more nearby plots are associated with higher DGR"
"SW",500,"proximity_pressure",0.919671979423499,0.000000000287245197825927,0.05675254253671,0.0553674508223733,1052.79330013719,683,0.637573854675674,1.20177010417132,"OK","more nearby plots are associated with higher DGR"
